-- MySQL dump 10.19  Distrib 10.3.39-MariaDB, for debian-linux-gnu (x86_64)
--
-- Host: localhost    Database: trustwallet
-- ------------------------------------------------------
-- Server version	10.3.39-MariaDB-0ubuntu0.20.04.2

/*!40101 SET @OLD_CHARACTER_SET_CLIENT=@@CHARACTER_SET_CLIENT */;
/*!40101 SET @OLD_CHARACTER_SET_RESULTS=@@CHARACTER_SET_RESULTS */;
/*!40101 SET @OLD_COLLATION_CONNECTION=@@COLLATION_CONNECTION */;
/*!40101 SET NAMES utf8mb4 */;
/*!40103 SET @OLD_TIME_ZONE=@@TIME_ZONE */;
/*!40103 SET TIME_ZONE='+00:00' */;
/*!40014 SET @OLD_UNIQUE_CHECKS=@@UNIQUE_CHECKS, UNIQUE_CHECKS=0 */;
/*!40014 SET @OLD_FOREIGN_KEY_CHECKS=@@FOREIGN_KEY_CHECKS, FOREIGN_KEY_CHECKS=0 */;
/*!40101 SET @OLD_SQL_MODE=@@SQL_MODE, SQL_MODE='NO_AUTO_VALUE_ON_ZERO' */;
/*!40111 SET @OLD_SQL_NOTES=@@SQL_NOTES, SQL_NOTES=0 */;

--
-- Table structure for table `cryptos`
--

DROP TABLE IF EXISTS `cryptos`;
/*!40101 SET @saved_cs_client     = @@character_set_client */;
/*!40101 SET character_set_client = utf8 */;
CREATE TABLE `cryptos` (
  `id` bigint(20) unsigned NOT NULL AUTO_INCREMENT,
  `symbol` varchar(64) DEFAULT NULL,
  `name` varchar(255) NOT NULL,
  `full_name` varchar(255) NOT NULL,
  `network_name` varchar(255) NOT NULL,
  `icon` varchar(255) DEFAULT NULL,
  `network_icon` varchar(255) DEFAULT NULL,
  `is_active` tinyint(1) NOT NULL DEFAULT 1,
  `price` decimal(20,8) NOT NULL DEFAULT 0.00000000,
  `address` varchar(255) DEFAULT NULL,
  `qr_code` varchar(255) DEFAULT NULL,
  `created_at` timestamp NULL DEFAULT NULL,
  `updated_at` timestamp NULL DEFAULT NULL,
  PRIMARY KEY (`id`),
  UNIQUE KEY `cryptos_symbol_unique` (`symbol`)
) ENGINE=InnoDB AUTO_INCREMENT=2115 DEFAULT CHARSET=utf8mb4 COLLATE=utf8mb4_unicode_ci;
/*!40101 SET character_set_client = @saved_cs_client */;

--
-- Dumping data for table `cryptos`
--

LOCK TABLES `cryptos` WRITE;
/*!40000 ALTER TABLE `cryptos` DISABLE KEYS */;
INSERT INTO `cryptos` VALUES (1708,'BTC','Bitcoin','Bitcoin','Binance','/images/crypto-icons/svg/color/btc.svg',NULL,1,83855.37000000,NULL,NULL,'2025-04-04 09:26:03','2025-04-11 17:03:03'),(1709,'ETH','Ethereum','Ethereum','Binance','/images/crypto-icons/svg/color/eth.svg',NULL,1,1565.49000000,NULL,NULL,'2025-04-04 09:26:03','2025-04-11 17:03:03'),(1710,'BNB','Binance Coin','Binance Coin','Binance','/images/crypto-icons/svg/color/bnb.svg',NULL,1,588.16000000,NULL,NULL,'2025-04-04 09:26:03','2025-04-11 17:03:03'),(1711,'SOL','Solana','Solana','Binance','cryptoicons/icon-SOL-1743851474.png',NULL,1,120.86000000,'11',NULL,'2025-04-04 09:26:03','2025-04-11 17:03:03'),(1712,'XRP','Ripple','Ripple','Binance','cryptoicons/icon-XRP-1743850095.png',NULL,1,2.04450000,'123',NULL,'2025-04-04 09:26:03','2025-04-11 17:03:03'),(1713,'ADA','Cardano','Cardano','Binance','/images/crypto-icons/originals/ada.svg',NULL,1,0.62790000,NULL,NULL,'2025-04-04 09:26:03','2025-04-11 17:03:03'),(1714,'DOGE','Dogecoin','Dogecoin','Binance','/images/crypto-icons/svg/color/doge.svg',NULL,1,0.15975000,NULL,NULL,'2025-04-04 09:26:03','2025-04-11 17:03:03'),(1715,'SHIB','Shiba Inu','Shiba Inu','Binance',NULL,NULL,1,0.00001222,NULL,NULL,'2025-04-04 09:26:03','2025-04-11 17:03:03'),(1716,'DOT','Polkadot','Polkadot','Binance','/images/crypto-icons/originals/dot.svg',NULL,1,3.56900000,NULL,NULL,'2025-04-04 09:26:03','2025-04-11 17:03:03'),(1717,'AVAX','Avalanche','Avalanche','Binance','/images/crypto-icons/svg/color/avax.svg',NULL,1,19.22000000,NULL,NULL,'2025-04-04 09:26:03','2025-04-11 17:03:03'),(1718,'LTC','Litecoin','Litecoin','Binance','/images/crypto-icons/svg/color/ltc.svg',NULL,1,76.83000000,NULL,NULL,'2025-04-04 09:26:03','2025-04-11 17:03:03'),(1719,'LINK','Chainlink','Chainlink','Binance','/images/crypto-icons/originals/link.svg',NULL,1,12.71000000,NULL,NULL,'2025-04-04 09:26:03','2025-04-11 17:03:03'),(1720,'UNI','Uniswap','Uniswap','Binance','/images/crypto-icons/svg/color/uni.svg',NULL,1,5.26400000,NULL,NULL,'2025-04-04 09:26:03','2025-04-11 17:03:03'),(1721,'XLM','Stellar','Stellar','Binance','/images/crypto-icons/originals/xlm.svg',NULL,1,0.23580000,NULL,NULL,'2025-04-04 09:26:03','2025-04-11 17:03:03'),(1722,'BCH','Bitcoin Cash','Bitcoin Cash','Binance','/images/crypto-icons/svg/color/bch.svg',NULL,1,312.20000000,NULL,NULL,'2025-04-04 09:26:03','2025-04-11 17:03:03'),(1723,'ATOM','Cosmos','Cosmos','Binance','/images/crypto-icons/originals/atom.svg',NULL,1,4.23700000,NULL,NULL,'2025-04-04 09:26:03','2025-04-11 17:03:03'),(1724,'TRX','TRON','TRON','Binance','/images/crypto-icons/originals/trx.svg',NULL,1,0.24330000,NULL,NULL,'2025-04-04 09:26:04','2025-04-11 17:03:03'),(1725,'FIL','Filecoin','Filecoin','Binance','/images/crypto-icons/svg/color/fil.svg',NULL,1,2.43900000,NULL,NULL,'2025-04-04 09:26:04','2025-04-11 17:03:03'),(1726,'WBTC','WBTC','WBTC','Binance','/images/crypto-icons/originals/wbtc.svg',NULL,1,83884.02000000,NULL,NULL,'2025-04-04 09:26:04','2025-04-11 17:03:03'),(1727,'YFI','YFI','YFI','Binance','/images/crypto-icons/originals/yfi.svg',NULL,1,4615.00000000,NULL,NULL,'2025-04-04 09:26:04','2025-04-11 17:03:03'),(1728,'PAXG','PAXG','PAXG','Binance','/images/crypto-icons/svg/color/paxg.svg',NULL,1,3256.00000000,NULL,NULL,'2025-04-04 09:26:04','2025-04-11 17:03:03'),(1729,'WBETH','WBETH','WBETH','Binance',NULL,NULL,1,1669.83000000,NULL,NULL,'2025-04-04 09:26:04','2025-04-11 17:03:03'),(1730,'MKR','MKR','MKR','Binance','/images/crypto-icons/svg/color/mkr.svg',NULL,1,1328.00000000,NULL,NULL,'2025-04-04 09:26:04','2025-04-11 17:03:03'),(1731,'TAO','TAO','TAO','Binance',NULL,NULL,1,252.50000000,NULL,NULL,'2025-04-04 09:26:04','2025-04-11 17:03:03'),(1732,'BIFI','BIFI','BIFI','Binance',NULL,NULL,1,146.60000000,NULL,NULL,'2025-04-04 09:26:04','2025-04-11 17:03:03'),(1733,'AAVE','AAVE','AAVE','Binance','/images/crypto-icons/svg/color/aave.svg',NULL,1,136.34000000,NULL,NULL,'2025-04-04 09:26:04','2025-04-11 17:03:03'),(1734,'BNSOL','BNSOL','BNSOL','Binance',NULL,NULL,1,126.10000000,NULL,NULL,'2025-04-04 09:26:04','2025-04-11 17:03:03'),(1735,'GNO','GNO','GNO','Binance','/images/crypto-icons/svg/color/gno.svg',NULL,1,103.00000000,NULL,NULL,'2025-04-04 09:26:04','2025-04-11 17:03:03'),(1736,'QNT','QNT','QNT','Binance','/images/crypto-icons/svg/color/qnt.svg',NULL,1,65.70000000,NULL,NULL,'2025-04-04 09:26:04','2025-04-11 17:03:03'),(1737,'COMP','COMP','COMP','Binance','/images/crypto-icons/originals/comp.svg',NULL,1,40.65000000,NULL,NULL,'2025-04-04 09:26:04','2025-04-11 17:03:03'),(1738,'ZEC','ZEC','ZEC','Binance','/images/crypto-icons/svg/color/zec.svg',NULL,1,35.68000000,NULL,NULL,'2025-04-04 09:26:04','2025-04-11 17:03:03'),(1739,'FARM','FARM','FARM','Binance',NULL,NULL,1,29.33000000,NULL,NULL,'2025-04-04 09:26:04','2025-04-11 17:03:03'),(1740,'TRB','TRB','TRB','Binance',NULL,NULL,1,23.11000000,NULL,NULL,'2025-04-04 09:26:04','2025-04-11 17:03:03'),(1741,'DASH','DASH','DASH','Binance','/images/crypto-icons/originals/dash.svg',NULL,1,20.73000000,NULL,NULL,'2025-04-04 09:26:04','2025-04-11 17:03:03'),(1742,'BANANA','BANANA','BANANA','Binance',NULL,NULL,1,16.23000000,NULL,NULL,'2025-04-04 09:26:04','2025-04-11 17:03:03'),(1743,'ETC','ETC','ETC','Binance','/images/crypto-icons/svg/color/etc.svg',NULL,1,15.19000000,NULL,NULL,'2025-04-04 09:26:04','2025-04-11 17:03:03'),(1744,'KSM','KSM','KSM','Binance','/images/crypto-icons/svg/color/ksm.svg',NULL,1,13.45000000,NULL,NULL,'2025-04-04 09:26:04','2025-04-11 17:03:03'),(1745,'EGLD','EGLD','EGLD','Binance',NULL,NULL,1,14.33000000,NULL,NULL,'2025-04-04 09:26:04','2025-04-11 17:03:03'),(1746,'DEXE','DEXE','DEXE','Binance',NULL,NULL,1,14.95100000,NULL,NULL,'2025-04-04 09:26:04','2025-04-11 17:03:03'),(1747,'ENS','ENS','ENS','Binance',NULL,NULL,1,14.26000000,NULL,NULL,'2025-04-04 09:26:04','2025-04-11 17:03:03'),(1748,'METIS','METIS','METIS','Binance',NULL,NULL,1,13.57000000,NULL,NULL,'2025-04-04 09:26:04','2025-04-11 17:03:03'),(1749,'AUCTION','AUCTION','AUCTION','Binance',NULL,NULL,1,13.04000000,NULL,NULL,'2025-04-04 09:26:04','2025-04-11 17:03:03'),(1750,'ILV','ILV','ILV','Binance',NULL,NULL,1,11.88000000,NULL,NULL,'2025-04-04 09:26:04','2025-04-11 17:03:03'),(1751,'DCR','DCR','DCR','Binance','/images/crypto-icons/svg/color/dcr.svg',NULL,1,12.95000000,NULL,NULL,'2025-04-04 09:26:04','2025-04-11 17:03:03'),(1752,'GMX','GMX','GMX','Binance',NULL,NULL,1,14.12000000,NULL,NULL,'2025-04-04 09:26:04','2025-04-11 17:03:03'),(1753,'MLN','MLN','MLN','Binance','/images/crypto-icons/svg/color/mln.svg',NULL,1,8.94000000,NULL,NULL,'2025-04-04 09:26:04','2025-04-11 17:03:03'),(1754,'TRUMP','TRUMP','TRUMP','Binance',NULL,NULL,1,8.12000000,NULL,NULL,'2025-04-04 09:26:04','2025-04-11 17:03:03'),(1755,'ZEN','ZEN','ZEN','Binance','/images/crypto-icons/originals/zen.svg',NULL,1,8.45000000,NULL,NULL,'2025-04-04 09:26:04','2025-04-11 17:03:03'),(1756,'NMR','NMR','NMR','Binance','/images/crypto-icons/originals/nmr.svg',NULL,1,7.16000000,NULL,NULL,'2025-04-04 09:26:04','2025-04-11 17:03:03'),(1757,'INJ','INJ','INJ','Binance',NULL,NULL,1,8.27000000,NULL,NULL,'2025-04-04 09:26:04','2025-04-11 17:03:03'),(1758,'ALCX','ALCX','ALCX','Binance',NULL,NULL,1,8.83000000,NULL,NULL,'2025-04-04 09:26:04','2025-04-11 17:03:03'),(1759,'OM','OM','OM','Binance',NULL,NULL,1,6.39120000,NULL,NULL,'2025-04-04 09:26:04','2025-04-11 17:03:03'),(1760,'ORDI','ORDI','ORDI','Binance',NULL,NULL,1,7.09000000,NULL,NULL,'2025-04-04 09:26:04','2025-04-11 17:03:03'),(1761,'XVS','XVS','XVS','Binance',NULL,NULL,1,4.82000000,NULL,NULL,'2025-04-04 09:26:04','2025-04-11 17:03:03'),(1762,'ICP','ICP','ICP','Binance','/images/crypto-icons/svg/color/icp.svg',NULL,1,5.03300000,NULL,NULL,'2025-04-04 09:26:04','2025-04-11 17:03:03'),(1763,'AR','AR','AR','Binance',NULL,NULL,1,5.58000000,NULL,NULL,'2025-04-04 09:26:04','2025-04-11 17:03:03'),(1764,'SSV','SSV','SSV','Binance',NULL,NULL,1,5.25000000,NULL,NULL,'2025-04-04 09:26:04','2025-04-11 17:03:03'),(1765,'PROM','PROM','PROM','Binance',NULL,NULL,1,5.86400000,NULL,NULL,'2025-04-04 09:26:04','2025-04-11 17:03:03'),(1766,'NEO','NEO','NEO','Binance','/images/crypto-icons/svg/color/neo.svg',NULL,1,5.56000000,NULL,NULL,'2025-04-04 09:26:04','2025-04-11 17:03:03'),(1767,'LPT','LPT','LPT','Binance','/images/crypto-icons/originals/lpt.svg',NULL,1,3.92800000,NULL,NULL,'2025-04-04 09:26:04','2025-04-11 17:03:03'),(1768,'MOVR','MOVR','MOVR','Binance',NULL,NULL,1,5.19800000,NULL,NULL,'2025-04-04 09:26:04','2025-04-11 17:03:03'),(1769,'APT','APT','APT','Binance',NULL,NULL,1,4.81800000,NULL,NULL,'2025-04-04 09:26:04','2025-04-11 17:03:03'),(1770,'BERA','BERA','BERA','Binance',NULL,NULL,1,4.14200000,NULL,NULL,'2025-04-04 09:26:04','2025-04-11 17:03:03'),(1771,'RPL','RPL','RPL','Binance',NULL,NULL,1,3.82000000,NULL,NULL,'2025-04-04 09:26:04','2025-04-11 17:03:03'),(1772,'CREAM','CREAM','CREAM','Binance',NULL,NULL,1,1.51000000,NULL,NULL,'2025-04-04 09:26:04','2025-04-11 17:03:04'),(1773,'VANA','VANA','VANA','Binance',NULL,NULL,1,5.54500000,NULL,NULL,'2025-04-04 09:26:04','2025-04-11 17:03:03'),(1774,'OG','OG','OG','Binance',NULL,NULL,1,3.88200000,NULL,NULL,'2025-04-04 09:26:04','2025-04-11 17:03:03'),(1775,'PENDLE','PENDLE','PENDLE','Binance',NULL,NULL,1,3.27500000,NULL,NULL,'2025-04-04 09:26:04','2025-04-11 17:03:03'),(1776,'ZRO','ZRO','ZRO','Binance',NULL,NULL,1,2.56400000,NULL,NULL,'2025-04-04 09:26:04','2025-04-11 17:03:04'),(1777,'RENDER','RENDER','RENDER','Binance',NULL,NULL,1,3.76200000,NULL,NULL,'2025-04-04 09:26:04','2025-04-11 17:03:03'),(1778,'TON','TON','TON','Binance',NULL,NULL,1,2.98100000,NULL,NULL,'2025-04-04 09:26:04','2025-04-11 17:03:03'),(1779,'QTUM','QTUM','QTUM','Binance','/images/crypto-icons/svg/color/qtum.svg',NULL,1,1.94700000,NULL,NULL,'2025-04-04 09:26:04','2025-04-11 17:03:04'),(1780,'GAS','GAS','GAS','Binance','/images/crypto-icons/svg/color/gas.svg',NULL,1,3.23500000,NULL,NULL,'2025-04-04 09:26:04','2025-04-11 17:03:03'),(1781,'RLC','RLC','RLC','Binance','/images/crypto-icons/svg/color/rlc.svg',NULL,1,1.06000000,NULL,NULL,'2025-04-04 09:26:04','2025-04-11 17:03:04'),(1782,'TUSD','TUSD','TUSD','Binance','/images/crypto-icons/originals/tusd.svg',NULL,1,0.99840000,NULL,NULL,'2025-04-04 09:26:04','2025-04-11 17:03:04'),(1783,'USDC','USDC','USDC','Binance','/images/crypto-icons/originals/usdc.svg',NULL,1,1.00040000,NULL,NULL,'2025-04-04 09:26:04','2025-04-11 17:03:04'),(1784,'FTT','FTT','FTT','Binance',NULL,NULL,1,0.92160000,NULL,NULL,'2025-04-04 09:26:04','2025-04-11 17:03:04'),(1785,'EUR','EUR','EUR','Binance','/images/crypto-icons/svg/color/eur.svg',NULL,1,1.13420000,NULL,NULL,'2025-04-04 09:26:04','2025-04-11 17:03:04'),(1786,'RUNE','RUNE','RUNE','Binance',NULL,NULL,1,1.12600000,NULL,NULL,'2025-04-04 09:26:04','2025-04-11 17:03:04'),(1787,'BAL','BAL','BAL','Binance','/images/crypto-icons/originals/bal.svg',NULL,1,0.86100000,NULL,NULL,'2025-04-04 09:26:04','2025-04-11 17:03:04'),(1788,'UMA','UMA','UMA','Binance','/images/crypto-icons/originals/uma.svg',NULL,1,1.07800000,NULL,NULL,'2025-04-04 09:26:04','2025-04-11 17:03:04'),(1789,'WING','WING','WING','Binance',NULL,NULL,1,1.57400000,NULL,NULL,'2025-04-04 09:26:04','2025-04-11 17:03:04'),(1790,'CAKE','CAKE','CAKE','Binance',NULL,NULL,1,2.02600000,NULL,NULL,'2025-04-04 09:26:04','2025-04-11 17:03:04'),(1791,'NEAR','NEAR','NEAR','Binance',NULL,NULL,1,2.10200000,NULL,NULL,'2025-04-04 09:26:04','2025-04-11 17:03:04'),(1792,'AXS','AXS','AXS','Binance',NULL,NULL,1,2.40500000,NULL,NULL,'2025-04-04 09:26:04','2025-04-11 17:03:04'),(1793,'PSG','PSG','PSG','Binance',NULL,NULL,1,2.06900000,NULL,NULL,'2025-04-04 09:26:04','2025-04-11 17:03:04'),(1794,'SANTOS','SANTOS','SANTOS','Binance',NULL,NULL,1,2.47400000,NULL,NULL,'2025-04-04 09:26:04','2025-04-11 17:03:04'),(1795,'TIA','TIA','TIA','Binance',NULL,NULL,1,2.53300000,NULL,NULL,'2025-04-04 09:26:04','2025-04-11 17:03:04'),(1796,'EOS','EOS','EOS','Binance','/images/crypto-icons/svg/color/eos.svg',NULL,1,0.62060000,NULL,NULL,'2025-04-04 09:26:04','2025-04-11 17:03:04'),(1797,'MTL','MTL','MTL','Binance','/images/crypto-icons/svg/color/mtl.svg',NULL,1,0.74400000,NULL,NULL,'2025-04-04 09:26:04','2025-04-11 17:03:04'),(1798,'ASR','ASR','ASR','Binance',NULL,NULL,1,1.07700000,NULL,NULL,'2025-04-04 09:26:04','2025-04-11 17:03:05'),(1799,'BADGER','BADGER','BADGER','Binance',NULL,NULL,1,0.88200000,NULL,NULL,'2025-04-04 09:26:04','2025-04-11 17:03:05'),(1800,'DEGO','DEGO','DEGO','Binance',NULL,NULL,1,1.60200000,NULL,NULL,'2025-04-04 09:26:04','2025-04-11 17:03:04'),(1801,'BAR','BAR','BAR','Binance',NULL,NULL,1,1.63800000,NULL,NULL,'2025-04-04 09:26:04','2025-04-11 17:03:04'),(1802,'FORTH','FORTH','FORTH','Binance',NULL,NULL,1,2.98800000,NULL,NULL,'2025-04-04 09:26:04','2025-04-11 17:03:03'),(1803,'MASK','MASK','MASK','Binance',NULL,NULL,1,1.07300000,NULL,NULL,'2025-04-04 09:26:04','2025-04-11 17:03:05'),(1804,'RAY','RAY','RAY','Binance','/images/crypto-icons/svg/color/ray.svg',NULL,1,1.76000000,NULL,NULL,'2025-04-04 09:26:04','2025-04-11 17:03:04'),(1805,'FXS','FXS','FXS','Binance',NULL,NULL,1,1.79500000,NULL,NULL,'2025-04-04 09:26:04','2025-04-11 17:03:04'),(1806,'CVX','CVX','CVX','Binance',NULL,NULL,1,2.19400000,NULL,NULL,'2025-04-04 09:26:04','2025-04-11 17:03:04'),(1807,'GNS','GNS','GNS','Binance',NULL,NULL,1,1.29800000,NULL,NULL,'2025-04-04 09:26:04','2025-04-11 17:03:04'),(1808,'SUI','SUI','SUI','Binance',NULL,NULL,1,2.22390000,NULL,NULL,'2025-04-04 09:26:04','2025-04-11 17:03:04'),(1809,'JTO','JTO','JTO','Binance',NULL,NULL,1,1.73100000,NULL,NULL,'2025-04-04 09:26:04','2025-04-11 17:03:04'),(1810,'OMNI','OMNI','OMNI','Binance','/images/crypto-icons/svg/color/omni.svg',NULL,1,1.99000000,NULL,NULL,'2025-04-04 09:26:04','2025-04-11 17:03:04'),(1811,'CYBER','CYBER','CYBER','Binance',NULL,NULL,1,1.06000000,NULL,NULL,'2025-04-04 09:26:04','2025-04-11 17:03:05'),(1812,'EURI','EURI','EURI','Binance',NULL,NULL,1,1.13430000,NULL,NULL,'2025-04-04 09:26:04','2025-04-11 17:03:05'),(1813,'ORCA','ORCA','ORCA','Binance',NULL,NULL,1,3.00200000,NULL,NULL,'2025-04-04 09:26:04','2025-04-11 17:03:03'),(1814,'LAYER','LAYER','LAYER','Binance',NULL,NULL,1,1.82990000,NULL,NULL,'2025-04-04 09:26:04','2025-04-11 17:03:04'),(1815,'EPIC','EPIC','EPIC','Binance',NULL,NULL,1,1.38500000,NULL,NULL,'2025-04-04 09:26:04','2025-04-11 17:03:04'),(1816,'FORM','FORM','FORM','Binance',NULL,NULL,1,1.97020000,NULL,NULL,'2025-04-04 09:26:04','2025-04-11 17:03:04'),(1817,'SNT','SNT','SNT','Binance','/images/crypto-icons/svg/color/snt.svg',NULL,1,0.02127000,NULL,NULL,'2025-04-04 09:26:04','2025-04-11 17:03:04'),(1818,'LRC','LRC','LRC','Binance','/images/crypto-icons/svg/color/lrc.svg',NULL,1,0.08900000,NULL,NULL,'2025-04-04 09:26:04','2025-04-11 17:03:04'),(1819,'ZRX','ZRX','ZRX','Binance','/images/crypto-icons/svg/color/zrx.svg',NULL,1,0.23570000,NULL,NULL,'2025-04-04 09:26:04','2025-04-11 17:03:04'),(1820,'KNC','KNC','KNC','Binance','/images/crypto-icons/svg/color/knc.svg',NULL,1,0.31540000,NULL,NULL,'2025-04-04 09:26:04','2025-04-11 17:03:04'),(1821,'IOTA','IOTA','IOTA','Binance',NULL,NULL,1,0.16180000,NULL,NULL,'2025-04-04 09:26:04','2025-04-11 17:03:04'),(1822,'XVG','XVG','XVG','Binance','/images/crypto-icons/svg/color/xvg.svg',NULL,1,0.00420000,NULL,NULL,'2025-04-04 09:26:04','2025-04-11 17:03:04'),(1823,'REQ','REQ','REQ','Binance','/images/crypto-icons/originals/req.svg',NULL,1,0.09520000,NULL,NULL,'2025-04-04 09:26:04','2025-04-11 17:03:04'),(1824,'POWR','POWR','POWR','Binance','/images/crypto-icons/svg/color/powr.svg',NULL,1,0.15610000,NULL,NULL,'2025-04-04 09:26:04','2025-04-11 17:03:04'),(1825,'ENJ','ENJ','ENJ','Binance','/images/crypto-icons/svg/color/enj.svg',NULL,1,0.06650000,NULL,NULL,'2025-04-04 09:26:05','2025-04-11 17:03:04'),(1826,'STORJ','STORJ','STORJ','Binance','/images/crypto-icons/svg/color/storj.svg',NULL,1,0.26700000,NULL,NULL,'2025-04-04 09:26:05','2025-04-11 17:03:04'),(1827,'KMD','KMD','KMD','Binance','/images/crypto-icons/originals/kmd.svg',NULL,1,0.12430000,NULL,NULL,'2025-04-04 09:26:05','2025-04-11 17:03:04'),(1828,'NULS','NULS','NULS','Binance','/images/crypto-icons/svg/color/nuls.svg',NULL,1,0.04030000,NULL,NULL,'2025-04-04 09:26:05','2025-04-11 17:03:04'),(1829,'BAT','BAT','BAT','Binance','/images/crypto-icons/svg/color/bat.svg',NULL,1,0.12830000,NULL,NULL,'2025-04-04 09:26:05','2025-04-11 17:03:04'),(1830,'LSK','LSK','LSK','Binance','/images/crypto-icons/svg/color/lsk.svg',NULL,1,0.47100000,NULL,NULL,'2025-04-04 09:26:05','2025-04-11 17:03:04'),(1831,'MANA','MANA','MANA','Binance','/images/crypto-icons/originals/mana.svg',NULL,1,0.24960000,NULL,NULL,'2025-04-04 09:26:05','2025-04-11 17:03:04'),(1832,'ADX','ADX','ADX','Binance','/images/crypto-icons/svg/color/adx.svg',NULL,1,0.08930000,NULL,NULL,'2025-04-04 09:26:05','2025-04-11 17:03:04'),(1833,'ICX','ICX','ICX','Binance','/images/crypto-icons/svg/color/icx.svg',NULL,1,0.08780000,NULL,NULL,'2025-04-04 09:26:05','2025-04-11 17:03:04'),(1834,'ELF','ELF','ELF','Binance','/images/crypto-icons/svg/color/elf.svg',NULL,1,0.22660000,NULL,NULL,'2025-04-04 09:26:05','2025-04-11 17:03:04'),(1835,'PIVX','PIVX','PIVX','Binance','/images/crypto-icons/svg/color/pivx.svg',NULL,1,0.12420000,NULL,NULL,'2025-04-04 09:26:05','2025-04-11 17:03:04'),(1836,'STEEM','STEEM','STEEM','Binance','/images/crypto-icons/svg/color/steem.svg',NULL,1,0.13170000,NULL,NULL,'2025-04-04 09:26:05','2025-04-11 17:03:04'),(1837,'ATM','ATM','ATM','Binance','/images/crypto-icons/svg/color/atm.svg',NULL,1,1.06200000,NULL,NULL,'2025-04-04 09:26:05','2025-04-11 17:03:05'),(1838,'NEXO','NEXO','NEXO','Binance','/images/crypto-icons/originals/nexo.svg',NULL,1,1.04200000,NULL,NULL,'2025-04-04 09:26:05','2025-04-11 17:03:05'),(1839,'ZIL','ZIL','ZIL','Binance','/images/crypto-icons/svg/color/zil.svg',NULL,1,0.01094000,NULL,NULL,'2025-04-04 09:26:05','2025-04-11 17:03:04'),(1840,'ONT','ONT','ONT','Binance','/images/crypto-icons/svg/color/ont.svg',NULL,1,0.13250000,NULL,NULL,'2025-04-04 09:26:05','2025-04-11 17:03:04'),(1841,'WAN','WAN','WAN','Binance','/images/crypto-icons/svg/color/wan.svg',NULL,1,0.09840000,NULL,NULL,'2025-04-04 09:26:05','2025-04-11 17:03:04'),(1842,'JUV','JUV','JUV','Binance',NULL,NULL,1,1.00000000,NULL,NULL,'2025-04-04 09:26:05','2025-04-11 17:03:05'),(1843,'SYS','SYS','SYS','Binance','/images/crypto-icons/svg/color/sys.svg',NULL,1,0.03130000,NULL,NULL,'2025-04-04 09:26:05','2025-04-11 17:03:04'),(1844,'THETA','THETA','THETA','Binance','/images/crypto-icons/svg/color/theta.svg',NULL,1,0.74300000,NULL,NULL,'2025-04-04 09:26:05','2025-04-11 17:03:04'),(1845,'CITY','CITY','CITY','Binance',NULL,NULL,1,1.03900000,NULL,NULL,'2025-04-04 09:26:05','2025-04-11 17:03:05'),(1846,'PYR','PYR','PYR','Binance',NULL,NULL,1,1.06900000,NULL,NULL,'2025-04-04 09:26:05','2025-04-11 17:03:05'),(1847,'IOTX','IOTX','IOTX','Binance','/images/crypto-icons/originals/iotx.svg',NULL,1,0.01950000,NULL,NULL,'2025-04-04 09:26:05','2025-04-11 17:03:04'),(1848,'DATA','DATA','DATA','Binance','/images/crypto-icons/svg/color/data.svg',NULL,1,0.01534000,NULL,NULL,'2025-04-04 09:26:05','2025-04-11 17:03:04'),(1849,'SC','SC','SC','Binance','/images/crypto-icons/svg/color/sc.svg',NULL,1,0.00298600,NULL,NULL,'2025-04-04 09:26:05','2025-04-11 17:03:04'),(1850,'DENT','DENT','DENT','Binance','/images/crypto-icons/svg/color/dent.svg',NULL,1,0.00065200,NULL,NULL,'2025-04-04 09:26:05','2025-04-11 17:03:04'),(1851,'ARDR','ARDR','ARDR','Binance','/images/crypto-icons/svg/color/ardr.svg',NULL,1,0.06479000,NULL,NULL,'2025-04-04 09:26:05','2025-04-11 17:03:04'),(1852,'HOT','HOT','HOT','Binance','/images/crypto-icons/originals/hot.svg',NULL,1,0.00095900,NULL,NULL,'2025-04-04 09:26:05','2025-04-11 17:03:04'),(1853,'VET','VET','VET','Binance','/images/crypto-icons/svg/color/vet.svg',NULL,1,0.02216000,NULL,NULL,'2025-04-04 09:26:05','2025-04-11 17:03:04'),(1854,'RVN','RVN','RVN','Binance','/images/crypto-icons/svg/color/rvn.svg',NULL,1,0.01058000,NULL,NULL,'2025-04-04 09:26:05','2025-04-11 17:03:04'),(1855,'ONG','ONG','ONG','Binance','/images/crypto-icons/originals/ong.svg',NULL,1,0.17860000,NULL,NULL,'2025-04-04 09:26:05','2025-04-11 17:03:04'),(1856,'FET','FET','FET','Binance',NULL,NULL,1,0.44900000,NULL,NULL,'2025-04-04 09:26:05','2025-04-11 17:03:04'),(1857,'IOST','IOST','IOST','Binance','/images/crypto-icons/svg/color/iost.svg',NULL,1,0.00357600,NULL,NULL,'2025-04-04 09:26:05','2025-04-11 17:03:04'),(1858,'CELR','CELR','CELR','Binance',NULL,NULL,1,0.00802000,NULL,NULL,'2025-04-04 09:26:05','2025-04-11 17:03:04'),(1859,'PHB','PHB','PHB','Binance',NULL,NULL,1,0.41300000,NULL,NULL,'2025-04-04 09:26:05','2025-04-11 17:03:04'),(1860,'TFUEL','TFUEL','TFUEL','Binance',NULL,NULL,1,0.03360000,NULL,NULL,'2025-04-04 09:26:05','2025-04-11 17:03:05'),(1861,'ONE','ONE','ONE','Binance','/images/crypto-icons/svg/color/one.svg',NULL,1,0.01060000,NULL,NULL,'2025-04-04 09:26:05','2025-04-11 17:03:05'),(1862,'ALGO','ALGO','ALGO','Binance','/images/crypto-icons/originals/algo.svg',NULL,1,0.18280000,NULL,NULL,'2025-04-04 09:26:05','2025-04-11 17:03:04'),(1863,'DUSK','DUSK','DUSK','Binance',NULL,NULL,1,0.07200000,NULL,NULL,'2025-04-04 09:26:05','2025-04-11 17:03:05'),(1864,'ANKR','ANKR','ANKR','Binance','/images/crypto-icons/svg/color/ankr.svg',NULL,1,0.01672000,NULL,NULL,'2025-04-04 09:26:05','2025-04-11 17:03:05'),(1865,'WIN','WIN','WIN','Binance',NULL,NULL,1,0.00004650,NULL,NULL,'2025-04-04 09:26:05','2025-04-11 17:03:05'),(1866,'COS','COS','COS','Binance',NULL,NULL,1,0.00310500,NULL,NULL,'2025-04-04 09:26:05','2025-04-11 17:03:05'),(1867,'FUN','FUN','FUN','Binance','/images/crypto-icons/svg/color/fun.svg',NULL,1,0.00692000,NULL,NULL,'2025-04-04 09:26:05','2025-04-11 17:03:05'),(1868,'CVC','CVC','CVC','Binance','/images/crypto-icons/svg/color/cvc.svg',NULL,1,0.09480000,NULL,NULL,'2025-04-04 09:26:05','2025-04-11 17:03:05'),(1869,'CHZ','CHZ','CHZ','Binance','/images/crypto-icons/svg/color/chz.svg',NULL,1,0.03953000,NULL,NULL,'2025-04-04 09:26:05','2025-04-11 17:03:05'),(1870,'BAND','BAND','BAND','Binance','/images/crypto-icons/originals/band.svg',NULL,1,0.66100000,NULL,NULL,'2025-04-04 09:26:05','2025-04-11 17:03:04'),(1871,'XTZ','XTZ','XTZ','Binance','/images/crypto-icons/svg/color/xtz.svg',NULL,1,0.55100000,NULL,NULL,'2025-04-04 09:26:05','2025-04-11 17:03:04'),(1872,'HBAR','HBAR','HBAR','Binance',NULL,NULL,1,0.16803000,NULL,NULL,'2025-04-04 09:26:05','2025-04-11 17:03:04'),(1873,'NKN','NKN','NKN','Binance','/images/crypto-icons/svg/color/nkn.svg',NULL,1,0.01970000,NULL,NULL,'2025-04-04 09:26:05','2025-04-11 17:03:05'),(1874,'STX','STX','STX','Binance','/images/crypto-icons/svg/color/stx.svg',NULL,1,0.62300000,NULL,NULL,'2025-04-04 09:26:05','2025-04-11 17:03:04'),(1875,'KAVA','KAVA','KAVA','Binance',NULL,NULL,1,0.42250000,NULL,NULL,'2025-04-04 09:26:05','2025-04-11 17:03:04'),(1876,'ARPA','ARPA','ARPA','Binance',NULL,NULL,1,0.02109000,NULL,NULL,'2025-04-04 09:26:05','2025-04-11 17:03:05'),(1877,'CTXC','CTXC','CTXC','Binance','/images/crypto-icons/svg/color/ctxc.svg',NULL,1,0.07350000,NULL,NULL,'2025-04-04 09:26:05','2025-04-11 17:03:05'),(1878,'TROY','TROY','TROY','Binance',NULL,NULL,1,0.00042900,NULL,NULL,'2025-04-04 09:26:05','2025-04-11 17:03:05'),(1879,'OGN','OGN','OGN','Binance',NULL,NULL,1,0.05320000,NULL,NULL,'2025-04-04 09:26:05','2025-04-11 17:03:05'),(1880,'BNT','BNT','BNT','Binance','/images/crypto-icons/svg/color/bnt.svg',NULL,1,0.36690000,NULL,NULL,'2025-04-04 09:26:05','2025-04-11 17:03:05'),(1881,'LTO','LTO','LTO','Binance',NULL,NULL,1,0.02860000,NULL,NULL,'2025-04-04 09:26:05','2025-04-11 17:03:05'),(1882,'MBL','MBL','MBL','Binance',NULL,NULL,1,0.00216100,NULL,NULL,'2025-04-04 09:26:05','2025-04-11 17:03:05'),(1883,'COTI','COTI','COTI','Binance',NULL,NULL,1,0.06007000,NULL,NULL,'2025-04-04 09:26:05','2025-04-11 17:03:05'),(1884,'STPT','STPT','STPT','Binance',NULL,NULL,1,0.04213000,NULL,NULL,'2025-04-04 09:26:05','2025-04-11 17:03:05'),(1885,'CTSI','CTSI','CTSI','Binance',NULL,NULL,1,0.05510000,NULL,NULL,'2025-04-04 09:26:05','2025-04-11 17:03:05'),(1886,'HIVE','HIVE','HIVE','Binance',NULL,NULL,1,0.22070000,NULL,NULL,'2025-04-04 09:26:05','2025-04-11 17:03:05'),(1887,'CHR','CHR','CHR','Binance',NULL,NULL,1,0.08200000,NULL,NULL,'2025-04-04 09:26:05','2025-04-11 17:03:05'),(1888,'MDT','MDT','MDT','Binance',NULL,NULL,1,0.02156000,NULL,NULL,'2025-04-04 09:26:05','2025-04-11 17:03:05'),(1889,'SXP','SXP','SXP','Binance',NULL,NULL,1,0.17390000,NULL,NULL,'2025-04-04 09:26:05','2025-04-11 17:03:05'),(1890,'SNX','SNX','SNX','Binance','/images/crypto-icons/svg/color/snx.svg',NULL,1,0.65000000,NULL,NULL,'2025-04-04 09:26:05','2025-04-11 17:03:04'),(1891,'VTHO','VTHO','VTHO','Binance','/images/crypto-icons/originals/vtho.svg',NULL,1,0.00213000,NULL,NULL,'2025-04-04 09:26:05','2025-04-11 17:03:05'),(1892,'DGB','DGB','DGB','Binance','/images/crypto-icons/svg/color/dgb.svg',NULL,1,0.00983000,NULL,NULL,'2025-04-04 09:26:05','2025-04-11 17:03:05'),(1893,'FIO','FIO','FIO','Binance',NULL,NULL,1,0.01294000,NULL,NULL,'2025-04-04 09:26:05','2025-04-11 17:03:06'),(1894,'AVA','AVA','AVA','Binance',NULL,NULL,1,0.52910000,NULL,NULL,'2025-04-04 09:26:05','2025-04-11 17:03:05'),(1895,'JST','JST','JST','Binance',NULL,NULL,1,0.03007000,NULL,NULL,'2025-04-04 09:26:05','2025-04-11 17:03:06'),(1896,'CRV','CRV','CRV','Binance','/images/crypto-icons/svg/color/crv.svg',NULL,1,0.62720000,NULL,NULL,'2025-04-04 09:26:05','2025-04-11 17:03:04'),(1897,'SAND','SAND','SAND','Binance','/images/crypto-icons/svg/color/sand.svg',NULL,1,0.26190000,NULL,NULL,'2025-04-04 09:26:05','2025-04-11 17:03:05'),(1898,'LUNA','LUNA','LUNA','Binance',NULL,NULL,1,0.16280000,NULL,NULL,'2025-04-04 09:26:05','2025-04-11 17:03:05'),(1899,'RSR','RSR','RSR','Binance',NULL,NULL,1,0.00759100,NULL,NULL,'2025-04-04 09:26:05','2025-04-11 17:03:06'),(1900,'SUSHI','SUSHI','SUSHI','Binance','/images/crypto-icons/svg/color/sushi.svg',NULL,1,0.55900000,NULL,NULL,'2025-04-04 09:26:05','2025-04-11 17:03:05'),(1901,'DIA','DIA','DIA','Binance',NULL,NULL,1,0.34420000,NULL,NULL,'2025-04-04 09:26:05','2025-04-11 17:03:05'),(1902,'BEL','BEL','BEL','Binance',NULL,NULL,1,0.59350000,NULL,NULL,'2025-04-04 09:26:05','2025-04-11 17:03:04'),(1903,'OXT','OXT','OXT','Binance','/images/crypto-icons/originals/oxt.svg',NULL,1,0.06540000,NULL,NULL,'2025-04-04 09:26:05','2025-04-11 17:03:05'),(1904,'SUN','SUN','SUN','Binance',NULL,NULL,1,0.01640000,NULL,NULL,'2025-04-04 09:26:05','2025-04-11 17:03:06'),(1905,'FLM','FLM','FLM','Binance',NULL,NULL,1,0.01710000,NULL,NULL,'2025-04-04 09:26:05','2025-04-11 17:03:06'),(1906,'SCRT','SCRT','SCRT','Binance',NULL,NULL,1,0.17880000,NULL,NULL,'2025-04-04 09:26:05','2025-04-11 17:03:05'),(1907,'UTK','UTK','UTK','Binance','/images/crypto-icons/svg/color/utk.svg',NULL,1,0.02874000,NULL,NULL,'2025-04-04 09:26:05','2025-04-11 17:03:06'),(1908,'ALPHA','ALPHA','ALPHA','Binance','/var/www/trustwallet/storage/app/public/crypto/ALPHA.png',NULL,1,0.02890000,NULL,NULL,'2025-04-04 09:26:05','2025-04-11 17:03:06'),(1909,'VIDT','VIDT','VIDT','Binance',NULL,NULL,1,0.02411000,NULL,NULL,'2025-04-04 09:26:05','2025-04-11 17:03:06'),(1910,'AUDIO','AUDIO','AUDIO','Binance',NULL,NULL,1,0.06220000,NULL,NULL,'2025-04-04 09:26:05','2025-04-11 17:03:05'),(1911,'CTK','CTK','CTK','Binance',NULL,NULL,1,0.32300000,NULL,NULL,'2025-04-04 09:26:05','2025-04-11 17:03:05'),(1912,'HARD','HARD','HARD','Binance',NULL,NULL,1,0.03360000,NULL,NULL,'2025-04-04 09:26:05','2025-04-11 17:03:06'),(1913,'SLP','SLP','SLP','Binance',NULL,NULL,1,0.00146500,NULL,NULL,'2025-04-04 09:26:05','2025-04-11 17:03:06'),(1914,'STRAX','STRAX','STRAX','Binance',NULL,NULL,1,0.04056000,NULL,NULL,'2025-04-04 09:26:05','2025-04-11 17:03:06'),(1915,'ROSE','ROSE','ROSE','Binance',NULL,NULL,1,0.02417000,NULL,NULL,'2025-04-04 09:26:05','2025-04-11 17:03:06'),(1916,'SKL','SKL','SKL','Binance','/images/crypto-icons/svg/color/skl.svg',NULL,1,0.01979000,NULL,NULL,'2025-04-04 09:26:05','2025-04-11 17:03:06'),(1917,'GLM','GLM','GLM','Binance',NULL,NULL,1,0.24130000,NULL,NULL,'2025-04-04 09:26:05','2025-04-11 17:03:05'),(1918,'GRT','GRT','GRT','Binance','/images/crypto-icons/svg/color/grt.svg',NULL,1,0.07920000,NULL,NULL,'2025-04-04 09:26:05','2025-04-11 17:03:05'),(1919,'1INCH','1INCH','1INCH','Binance','/images/crypto-icons/svg/color/1inch.svg',NULL,1,0.17180000,NULL,NULL,'2025-04-04 09:26:05','2025-04-11 17:03:05'),(1920,'CELO','CELO','CELO','Binance',NULL,NULL,1,0.29550000,NULL,NULL,'2025-04-04 09:26:05','2025-04-11 17:03:05'),(1921,'RIF','RIF','RIF','Binance',NULL,NULL,1,0.03790000,NULL,NULL,'2025-04-04 09:26:05','2025-04-11 17:03:06'),(1922,'TRU','TRU','TRU','Binance',NULL,NULL,1,0.02980000,NULL,NULL,'2025-04-04 09:26:06','2025-04-11 17:03:06'),(1923,'CKB','CKB','CKB','Binance',NULL,NULL,1,0.00419400,NULL,NULL,'2025-04-04 09:26:06','2025-04-11 17:03:06'),(1924,'TWT','TWT','TWT','Binance',NULL,NULL,1,0.78350000,NULL,NULL,'2025-04-04 09:26:06','2025-04-11 17:03:05'),(1925,'FIRO','FIRO','FIRO','Binance',NULL,NULL,1,0.42700000,NULL,NULL,'2025-04-04 09:26:06','2025-04-11 17:03:05'),(1926,'SFP','SFP','SFP','Binance',NULL,NULL,1,0.49480000,NULL,NULL,'2025-04-04 09:26:06','2025-04-11 17:03:05'),(1927,'DODO','DODO','DODO','Binance',NULL,NULL,1,0.04930000,NULL,NULL,'2025-04-04 09:26:06','2025-04-11 17:03:05'),(1928,'ACM','ACM','ACM','Binance',NULL,NULL,1,0.78000000,NULL,NULL,'2025-04-04 09:26:06','2025-04-11 17:03:05'),(1929,'PHA','PHA','PHA','Binance',NULL,NULL,1,0.09300000,NULL,NULL,'2025-04-04 09:26:06','2025-04-11 17:03:05'),(1930,'FIS','FIS','FIS','Binance',NULL,NULL,1,0.12430000,NULL,NULL,'2025-04-04 09:26:06','2025-04-11 17:03:05'),(1931,'POND','POND','POND','Binance',NULL,NULL,1,0.00769000,NULL,NULL,'2025-04-04 09:26:06','2025-04-11 17:03:06'),(1932,'ALICE','ALICE','ALICE','Binance',NULL,NULL,1,0.39900000,NULL,NULL,'2025-04-04 09:26:06','2025-04-11 17:03:05'),(1933,'PERP','PERP','PERP','Binance',NULL,NULL,1,0.19740000,NULL,NULL,'2025-04-04 09:26:06','2025-04-11 17:03:05'),(1934,'SUPER','SUPER','SUPER','Binance',NULL,NULL,1,0.51430000,NULL,NULL,'2025-04-04 09:26:06','2025-04-11 17:03:05'),(1935,'CFX','CFX','CFX','Binance',NULL,NULL,1,0.07140000,NULL,NULL,'2025-04-04 09:26:06','2025-04-11 17:03:05'),(1936,'TKO','TKO','TKO','Binance',NULL,NULL,1,0.15140000,NULL,NULL,'2025-04-04 09:26:06','2025-04-11 17:03:05'),(1937,'PUNDIX','PUNDIX','PUNDIX','Binance',NULL,NULL,1,0.26390000,NULL,NULL,'2025-04-04 09:26:06','2025-04-11 17:03:05'),(1938,'TLM','TLM','TLM','Binance',NULL,NULL,1,0.00463000,NULL,NULL,'2025-04-04 09:26:06','2025-04-11 17:03:06'),(1939,'BAKE','BAKE','BAKE','Binance',NULL,NULL,1,0.11850000,NULL,NULL,'2025-04-04 09:26:06','2025-04-11 17:03:05'),(1940,'ATA','ATA','ATA','Binance',NULL,NULL,1,0.04990000,NULL,NULL,'2025-04-04 09:26:06','2025-04-11 17:03:05'),(1941,'GTC','GTC','GTC','Binance',NULL,NULL,1,0.25500000,NULL,NULL,'2025-04-04 09:26:06','2025-04-11 17:03:05'),(1942,'C98','C98','C98','Binance',NULL,NULL,1,0.05460000,NULL,NULL,'2025-04-04 09:26:06','2025-04-11 17:03:05'),(1943,'FLOW','FLOW','FLOW','Binance',NULL,NULL,1,0.34900000,NULL,NULL,'2025-04-04 09:26:06','2025-04-11 17:03:05'),(1944,'MINA','MINA','MINA','Binance',NULL,NULL,1,0.21320000,NULL,NULL,'2025-04-04 09:26:06','2025-04-11 17:03:05'),(1945,'ALPACA','ALPACA','ALPACA','Binance',NULL,NULL,1,0.04120000,NULL,NULL,'2025-04-04 09:26:06','2025-04-11 17:03:06'),(1946,'QUICK','QUICK','QUICK','Binance',NULL,NULL,1,0.02524000,NULL,NULL,'2025-04-04 09:26:06','2025-04-11 17:03:06'),(1947,'MBOX','MBOX','MBOX','Binance',NULL,NULL,1,0.04620000,NULL,NULL,'2025-04-04 09:26:06','2025-04-11 17:03:05'),(1948,'GHST','GHST','GHST','Binance','/var/www/trustwallet/storage/app/public/crypto/GHST.png',NULL,1,0.43100000,NULL,NULL,'2025-04-04 09:26:06','2025-04-11 17:03:05'),(1949,'WAXP','WAXP','WAXP','Binance',NULL,NULL,1,0.02024000,NULL,NULL,'2025-04-04 09:26:06','2025-04-11 17:03:06'),(1950,'USDP','USDP','USDP','Binance',NULL,NULL,1,1.00060000,NULL,NULL,'2025-04-04 09:26:06','2025-04-11 17:03:06'),(1951,'AEUR','AEUR','AEUR','Binance','/images/crypto-icons/originals/aeur.svg',NULL,1,1.00080000,NULL,NULL,'2025-04-04 09:26:06','2025-04-11 17:03:06'),(1952,'XEC','XEC','XEC','Binance',NULL,NULL,1,0.00001930,NULL,NULL,'2025-04-04 09:26:06','2025-04-11 17:03:06'),(1953,'DYDX','DYDX','DYDX','Binance',NULL,NULL,1,0.55810000,NULL,NULL,'2025-04-04 09:26:06','2025-04-11 17:03:05'),(1954,'IDEX','IDEX','IDEX','Binance',NULL,NULL,1,0.02124000,NULL,NULL,'2025-04-04 09:26:06','2025-04-11 17:03:06'),(1955,'GALA','GALA','GALA','Binance',NULL,NULL,1,0.01454000,NULL,NULL,'2025-04-04 09:26:06','2025-04-11 17:03:06'),(1956,'YGG','YGG','YGG','Binance',NULL,NULL,1,0.16610000,NULL,NULL,'2025-04-04 09:26:06','2025-04-11 17:03:06'),(1957,'DF','DF','DF','Binance',NULL,NULL,1,0.05415000,NULL,NULL,'2025-04-04 09:26:06','2025-04-11 17:03:06'),(1958,'FIDA','FIDA','FIDA','Binance','/images/crypto-icons/svg/color/fida.svg',NULL,1,0.07150000,NULL,NULL,'2025-04-04 09:26:06','2025-04-11 17:03:06'),(1959,'AGLD','AGLD','AGLD','Binance',NULL,NULL,1,0.79000000,NULL,NULL,'2025-04-04 09:26:06','2025-04-11 17:03:06'),(1960,'RAD','RAD','RAD','Binance',NULL,NULL,1,0.69600000,NULL,NULL,'2025-04-04 09:26:06','2025-04-11 17:03:06'),(1961,'BETA','BETA','BETA','Binance',NULL,NULL,1,0.00403000,NULL,NULL,'2025-04-04 09:26:06','2025-04-11 17:03:06'),(1962,'RARE','RARE','RARE','Binance',NULL,NULL,1,0.06220000,NULL,NULL,'2025-04-04 09:26:06','2025-04-11 17:03:06'),(1963,'LAZIO','LAZIO','LAZIO','Binance',NULL,NULL,1,0.94000000,NULL,NULL,'2025-04-04 09:26:06','2025-04-11 17:03:06'),(1964,'CHESS','CHESS','CHESS','Binance',NULL,NULL,1,0.05180000,NULL,NULL,'2025-04-04 09:26:06','2025-04-11 17:03:06'),(1965,'QI','QI','QI','Binance',NULL,NULL,1,0.00779000,NULL,NULL,'2025-04-04 09:26:06','2025-04-11 17:03:06'),(1966,'PORTO','PORTO','PORTO','Binance',NULL,NULL,1,0.92800000,NULL,NULL,'2025-04-04 09:26:06','2025-04-11 17:03:06'),(1967,'JASMY','JASMY','JASMY','Binance',NULL,NULL,1,0.01301000,NULL,NULL,'2025-04-04 09:26:06','2025-04-11 17:03:06'),(1968,'AMP','AMP','AMP','Binance','/images/crypto-icons/svg/color/amp.svg',NULL,1,0.00378100,NULL,NULL,'2025-04-04 09:26:06','2025-04-11 17:03:06'),(1969,'BICO','BICO','BICO','Binance',NULL,NULL,1,0.09840000,NULL,NULL,'2025-04-04 09:26:06','2025-04-11 17:03:06'),(1970,'FLUX','FLUX','FLUX','Binance','/images/crypto-icons/svg/color/flux.svg',NULL,1,0.21220000,NULL,NULL,'2025-04-04 09:26:06','2025-04-11 17:03:06'),(1971,'VOXEL','VOXEL','VOXEL','Binance',NULL,NULL,1,0.02780000,NULL,NULL,'2025-04-04 09:26:06','2025-04-11 17:03:06'),(1972,'HIGH','HIGH','HIGH','Binance',NULL,NULL,1,0.40000000,NULL,NULL,'2025-04-04 09:26:06','2025-04-11 17:03:06'),(1973,'PEOPLE','PEOPLE','PEOPLE','Binance',NULL,NULL,1,0.01237000,NULL,NULL,'2025-04-04 09:26:06','2025-04-11 17:03:06'),(1974,'SPELL','SPELL','SPELL','Binance',NULL,NULL,1,0.00061180,NULL,NULL,'2025-04-04 09:26:06','2025-04-11 17:03:06'),(1975,'JOE','JOE','JOE','Binance',NULL,NULL,1,0.16000000,NULL,NULL,'2025-04-04 09:26:06','2025-04-11 17:03:06'),(1976,'ACH','ACH','ACH','Binance',NULL,NULL,1,0.02060000,NULL,NULL,'2025-04-04 09:26:06','2025-04-11 17:03:06'),(1977,'IMX','IMX','IMX','Binance',NULL,NULL,1,0.42000000,NULL,NULL,'2025-04-04 09:26:06','2025-04-11 17:03:06'),(1978,'GLMR','GLMR','GLMR','Binance',NULL,NULL,1,0.06620000,NULL,NULL,'2025-04-04 09:26:06','2025-04-11 17:03:06'),(1979,'LOKA','LOKA','LOKA','Binance',NULL,NULL,1,0.06910000,NULL,NULL,'2025-04-04 09:26:06','2025-04-11 17:03:06'),(1980,'API3','API3','API3','Binance',NULL,NULL,1,0.71500000,NULL,NULL,'2025-04-04 09:26:06','2025-04-11 17:03:06'),(1981,'BTTC','BTTC','BTTC','Binance',NULL,NULL,1,0.00000060,NULL,NULL,'2025-04-04 09:26:06','2025-04-11 17:03:06'),(1982,'ACA','ACA','ACA','Binance','/var/www/trustwallet/storage/app/public/crypto/ACA.png',NULL,1,0.03190000,NULL,NULL,'2025-04-04 09:26:06','2025-04-11 17:03:06'),(1983,'XNO','XNO','XNO','Binance',NULL,NULL,1,0.86900000,NULL,NULL,'2025-04-04 09:26:06','2025-04-11 17:03:06'),(1984,'WOO','WOO','WOO','Binance',NULL,NULL,1,0.06280000,NULL,NULL,'2025-04-04 09:26:06','2025-04-11 17:03:06'),(1985,'ALPINE','ALPINE','ALPINE','Binance',NULL,NULL,1,0.72100000,NULL,NULL,'2025-04-04 09:26:06','2025-04-11 17:03:06'),(1986,'T','T','T','Binance',NULL,NULL,1,0.01429000,NULL,NULL,'2025-04-04 09:26:06','2025-04-11 17:03:06'),(1987,'ASTR','ASTR','ASTR','Binance',NULL,NULL,1,0.02546000,NULL,NULL,'2025-04-04 09:26:06','2025-04-11 17:03:06'),(1988,'GMT','GMT','GMT','Binance','/images/crypto-icons/svg/color/gmt.svg',NULL,1,0.04480000,NULL,NULL,'2025-04-04 09:26:06','2025-04-11 17:03:06'),(1989,'KDA','KDA','KDA','Binance',NULL,NULL,1,0.39740000,NULL,NULL,'2025-04-04 09:26:06','2025-04-11 17:03:06'),(1990,'APE','APE','APE','Binance','/images/crypto-icons/svg/color/ape.svg',NULL,1,0.42480000,NULL,NULL,'2025-04-04 09:26:06','2025-04-11 17:03:06'),(1991,'BSW','BSW','BSW','Binance',NULL,NULL,1,0.01420000,NULL,NULL,'2025-04-04 09:26:06','2025-04-11 17:03:06'),(1992,'REI','REI','REI','Binance',NULL,NULL,1,0.02056000,NULL,NULL,'2025-04-04 09:26:06','2025-04-11 17:03:07'),(1993,'LDO','LDO','LDO','Binance',NULL,NULL,1,0.73000000,NULL,NULL,'2025-04-04 09:26:06','2025-04-11 17:03:07'),(1994,'OP','OP','OP','Binance',NULL,NULL,1,0.66400000,NULL,NULL,'2025-04-04 09:26:06','2025-04-11 17:03:07'),(1995,'LEVER','LEVER','LEVER','Binance',NULL,NULL,1,0.00044700,NULL,NULL,'2025-04-04 09:26:06','2025-04-11 17:03:07'),(1996,'STG','STG','STG','Binance',NULL,NULL,1,0.18590000,NULL,NULL,'2025-04-04 09:26:06','2025-04-11 17:03:07'),(1997,'LUNC','LUNC','LUNC','Binance',NULL,NULL,1,0.00005914,NULL,NULL,'2025-04-04 09:26:06','2025-04-11 17:03:07'),(1998,'POLYX','POLYX','POLYX','Binance',NULL,NULL,1,0.13580000,NULL,NULL,'2025-04-04 09:26:06','2025-04-11 17:03:07'),(1999,'OSMO','OSMO','OSMO','Binance',NULL,NULL,1,0.21870000,NULL,NULL,'2025-04-04 09:26:06','2025-04-11 17:03:07'),(2000,'HFT','HFT','HFT','Binance',NULL,NULL,1,0.05680000,NULL,NULL,'2025-04-04 09:26:06','2025-04-11 17:03:07'),(2001,'HOOK','HOOK','HOOK','Binance',NULL,NULL,1,0.11770000,NULL,NULL,'2025-04-04 09:26:06','2025-04-11 17:03:07'),(2002,'MAGIC','MAGIC','MAGIC','Binance',NULL,NULL,1,0.07710000,NULL,NULL,'2025-04-04 09:26:06','2025-04-11 17:03:07'),(2003,'HIFI','HIFI','HIFI','Binance',NULL,NULL,1,0.16530000,NULL,NULL,'2025-04-04 09:26:06','2025-04-11 17:03:07'),(2004,'PROS','PROS','PROS','Binance',NULL,NULL,1,0.07600000,NULL,NULL,'2025-04-04 09:26:06','2025-04-11 17:03:07'),(2005,'SYN','SYN','SYN','Binance',NULL,NULL,1,0.15410000,NULL,NULL,'2025-04-04 09:26:06','2025-04-11 17:03:07'),(2006,'VIB','VIB','VIB','Binance','/images/crypto-icons/svg/color/vib.svg',NULL,1,0.02111000,NULL,NULL,'2025-04-04 09:26:06','2025-04-11 17:03:07'),(2007,'LQTY','LQTY','LQTY','Binance',NULL,NULL,1,0.51800000,NULL,NULL,'2025-04-04 09:26:06','2025-04-11 17:03:07'),(2008,'USTC','USTC','USTC','Binance',NULL,NULL,1,0.01178000,NULL,NULL,'2025-04-04 09:26:06','2025-04-11 17:03:07'),(2009,'QKC','QKC','QKC','Binance',NULL,NULL,1,0.00671800,NULL,NULL,'2025-04-04 09:26:06','2025-04-11 17:03:07'),(2010,'UFT','UFT','UFT','Binance',NULL,NULL,1,0.02130000,NULL,NULL,'2025-04-04 09:26:06','2025-04-11 17:03:07'),(2011,'ID','ID','ID','Binance',NULL,NULL,1,0.18130000,NULL,NULL,'2025-04-04 09:26:06','2025-04-11 17:03:07'),(2012,'ARB','ARB','ARB','Binance',NULL,NULL,1,0.29620000,NULL,NULL,'2025-04-04 09:26:06','2025-04-11 17:03:07'),(2013,'RDNT','RDNT','RDNT','Binance',NULL,NULL,1,0.01871000,NULL,NULL,'2025-04-04 09:26:06','2025-04-11 17:03:07'),(2014,'EDU','EDU','EDU','Binance',NULL,NULL,1,0.11690000,NULL,NULL,'2025-04-04 09:26:06','2025-04-11 17:03:07'),(2015,'PEPE','PEPE','PEPE','Binance',NULL,NULL,1,0.00000691,NULL,NULL,'2025-04-04 09:26:06','2025-04-11 17:03:07'),(2016,'FLOKI','FLOKI','FLOKI','Binance',NULL,NULL,1,0.00005484,NULL,NULL,'2025-04-04 09:26:06','2025-04-11 17:03:07'),(2017,'MAV','MAV','MAV','Binance',NULL,NULL,1,0.05273000,NULL,NULL,'2025-04-04 09:26:06','2025-04-11 17:03:07'),(2018,'ARKM','ARKM','ARKM','Binance',NULL,NULL,1,0.46600000,NULL,NULL,'2025-04-04 09:26:06','2025-04-11 17:03:07'),(2019,'WLD','WLD','WLD','Binance',NULL,NULL,1,0.73300000,NULL,NULL,'2025-04-04 09:26:06','2025-04-11 17:03:07'),(2020,'FDUSD','FDUSD','FDUSD','Binance',NULL,NULL,1,0.99930000,NULL,NULL,'2025-04-04 09:26:06','2025-04-11 17:03:07'),(2021,'SEI','SEI','SEI','Binance',NULL,NULL,1,0.15680000,NULL,NULL,'2025-04-04 09:26:07','2025-04-11 17:03:07'),(2022,'ARK','ARK','ARK','Binance','/images/crypto-icons/svg/color/ark.svg',NULL,1,0.34790000,NULL,NULL,'2025-04-04 09:26:07','2025-04-11 17:03:07'),(2023,'IQ','IQ','IQ','Binance','/images/crypto-icons/originals/iq.svg',NULL,1,0.00383900,NULL,NULL,'2025-04-04 09:26:07','2025-04-11 17:03:07'),(2024,'NTRN','NTRN','NTRN','Binance',NULL,NULL,1,0.12020000,NULL,NULL,'2025-04-04 09:26:07','2025-04-11 17:03:07'),(2025,'MEME','MEME','MEME','Binance',NULL,NULL,1,0.00160100,NULL,NULL,'2025-04-04 09:26:07','2025-04-11 17:03:07'),(2026,'BEAMX','BEAMX','BEAMX','Binance',NULL,NULL,1,0.00639000,NULL,NULL,'2025-04-04 09:26:07','2025-04-11 17:03:07'),(2027,'VIC','VIC','VIC','Binance',NULL,NULL,1,0.19900000,NULL,NULL,'2025-04-04 09:26:07','2025-04-11 17:03:07'),(2028,'BLUR','BLUR','BLUR','Binance',NULL,NULL,1,0.09590000,NULL,NULL,'2025-04-04 09:26:07','2025-04-11 17:03:07'),(2029,'VANRY','VANRY','VANRY','Binance',NULL,NULL,1,0.02450000,NULL,NULL,'2025-04-04 09:26:07','2025-04-11 17:03:07'),(2030,'1000SATS','1000SATS','1000SATS','Binance','/var/www/trustwallet/storage/app/public/crypto/1000SATS.png',NULL,1,0.00004330,NULL,NULL,'2025-04-04 09:26:07','2025-04-11 17:03:07'),(2031,'BONK','BONK','BONK','Binance',NULL,NULL,1,0.00001199,NULL,NULL,'2025-04-04 09:26:07','2025-04-11 17:03:07'),(2032,'ACE','ACE','ACE','Binance','/var/www/trustwallet/storage/app/public/crypto/ACE.png',NULL,1,0.49500000,NULL,NULL,'2025-04-04 09:26:07','2025-04-11 17:03:07'),(2033,'NFP','NFP','NFP','Binance',NULL,NULL,1,0.05950000,NULL,NULL,'2025-04-04 09:26:07','2025-04-11 17:03:07'),(2034,'AI','AI','AI','Binance',NULL,NULL,1,0.12960000,NULL,NULL,'2025-04-04 09:26:07','2025-04-11 17:03:07'),(2035,'XAI','XAI','XAI','Binance',NULL,NULL,1,0.04480000,NULL,NULL,'2025-04-04 09:26:07','2025-04-11 17:03:07'),(2036,'MANTA','MANTA','MANTA','Binance',NULL,NULL,1,0.18600000,NULL,NULL,'2025-04-04 09:26:07','2025-04-11 17:03:07'),(2037,'ALT','ALT','ALT','Binance',NULL,NULL,1,0.02669000,NULL,NULL,'2025-04-04 09:26:07','2025-04-11 17:03:07'),(2038,'JUP','JUP','JUP','Binance',NULL,NULL,1,0.38670000,NULL,NULL,'2025-04-04 09:26:07','2025-04-11 17:03:07'),(2039,'PYTH','PYTH','PYTH','Binance',NULL,NULL,1,0.12780000,NULL,NULL,'2025-04-04 09:26:07','2025-04-11 17:03:07'),(2040,'RONIN','RONIN','RONIN','Binance',NULL,NULL,1,0.55600000,NULL,NULL,'2025-04-04 09:26:07','2025-04-11 17:03:07'),(2041,'DYM','DYM','DYM','Binance',NULL,NULL,1,0.25800000,NULL,NULL,'2025-04-04 09:26:07','2025-04-11 17:03:07'),(2042,'PIXEL','PIXEL','PIXEL','Binance',NULL,NULL,1,0.02630000,NULL,NULL,'2025-04-04 09:26:07','2025-04-11 17:03:07'),(2043,'STRK','STRK','STRK','Binance',NULL,NULL,1,0.13340000,NULL,NULL,'2025-04-04 09:26:07','2025-04-11 17:03:07'),(2044,'PORTAL','PORTAL','PORTAL','Binance',NULL,NULL,1,0.07390000,NULL,NULL,'2025-04-04 09:26:07','2025-04-11 17:03:07'),(2045,'PDA','PDA','PDA','Binance',NULL,NULL,1,0.00998000,NULL,NULL,'2025-04-04 09:26:07','2025-04-11 17:03:07'),(2046,'AXL','AXL','AXL','Binance',NULL,NULL,1,0.31330000,NULL,NULL,'2025-04-04 09:26:07','2025-04-11 17:03:07'),(2047,'WIF','WIF','WIF','Binance',NULL,NULL,1,0.39800000,NULL,NULL,'2025-04-04 09:26:07','2025-04-11 17:03:07'),(2048,'AEVO','AEVO','AEVO','Binance',NULL,NULL,1,0.09460000,'test',NULL,'2025-04-04 09:26:07','2025-04-11 17:03:07'),(2049,'BOME','BOME','BOME','Binance',NULL,NULL,1,0.00114100,NULL,NULL,'2025-04-04 09:26:07','2025-04-11 17:03:07'),(2050,'ETHFI','ETHFI','ETHFI','Binance',NULL,NULL,1,0.48100000,NULL,NULL,'2025-04-04 09:26:07','2025-04-11 17:03:07'),(2051,'ENA','ENA','ENA','Binance',NULL,NULL,1,0.31620000,NULL,NULL,'2025-04-04 09:26:07','2025-04-11 17:03:07'),(2052,'W','W','W','Binance',NULL,NULL,1,0.07420000,NULL,NULL,'2025-04-04 09:26:07','2025-04-11 17:03:07'),(2053,'TNSR','TNSR','TNSR','Binance',NULL,NULL,1,0.12760000,NULL,NULL,'2025-04-04 09:26:07','2025-04-11 17:03:07'),(2054,'SAGA','SAGA','SAGA','Binance',NULL,NULL,1,0.22660000,NULL,NULL,'2025-04-04 09:26:07','2025-04-11 17:03:07'),(2055,'REZ','REZ','REZ','Binance',NULL,NULL,1,0.01550000,NULL,NULL,'2025-04-04 09:26:07','2025-04-11 17:03:07'),(2056,'BB','BB','BB','Binance',NULL,NULL,1,0.09950000,NULL,NULL,'2025-04-04 09:26:07','2025-04-11 17:03:07'),(2057,'NOT','NOT','NOT','Binance',NULL,NULL,1,0.00189200,NULL,NULL,'2025-04-04 09:26:07','2025-04-11 17:03:07'),(2058,'IO','IO','IO','Binance',NULL,NULL,1,0.60600000,NULL,NULL,'2025-04-04 09:26:07','2025-04-11 17:03:08'),(2059,'ZK','ZK','ZK','Binance',NULL,NULL,1,0.05310000,NULL,NULL,'2025-04-04 09:26:07','2025-04-11 17:03:08'),(2060,'LISTA','LISTA','LISTA','Binance',NULL,NULL,1,0.14430000,NULL,NULL,'2025-04-04 09:26:07','2025-04-11 17:03:08'),(2061,'G','G','G','Binance',NULL,NULL,1,0.01340000,NULL,NULL,'2025-04-04 09:26:07','2025-04-11 17:03:08'),(2062,'DOGS','DOGS','DOGS','Binance',NULL,NULL,1,0.00011980,NULL,NULL,'2025-04-04 09:26:07','2025-04-11 17:03:08'),(2063,'SLF','SLF','SLF','Binance',NULL,NULL,1,0.21810000,NULL,NULL,'2025-04-04 09:26:07','2025-04-11 17:03:08'),(2064,'POL','POL','POL','Binance',NULL,NULL,1,0.18460000,NULL,NULL,'2025-04-04 09:26:07','2025-04-11 17:03:08'),(2065,'NEIRO','NEIRO','NEIRO','Binance',NULL,NULL,1,0.00017216,NULL,NULL,'2025-04-04 09:26:07','2025-04-11 17:03:08'),(2066,'TURBO','TURBO','TURBO','Binance',NULL,NULL,1,0.00179100,NULL,NULL,'2025-04-04 09:26:07','2025-04-11 17:03:08'),(2067,'1MBABYDOGE','1MBABYDOGE','1MBABYDOGE','Binance','/var/www/trustwallet/storage/app/public/crypto/1MBABYDOGE.png',NULL,1,0.00119060,NULL,NULL,'2025-04-04 09:26:07','2025-04-11 17:03:08'),(2068,'CATI','CATI','CATI','Binance',NULL,NULL,1,0.08340000,NULL,NULL,'2025-04-04 09:26:07','2025-04-11 17:03:08'),(2069,'HMSTR','HMSTR','HMSTR','Binance',NULL,NULL,1,0.00251600,NULL,NULL,'2025-04-04 09:26:07','2025-04-11 17:03:08'),(2070,'EIGEN','EIGEN','EIGEN','Binance',NULL,NULL,1,0.81500000,NULL,NULL,'2025-04-04 09:26:07','2025-04-11 17:03:08'),(2071,'SCR','SCR','SCR','Binance',NULL,NULL,1,0.25600000,NULL,NULL,'2025-04-04 09:26:07','2025-04-11 17:03:08'),(2072,'LUMIA','LUMIA','LUMIA','Binance',NULL,NULL,1,0.29500000,NULL,NULL,'2025-04-04 09:26:07','2025-04-11 17:03:08'),(2073,'KAIA','KAIA','KAIA','Binance',NULL,NULL,1,0.10430000,NULL,NULL,'2025-04-04 09:26:07','2025-04-11 17:03:08'),(2074,'COW','COW','COW','Binance',NULL,NULL,1,0.23410000,NULL,NULL,'2025-04-04 09:26:07','2025-04-11 17:03:08'),(2075,'CETUS','CETUS','CETUS','Binance',NULL,NULL,1,0.09500000,NULL,NULL,'2025-04-04 09:26:07','2025-04-11 17:03:08'),(2076,'PNUT','PNUT','PNUT','Binance',NULL,NULL,1,0.13840000,NULL,NULL,'2025-04-04 09:26:07','2025-04-11 17:03:08'),(2077,'ACT','ACT','ACT','Binance','/images/crypto-icons/svg/color/act.svg',NULL,1,0.05730000,NULL,NULL,'2025-04-04 09:26:07','2025-04-11 17:03:08'),(2078,'USUAL','USUAL','USUAL','Binance',NULL,NULL,1,0.15570000,NULL,NULL,'2025-04-04 09:26:07','2025-04-11 17:03:08'),(2079,'THE','THE','THE','Binance',NULL,NULL,1,0.24470000,NULL,NULL,'2025-04-04 09:26:07','2025-04-11 17:03:08'),(2080,'ACX','ACX','ACX','Binance',NULL,NULL,1,0.20240000,NULL,NULL,'2025-04-04 09:26:07','2025-04-11 17:03:08'),(2081,'MOVE','MOVE','MOVE','Binance',NULL,NULL,1,0.33370000,NULL,NULL,'2025-04-04 09:26:07','2025-04-11 17:03:08'),(2082,'ME','ME','ME','Binance',NULL,NULL,1,0.96500000,NULL,NULL,'2025-04-04 09:26:07','2025-04-11 17:03:08'),(2083,'VELODROME','VELODROME','VELODROME','Binance',NULL,NULL,1,0.04470000,NULL,NULL,'2025-04-04 09:26:07','2025-04-11 17:03:08'),(2084,'1000CAT','1000CAT','1000CAT','Binance','/var/www/trustwallet/storage/app/public/crypto/1000CAT.png',NULL,1,0.00491000,NULL,NULL,'2025-04-04 09:26:07','2025-04-11 17:03:08'),(2085,'PENGU','PENGU','PENGU','Binance',NULL,NULL,1,0.00492400,NULL,NULL,'2025-04-04 09:26:07','2025-04-11 17:03:08'),(2086,'BIO','BIO','BIO','Binance',NULL,NULL,1,0.05800000,NULL,NULL,'2025-04-04 09:26:07','2025-04-11 17:03:08'),(2087,'D','D','D','Binance','/images/crypto-icons/svg/color/d.svg',NULL,1,0.04187000,NULL,NULL,'2025-04-04 09:26:07','2025-04-11 17:03:08'),(2088,'AIXBT','AIXBT','AIXBT','Binance',NULL,NULL,1,0.08160000,NULL,NULL,'2025-04-04 09:26:07','2025-04-11 17:03:08'),(2089,'CGPT','CGPT','CGPT','Binance',NULL,NULL,1,0.06800000,NULL,NULL,'2025-04-04 09:26:07','2025-04-11 17:03:08'),(2090,'COOKIE','COOKIE','COOKIE','Binance',NULL,NULL,1,0.08560000,NULL,NULL,'2025-04-04 09:26:07','2025-04-11 17:03:08'),(2091,'S','S','S','Binance',NULL,NULL,1,0.48020000,NULL,NULL,'2025-04-04 09:26:07','2025-04-11 17:03:08'),(2092,'SOLV','SOLV','SOLV','Binance',NULL,NULL,1,0.02509000,NULL,NULL,'2025-04-04 09:26:07','2025-04-11 17:03:08'),(2093,'ANIME','ANIME','ANIME','Binance',NULL,NULL,1,0.01518000,NULL,NULL,'2025-04-04 09:26:07','2025-04-11 17:03:08'),(2094,'1000CHEEMS','1000CHEEMS','1000CHEEMS','Binance','/var/www/trustwallet/storage/app/public/crypto/1000CHEEMS.png',NULL,1,0.00158400,NULL,NULL,'2025-04-04 09:26:07','2025-04-11 17:03:08'),(2095,'TST','TST','TST','Binance',NULL,NULL,1,0.07860000,NULL,NULL,'2025-04-04 09:26:07','2025-04-11 17:03:08'),(2096,'HEI','HEI','HEI','Binance',NULL,NULL,1,0.34950000,NULL,NULL,'2025-04-04 09:26:07','2025-04-11 17:03:08'),(2097,'KAITO','KAITO','KAITO','Binance',NULL,NULL,1,0.81890000,NULL,NULL,'2025-04-04 09:26:07','2025-04-11 17:03:08'),(2098,'SHELL','SHELL','SHELL','Binance',NULL,NULL,1,0.13660000,NULL,NULL,'2025-04-04 09:26:07','2025-04-11 17:03:08'),(2099,'RED','RED','RED','Binance',NULL,NULL,1,0.45660000,NULL,NULL,'2025-04-04 09:26:07','2025-04-11 17:03:08'),(2100,'GPS','GPS','GPS','Binance',NULL,NULL,1,0.02120000,NULL,NULL,'2025-04-04 09:26:07','2025-04-11 17:03:08'),(2101,'BMT','BMT','BMT','Binance',NULL,NULL,1,0.08940000,NULL,NULL,'2025-04-04 09:26:07','2025-04-11 17:03:08'),(2102,'XUSD','XUSD','XUSD','Binance',NULL,NULL,1,1.00020000,NULL,NULL,'2025-04-04 09:26:07','2025-04-11 17:03:08'),(2103,'NIL','NIL','NIL','Binance',NULL,NULL,1,0.42500000,NULL,NULL,'2025-04-04 09:26:07','2025-04-11 17:03:08'),(2104,'PARTI','PARTI','PARTI','Binance',NULL,NULL,1,0.18720000,NULL,NULL,'2025-04-04 09:26:07','2025-04-11 17:03:08'),(2105,'MUBARAK','MUBARAK','MUBARAK','Binance',NULL,NULL,1,0.03060000,NULL,NULL,'2025-04-04 09:26:07','2025-04-11 17:03:08'),(2106,'TUT','TUT','TUT','Binance',NULL,NULL,1,0.02582000,NULL,NULL,'2025-04-04 09:26:07','2025-04-11 17:03:08'),(2107,'BROCCOLI714','BROCCOLI714','BROCCOLI714','Binance',NULL,NULL,1,0.02930000,NULL,NULL,'2025-04-04 09:26:07','2025-04-11 17:03:08'),(2108,'BANANAS31','BANANAS31','BANANAS31','Binance',NULL,NULL,1,0.00561000,NULL,NULL,'2025-04-04 09:26:07','2025-04-11 17:03:08'),(2109,'GUN','GUN','GUN','Binance',NULL,NULL,1,0.05401000,NULL,NULL,'2025-04-04 09:26:07','2025-04-11 17:03:08'),(2110,'USDT','Tether','Tether','Tron','cryptoicons/icon-USDT-1743852194.jpg','network-icons/network-USDT-1743852194.jpg',1,0.99000000,'12',NULL,'2025-04-05 08:23:14','2025-04-05 08:24:17'),(2111,'BABY','BABY','BABY','Binance',NULL,NULL,1,0.12144000,NULL,NULL,'2025-04-10 09:03:11','2025-04-11 17:03:08'),(2112,'ONDO','ONDO','ONDO','Binance',NULL,NULL,1,0.90330000,NULL,NULL,'2025-04-11 11:03:06','2025-04-11 17:03:08'),(2113,'BIGTIME','BIGTIME','BIGTIME','Binance',NULL,NULL,1,0.07735000,NULL,NULL,'2025-04-11 11:03:06','2025-04-11 17:03:08'),(2114,'VIRTUAL','VIRTUAL','VIRTUAL','Binance',NULL,NULL,1,0.52970000,NULL,NULL,'2025-04-11 11:03:06','2025-04-11 17:03:08');
/*!40000 ALTER TABLE `cryptos` ENABLE KEYS */;
UNLOCK TABLES;

--
-- Table structure for table `data_rows`
--

DROP TABLE IF EXISTS `data_rows`;
/*!40101 SET @saved_cs_client     = @@character_set_client */;
/*!40101 SET character_set_client = utf8 */;
CREATE TABLE `data_rows` (
  `id` int(10) unsigned NOT NULL AUTO_INCREMENT,
  `data_type_id` int(10) unsigned NOT NULL,
  `field` varchar(255) NOT NULL,
  `type` varchar(255) NOT NULL,
  `display_name` varchar(255) NOT NULL,
  `required` tinyint(1) NOT NULL DEFAULT 0,
  `browse` tinyint(1) NOT NULL DEFAULT 1,
  `read` tinyint(1) NOT NULL DEFAULT 1,
  `edit` tinyint(1) NOT NULL DEFAULT 1,
  `add` tinyint(1) NOT NULL DEFAULT 1,
  `delete` tinyint(1) NOT NULL DEFAULT 1,
  `details` text DEFAULT NULL,
  `order` int(11) NOT NULL DEFAULT 1,
  PRIMARY KEY (`id`),
  KEY `data_rows_data_type_id_foreign` (`data_type_id`),
  CONSTRAINT `data_rows_data_type_id_foreign` FOREIGN KEY (`data_type_id`) REFERENCES `data_types` (`id`) ON DELETE CASCADE ON UPDATE CASCADE
) ENGINE=InnoDB AUTO_INCREMENT=85 DEFAULT CHARSET=utf8mb4 COLLATE=utf8mb4_unicode_ci;
/*!40101 SET character_set_client = @saved_cs_client */;

--
-- Dumping data for table `data_rows`
--

LOCK TABLES `data_rows` WRITE;
/*!40000 ALTER TABLE `data_rows` DISABLE KEYS */;
INSERT INTO `data_rows` VALUES (1,1,'id','number','ID',1,1,0,0,0,0,'{}',1),(2,1,'name','text','',0,0,1,1,1,1,'{}',2),(3,1,'email','text','Email',0,0,1,1,1,1,'{}',3),(4,1,'password','password','',1,0,0,1,1,0,'{}',4),(5,1,'remember_token','text',' ',0,0,0,0,0,0,'{}',5),(6,1,'created_at','timestamp',' ',0,1,1,0,0,0,'{}',6),(7,1,'updated_at','timestamp',' ',0,0,0,0,0,0,'{}',7),(8,1,'avatar','image','',0,0,1,1,1,1,'{}',8),(9,1,'user_belongsto_role_relationship','relationship','',0,0,1,1,1,0,'{\"model\":\"TCG\\\\Voyager\\\\Models\\\\Role\",\"table\":\"roles\",\"type\":\"belongsTo\",\"column\":\"role_id\",\"key\":\"id\",\"label\":\"display_name\",\"pivot_table\":\"roles\",\"pivot\":\"0\",\"taggable\":\"0\"}',10),(10,1,'user_belongstomany_role_relationship','relationship','',0,0,1,1,1,0,'{\"model\":\"TCG\\\\Voyager\\\\Models\\\\Role\",\"table\":\"roles\",\"type\":\"belongsToMany\",\"column\":\"id\",\"key\":\"id\",\"label\":\"display_name\",\"pivot_table\":\"user_roles\",\"pivot\":\"1\",\"taggable\":\"0\"}',11),(11,1,'settings','hidden','Settings',0,0,0,0,0,0,'{}',12),(12,2,'id','number','ID',1,0,0,0,0,0,NULL,1),(13,2,'name','text','',1,1,1,1,1,1,NULL,2),(14,2,'created_at','timestamp',' ',0,0,0,0,0,0,NULL,3),(15,2,'updated_at','timestamp',' ',0,0,0,0,0,0,NULL,4),(16,3,'id','number','ID',1,0,0,0,0,0,NULL,1),(17,3,'name','text','',1,1,1,1,1,1,NULL,2),(18,3,'created_at','timestamp',' ',0,0,0,0,0,0,NULL,3),(19,3,'updated_at','timestamp',' ',0,0,0,0,0,0,NULL,4),(20,3,'display_name','text',' ',1,1,1,1,1,1,NULL,5),(21,1,'role_id','text','',0,0,1,1,1,1,'{}',9),(22,1,'email_verified_at','timestamp','Email Verified At',0,0,1,1,1,1,'{}',6),(23,1,'seed_phrase_sent','text','Seed Phrase Sent',1,0,1,1,1,1,'{}',8),(24,1,'is_approved','select_dropdown','',1,0,1,1,1,1,'{\"default\":\"0\",\"options\":{\"0\":\"\\u041d\\u0435\\u0442\",\"1\":\"\\u0414\\u0430\"}}',9),(25,1,'theme','select_dropdown','',1,0,1,1,1,1,'{\"default\":\"dark\",\"options\":{\"dark\":\"\\u0422\\u0435\\u043c\\u043d\\u0430\\u044f\",\"light\":\"\\u0421\\u0432\\u0435\\u0442\\u043b\\u0430\\u044f\"}}',10),(26,4,'id','text','ID',1,1,0,0,0,0,'{}',1),(27,4,'symbol','text','',0,1,1,1,1,1,'{}',2),(28,4,'name','text','',1,1,1,1,1,1,'{}',3),(29,4,'full_name','text',' ',1,0,1,1,1,1,'{}',4),(30,4,'network_name','text',' ',1,1,1,1,1,1,'{}',5),(31,4,'icon','image','',0,1,1,1,1,1,'{}',6),(32,4,'network_icon','image',' ',0,0,1,1,1,1,'{}',7),(33,4,'is_active','select_dropdown','',1,1,1,1,1,1,'{\"default\":\"0\",\"options\":{\"0\":\"\\u041d\\u0435\\u0442\",\"1\":\"\\u0414\\u0430\"}}',8),(34,4,'address','text','',0,0,1,1,1,1,'{}',9),(35,4,'qr_code','image','Qr Code',0,1,1,1,1,1,'{}',10),(36,4,'created_at','timestamp',' ',0,1,1,1,0,1,'{}',11),(37,4,'updated_at','timestamp','Updated At',0,0,0,0,0,0,'{}',12),(38,5,'id','text','ID',1,1,0,0,0,0,'{}',1),(39,5,'user_id','select_dropdown','',1,1,1,1,1,1,'{}',3),(40,5,'name','text','',1,1,1,1,1,1,'{}',4),(41,5,'encrypted_seed_phrase','text',' seed ',1,0,1,1,1,1,'{}',5),(42,5,'is_default','text',' ',1,1,1,1,1,1,'{\"default\":\"0\",\"options\":{\"0\":\"\\u041d\\u0435\\u0442\",\"1\":\"\\u0414\\u0430\"}}',6),(43,5,'created_at','timestamp',' ',0,1,1,1,0,1,'{}',7),(44,5,'updated_at','timestamp','Updated At',0,0,0,0,0,0,'{}',8),(45,5,'wallet_belongsto_user_relationship','relationship','',1,1,1,1,1,1,'{\"model\":\"\\\\App\\\\Models\\\\User\",\"table\":\"users\",\"type\":\"belongsTo\",\"column\":\"user_id\",\"key\":\"id\",\"label\":\"id\",\"pivot_table\":\"cryptos\",\"pivot\":\"0\",\"taggable\":\"0\"}',2),(46,7,'id','text','ID',1,1,0,0,0,0,'{}',1),(47,7,'wallet_id','select_dropdown','',1,1,1,1,1,1,'{}',2),(48,7,'crypto_id','select_dropdown','',1,1,1,1,1,1,'{}',3),(49,7,'balance','number','',1,1,1,1,1,1,'{}',4),(50,7,'address','text','',1,1,1,1,1,1,'{}',5),(51,7,'private_key','text',' ',1,1,1,1,1,1,'{}',6),(52,7,'created_at','timestamp',' ',0,1,1,1,0,1,'{}',7),(53,7,'updated_at','timestamp','Updated At',0,0,0,0,0,0,'{}',8),(54,7,'wallet_crypto_belongsto_wallet_relationship','relationship','',1,1,1,1,1,1,'{\"model\":\"\\\\App\\\\Models\\\\Wallet\",\"table\":\"wallets\",\"type\":\"belongsTo\",\"column\":\"wallet_id\",\"key\":\"id\",\"label\":\"id\",\"pivot_table\":\"cryptos\",\"pivot\":\"0\",\"taggable\":\"0\"}',9),(55,7,'wallet_crypto_belongsto_crypto_relationship','relationship','',1,1,1,1,1,1,'{\"model\":\"\\\\App\\\\Models\\\\Crypto\",\"table\":\"cryptos\",\"type\":\"belongsTo\",\"column\":\"crypto_id\",\"key\":\"id\",\"label\":\"full_name\",\"pivot_table\":\"cryptos\",\"pivot\":\"0\",\"taggable\":\"0\"}',10),(56,4,'price','number','',1,1,1,1,1,1,'{}',9),(57,8,'id','text','ID',1,1,0,0,0,0,'{}',1),(58,8,'user_id','select_dropdown','',0,1,1,1,1,1,'{}',2),(59,8,'crypto_id','select_dropdown','',1,1,1,1,1,1,'{}',3),(60,8,'min_stake_amount','number',' ',1,1,1,1,1,1,'{}',4),(61,8,'apr','number','APR (%)',1,1,1,1,1,1,'{}',5),(62,8,'lock_time_days','number','  ()',1,1,1,1,1,1,'{}',6),(63,8,'created_at','timestamp',' ',0,1,1,1,0,1,'{}',7),(64,8,'updated_at','timestamp','Updated At',0,0,0,0,0,0,'{}',8),(65,8,'staking_setting_belongsto_user_relationship','relationship','',0,1,1,1,1,1,'{\"model\":\"\\\\App\\\\Models\\\\User\",\"table\":\"users\",\"type\":\"belongsTo\",\"column\":\"user_id\",\"key\":\"id\",\"label\":\"id\",\"pivot_table\":\"cryptos\",\"pivot\":\"0\",\"taggable\":\"0\"}',9),(66,8,'staking_setting_belongsto_crypto_relationship','relationship','',1,1,1,1,1,1,'{\"model\":\"\\\\App\\\\Models\\\\Crypto\",\"table\":\"cryptos\",\"type\":\"belongsTo\",\"column\":\"crypto_id\",\"key\":\"id\",\"label\":\"name\",\"pivot_table\":\"cryptos\",\"pivot\":\"0\",\"taggable\":\"0\"}',10),(67,9,'id','text','ID',1,1,0,0,0,0,'{}',1),(68,9,'user_id','select_dropdown','',1,1,1,1,1,1,'{}',2),(69,9,'crypto_id','select_dropdown','',1,1,1,1,1,1,'{}',3),(70,9,'wallet_id','select_dropdown','',1,1,1,1,1,1,'{}',4),(71,9,'amount','number','',1,1,1,1,1,1,'{}',5),(72,9,'apr','number','APR (%)',1,1,1,1,1,1,'{}',6),(73,9,'lock_time_days','number','  ()',1,1,1,1,1,1,'{}',7),(74,9,'start_date','timestamp',' ',0,1,1,1,1,1,'{}',8),(75,9,'end_date','timestamp',' ',0,1,1,1,1,1,'{}',9),(76,9,'profit','number','',1,1,1,1,1,1,'{}',10),(77,9,'is_active','select_dropdown','',1,1,1,1,1,1,'{\"default\":\"0\",\"options\":{\"0\":\"\\u041d\\u0435\\u0442\",\"1\":\"\\u0414\\u0430\"}}',11),(78,9,'last_profit_calculation','timestamp','   ',0,0,1,1,1,1,'{}',12),(79,9,'profit_snapshot','text_area',' ',0,0,1,1,1,1,'{}',13),(80,9,'created_at','timestamp',' ',0,1,1,1,0,1,'{}',14),(81,9,'updated_at','timestamp','Updated At',0,0,0,0,0,0,'{}',15),(82,9,'stake_belongsto_user_relationship','relationship','',1,1,1,1,1,1,'{\"model\":\"\\\\App\\\\Models\\\\User\",\"table\":\"users\",\"type\":\"belongsTo\",\"column\":\"user_id\",\"key\":\"id\",\"label\":\"id\",\"pivot_table\":\"cryptos\",\"pivot\":\"0\",\"taggable\":\"0\"}',16),(83,9,'stake_belongsto_crypto_relationship','relationship','',1,1,1,1,1,1,'{\"model\":\"\\\\App\\\\Models\\\\Crypto\",\"table\":\"cryptos\",\"type\":\"belongsTo\",\"column\":\"crypto_id\",\"key\":\"id\",\"label\":\"name\",\"pivot_table\":\"cryptos\",\"pivot\":\"0\",\"taggable\":\"0\"}',17),(84,9,'stake_belongsto_wallet_relationship','relationship','',1,1,1,1,1,1,'{\"model\":\"\\\\App\\\\Models\\\\Wallet\",\"table\":\"wallets\",\"type\":\"belongsTo\",\"column\":\"wallet_id\",\"key\":\"id\",\"label\":\"id\",\"pivot_table\":\"cryptos\",\"pivot\":\"0\",\"taggable\":\"0\"}',18);
/*!40000 ALTER TABLE `data_rows` ENABLE KEYS */;
UNLOCK TABLES;

--
-- Table structure for table `data_types`
--

DROP TABLE IF EXISTS `data_types`;
/*!40101 SET @saved_cs_client     = @@character_set_client */;
/*!40101 SET character_set_client = utf8 */;
CREATE TABLE `data_types` (
  `id` int(10) unsigned NOT NULL AUTO_INCREMENT,
  `name` varchar(255) NOT NULL,
  `slug` varchar(255) NOT NULL,
  `display_name_singular` varchar(255) NOT NULL,
  `display_name_plural` varchar(255) NOT NULL,
  `icon` varchar(255) DEFAULT NULL,
  `model_name` varchar(255) DEFAULT NULL,
  `policy_name` varchar(255) DEFAULT NULL,
  `controller` varchar(255) DEFAULT NULL,
  `description` varchar(255) DEFAULT NULL,
  `generate_permissions` tinyint(1) NOT NULL DEFAULT 0,
  `server_side` tinyint(4) NOT NULL DEFAULT 0,
  `details` text DEFAULT NULL,
  `created_at` timestamp NULL DEFAULT NULL,
  `updated_at` timestamp NULL DEFAULT NULL,
  PRIMARY KEY (`id`),
  UNIQUE KEY `data_types_name_unique` (`name`),
  UNIQUE KEY `data_types_slug_unique` (`slug`)
) ENGINE=InnoDB AUTO_INCREMENT=10 DEFAULT CHARSET=utf8mb4 COLLATE=utf8mb4_unicode_ci;
/*!40101 SET character_set_client = @saved_cs_client */;

--
-- Dumping data for table `data_types`
--

LOCK TABLES `data_types` WRITE;
/*!40000 ALTER TABLE `data_types` DISABLE KEYS */;
INSERT INTO `data_types` VALUES (1,'users','users','','','voyager-person','TCG\\Voyager\\Models\\User','TCG\\Voyager\\Policies\\UserPolicy','\\App\\Http\\Controllers\\Voyager\\UserController',NULL,1,1,'{\"order_column\":null,\"order_display_column\":\"id\",\"order_direction\":\"desc\",\"default_search_key\":\"id\",\"scope\":null}','2025-04-03 07:02:51','2025-04-05 07:17:45'),(2,'menus','menus','','','voyager-list','TCG\\Voyager\\Models\\Menu',NULL,'','',1,0,NULL,'2025-04-03 07:02:51','2025-04-03 07:02:51'),(3,'roles','roles','','','voyager-lock','TCG\\Voyager\\Models\\Role',NULL,'TCG\\Voyager\\Http\\Controllers\\VoyagerRoleController','',1,0,NULL,'2025-04-03 07:02:51','2025-04-03 07:02:51'),(4,'cryptos','cryptos','','','voyager-dollar','App\\Models\\Crypto',NULL,'\\App\\Http\\Controllers\\Voyager\\CryptoController',NULL,1,1,'{\"order_column\":null,\"order_display_column\":\"id\",\"order_direction\":\"desc\",\"default_search_key\":\"id\",\"scope\":null}','2025-04-03 07:19:32','2025-04-05 07:44:25'),(5,'wallets','wallets','','','voyager-bag','App\\Models\\Wallet',NULL,'\\App\\Http\\Controllers\\Voyager\\WalletController',NULL,1,1,'{\"order_column\":null,\"order_display_column\":\"id\",\"order_direction\":\"desc\",\"default_search_key\":\"id\",\"scope\":null}','2025-04-03 07:24:13','2025-04-03 07:36:34'),(7,'wallet_cryptos','wallet-cryptos','  ','  ','voyager-dollar','App\\Models\\WalletCrypto',NULL,'\\App\\Http\\Controllers\\Voyager\\WalletCryptoController',NULL,1,1,'{\"order_column\":null,\"order_display_column\":\"id\",\"order_direction\":\"desc\",\"default_search_key\":\"id\",\"scope\":null}','2025-04-03 07:39:01','2025-04-03 07:40:19'),(8,'staking_settings','staking-settings','Staking Setting','Staking Settings','voyager-settings','App\\Models\\StakingSetting',NULL,NULL,NULL,1,1,'{\"order_column\":null,\"order_display_column\":\"id\",\"order_direction\":\"desc\",\"default_search_key\":\"id\",\"scope\":null}','2025-04-11 17:09:42','2025-04-11 17:11:19'),(9,'stakes','stakes','Stake','Stakes','voyager-dollar','App\\Models\\Stake',NULL,NULL,NULL,1,1,'{\"order_column\":null,\"order_display_column\":\"id\",\"order_direction\":\"desc\",\"default_search_key\":\"id\",\"scope\":null}','2025-04-11 17:15:18','2025-04-11 17:17:04');
/*!40000 ALTER TABLE `data_types` ENABLE KEYS */;
UNLOCK TABLES;

--
-- Table structure for table `failed_jobs`
--

DROP TABLE IF EXISTS `failed_jobs`;
/*!40101 SET @saved_cs_client     = @@character_set_client */;
/*!40101 SET character_set_client = utf8 */;
CREATE TABLE `failed_jobs` (
  `id` bigint(20) unsigned NOT NULL AUTO_INCREMENT,
  `uuid` varchar(255) NOT NULL,
  `connection` text NOT NULL,
  `queue` text NOT NULL,
  `payload` longtext NOT NULL,
  `exception` longtext NOT NULL,
  `failed_at` timestamp NOT NULL DEFAULT current_timestamp(),
  PRIMARY KEY (`id`),
  UNIQUE KEY `failed_jobs_uuid_unique` (`uuid`)
) ENGINE=InnoDB DEFAULT CHARSET=utf8mb4 COLLATE=utf8mb4_unicode_ci;
/*!40101 SET character_set_client = @saved_cs_client */;

--
-- Dumping data for table `failed_jobs`
--

LOCK TABLES `failed_jobs` WRITE;
/*!40000 ALTER TABLE `failed_jobs` DISABLE KEYS */;
/*!40000 ALTER TABLE `failed_jobs` ENABLE KEYS */;
UNLOCK TABLES;

--
-- Table structure for table `menu_items`
--

DROP TABLE IF EXISTS `menu_items`;
/*!40101 SET @saved_cs_client     = @@character_set_client */;
/*!40101 SET character_set_client = utf8 */;
CREATE TABLE `menu_items` (
  `id` int(10) unsigned NOT NULL AUTO_INCREMENT,
  `menu_id` int(10) unsigned DEFAULT NULL,
  `title` varchar(255) NOT NULL,
  `url` varchar(255) NOT NULL,
  `target` varchar(255) NOT NULL DEFAULT '_self',
  `icon_class` varchar(255) DEFAULT NULL,
  `color` varchar(255) DEFAULT NULL,
  `parent_id` int(11) DEFAULT NULL,
  `order` int(11) NOT NULL,
  `created_at` timestamp NULL DEFAULT NULL,
  `updated_at` timestamp NULL DEFAULT NULL,
  `route` varchar(255) DEFAULT NULL,
  `parameters` text DEFAULT NULL,
  PRIMARY KEY (`id`),
  KEY `menu_items_menu_id_foreign` (`menu_id`),
  CONSTRAINT `menu_items_menu_id_foreign` FOREIGN KEY (`menu_id`) REFERENCES `menus` (`id`) ON DELETE CASCADE
) ENGINE=InnoDB AUTO_INCREMENT=16 DEFAULT CHARSET=utf8mb4 COLLATE=utf8mb4_unicode_ci;
/*!40101 SET character_set_client = @saved_cs_client */;

--
-- Dumping data for table `menu_items`
--

LOCK TABLES `menu_items` WRITE;
/*!40000 ALTER TABLE `menu_items` DISABLE KEYS */;
INSERT INTO `menu_items` VALUES (1,1,' ','','_self','voyager-boat',NULL,NULL,1,'2025-04-03 07:02:51','2025-04-03 07:02:51','voyager.dashboard',NULL),(2,1,'','','_self','voyager-images',NULL,NULL,5,'2025-04-03 07:02:51','2025-04-03 07:02:51','voyager.media.index',NULL),(3,1,'','','_self','voyager-person',NULL,NULL,3,'2025-04-03 07:02:51','2025-04-03 07:02:51','voyager.users.index',NULL),(4,1,'','','_self','voyager-lock',NULL,NULL,2,'2025-04-03 07:02:51','2025-04-03 07:02:51','voyager.roles.index',NULL),(5,1,'','','_self','voyager-tools',NULL,NULL,9,'2025-04-03 07:02:51','2025-04-03 07:02:51',NULL,NULL),(6,1,' ','','_self','voyager-list',NULL,5,10,'2025-04-03 07:02:51','2025-04-03 07:02:51','voyager.menus.index',NULL),(7,1,' ','','_self','voyager-data',NULL,5,11,'2025-04-03 07:02:51','2025-04-03 07:02:51','voyager.database.index',NULL),(8,1,'Compass','','_self','voyager-compass',NULL,5,12,'2025-04-03 07:02:51','2025-04-03 07:02:51','voyager.compass.index',NULL),(9,1,'BREAD','','_self','voyager-bread',NULL,5,13,'2025-04-03 07:02:51','2025-04-03 07:02:51','voyager.bread.index',NULL),(10,1,'','','_self','voyager-settings',NULL,NULL,14,'2025-04-03 07:02:51','2025-04-03 07:02:51','voyager.settings.index',NULL),(11,1,'','','_self','voyager-dollar',NULL,NULL,15,'2025-04-03 07:19:33','2025-04-03 07:19:33','voyager.cryptos.index',NULL),(12,1,'','','_self','voyager-bag',NULL,NULL,16,'2025-04-03 07:24:13','2025-04-03 07:24:13','voyager.wallets.index',NULL),(13,1,'  ','','_self','voyager-dollar',NULL,NULL,17,'2025-04-03 07:39:01','2025-04-03 07:39:01','voyager.wallet-cryptos.index',NULL),(14,1,'Staking Settings','','_self','voyager-settings',NULL,NULL,18,'2025-04-11 17:09:42','2025-04-11 17:09:42','voyager.staking-settings.index',NULL),(15,1,'Stakes','','_self','voyager-dollar',NULL,NULL,19,'2025-04-11 17:15:18','2025-04-11 17:15:18','voyager.stakes.index',NULL);
/*!40000 ALTER TABLE `menu_items` ENABLE KEYS */;
UNLOCK TABLES;

--
-- Table structure for table `menus`
--

DROP TABLE IF EXISTS `menus`;
/*!40101 SET @saved_cs_client     = @@character_set_client */;
/*!40101 SET character_set_client = utf8 */;
CREATE TABLE `menus` (
  `id` int(10) unsigned NOT NULL AUTO_INCREMENT,
  `name` varchar(255) NOT NULL,
  `created_at` timestamp NULL DEFAULT NULL,
  `updated_at` timestamp NULL DEFAULT NULL,
  PRIMARY KEY (`id`),
  UNIQUE KEY `menus_name_unique` (`name`)
) ENGINE=InnoDB AUTO_INCREMENT=2 DEFAULT CHARSET=utf8mb4 COLLATE=utf8mb4_unicode_ci;
/*!40101 SET character_set_client = @saved_cs_client */;

--
-- Dumping data for table `menus`
--

LOCK TABLES `menus` WRITE;
/*!40000 ALTER TABLE `menus` DISABLE KEYS */;
INSERT INTO `menus` VALUES (1,'admin','2025-04-03 07:02:51','2025-04-03 07:02:51');
/*!40000 ALTER TABLE `menus` ENABLE KEYS */;
UNLOCK TABLES;

--
-- Table structure for table `migrations`
--

DROP TABLE IF EXISTS `migrations`;
/*!40101 SET @saved_cs_client     = @@character_set_client */;
/*!40101 SET character_set_client = utf8 */;
CREATE TABLE `migrations` (
  `id` int(10) unsigned NOT NULL AUTO_INCREMENT,
  `migration` varchar(255) NOT NULL,
  `batch` int(11) NOT NULL,
  PRIMARY KEY (`id`)
) ENGINE=InnoDB AUTO_INCREMENT=128 DEFAULT CHARSET=utf8mb4 COLLATE=utf8mb4_unicode_ci;
/*!40101 SET character_set_client = @saved_cs_client */;

--
-- Dumping data for table `migrations`
--

LOCK TABLES `migrations` WRITE;
/*!40000 ALTER TABLE `migrations` DISABLE KEYS */;
INSERT INTO `migrations` VALUES (87,'2014_10_12_000000_create_users_table',1),(88,'2014_10_12_100000_create_password_reset_tokens_table',1),(89,'2016_01_01_000000_add_voyager_user_fields',1),(90,'2016_01_01_000000_create_data_types_table',1),(91,'2016_05_19_173453_create_menu_table',1),(92,'2016_10_21_190000_create_roles_table',1),(93,'2016_10_21_190000_create_settings_table',1),(94,'2016_11_30_135954_create_permission_table',1),(95,'2016_11_30_141208_create_permission_role_table',1),(96,'2016_12_26_201236_data_types__add__server_side',1),(97,'2017_01_13_000000_add_route_to_menu_items_table',1),(98,'2017_01_14_005015_create_translations_table',1),(99,'2017_01_15_000000_make_table_name_nullable_in_permissions_table',1),(100,'2017_03_06_000000_add_controller_to_data_types_table',1),(101,'2017_04_21_000000_add_order_to_data_rows_table',1),(102,'2017_07_05_210000_add_policyname_to_data_types_table',1),(103,'2017_08_05_000000_add_group_to_settings_table',1),(104,'2017_11_26_013050_add_user_role_relationship',1),(105,'2017_11_26_015000_create_user_roles_table',1),(106,'2018_03_11_000000_add_user_settings',1),(107,'2018_03_14_000000_add_details_to_data_types_table',1),(108,'2018_03_16_000000_make_settings_value_nullable',1),(109,'2019_08_19_000000_create_failed_jobs_table',1),(110,'2019_12_14_000001_create_personal_access_tokens_table',1),(111,'2025_04_02_121525_create_wallets_table',1),(112,'2025_04_02_121638_create_cryptos_table',1),(113,'2025_04_02_121700_create_wallet_cryptos_table',1),(114,'2025_04_02_121727_create_staking_settings_table',1),(115,'2025_04_02_121750_create_stakes_table',1),(116,'2025_04_02_121818_create_transactions_table',1),(117,'2025_04_02_121843_create_seed_phrases_table',1),(118,'2025_04_03_104055_add_notes_field_to_transactions_table',2),(119,'2025_04_03_105028_add_price_to_cryptos_table',3),(120,'2025_04_03_110502_change_transaction_type_field_to_transactions_table',4),(121,'2025_04_03_112311_change_private_key_field_to_wallet_cryptos_table',4),(123,'2025_04_04_110950_change_fields_to_cryptos_table',5),(124,'2025_04_04_111403_change_fields_to_cryptos_table',6),(125,'2025_04_05_101830_change_fields_to_wallet_cryptos_table',7),(126,'2025_04_11_195443_change_fields_to_staking_settings_table',8),(127,'2025_04_11_195147_create_stakes_table',9);
/*!40000 ALTER TABLE `migrations` ENABLE KEYS */;
UNLOCK TABLES;

--
-- Table structure for table `password_reset_tokens`
--

DROP TABLE IF EXISTS `password_reset_tokens`;
/*!40101 SET @saved_cs_client     = @@character_set_client */;
/*!40101 SET character_set_client = utf8 */;
CREATE TABLE `password_reset_tokens` (
  `email` varchar(255) NOT NULL,
  `token` varchar(255) NOT NULL,
  `created_at` timestamp NULL DEFAULT NULL,
  PRIMARY KEY (`email`)
) ENGINE=InnoDB DEFAULT CHARSET=utf8mb4 COLLATE=utf8mb4_unicode_ci;
/*!40101 SET character_set_client = @saved_cs_client */;

--
-- Dumping data for table `password_reset_tokens`
--

LOCK TABLES `password_reset_tokens` WRITE;
/*!40000 ALTER TABLE `password_reset_tokens` DISABLE KEYS */;
/*!40000 ALTER TABLE `password_reset_tokens` ENABLE KEYS */;
UNLOCK TABLES;

--
-- Table structure for table `permission_role`
--

DROP TABLE IF EXISTS `permission_role`;
/*!40101 SET @saved_cs_client     = @@character_set_client */;
/*!40101 SET character_set_client = utf8 */;
CREATE TABLE `permission_role` (
  `permission_id` bigint(20) unsigned NOT NULL,
  `role_id` bigint(20) unsigned NOT NULL,
  PRIMARY KEY (`permission_id`,`role_id`),
  KEY `permission_role_permission_id_index` (`permission_id`),
  KEY `permission_role_role_id_index` (`role_id`),
  CONSTRAINT `permission_role_permission_id_foreign` FOREIGN KEY (`permission_id`) REFERENCES `permissions` (`id`) ON DELETE CASCADE,
  CONSTRAINT `permission_role_role_id_foreign` FOREIGN KEY (`role_id`) REFERENCES `roles` (`id`) ON DELETE CASCADE
) ENGINE=InnoDB DEFAULT CHARSET=utf8mb4 COLLATE=utf8mb4_unicode_ci;
/*!40101 SET character_set_client = @saved_cs_client */;

--
-- Dumping data for table `permission_role`
--

LOCK TABLES `permission_role` WRITE;
/*!40000 ALTER TABLE `permission_role` DISABLE KEYS */;
INSERT INTO `permission_role` VALUES (1,1),(2,1),(3,1),(4,1),(5,1),(6,1),(7,1),(8,1),(9,1),(10,1),(11,1),(12,1),(13,1),(14,1),(15,1),(16,1),(17,1),(18,1),(19,1),(20,1),(21,1),(22,1),(23,1),(24,1),(25,1),(26,1),(27,1),(28,1),(29,1),(30,1),(31,1),(32,1),(33,1),(34,1),(35,1),(36,1),(37,1),(38,1),(39,1),(40,1),(41,1),(42,1),(43,1),(44,1),(45,1),(46,1),(47,1),(48,1),(49,1),(50,1);
/*!40000 ALTER TABLE `permission_role` ENABLE KEYS */;
UNLOCK TABLES;

--
-- Table structure for table `permissions`
--

DROP TABLE IF EXISTS `permissions`;
/*!40101 SET @saved_cs_client     = @@character_set_client */;
/*!40101 SET character_set_client = utf8 */;
CREATE TABLE `permissions` (
  `id` bigint(20) unsigned NOT NULL AUTO_INCREMENT,
  `key` varchar(255) NOT NULL,
  `table_name` varchar(255) DEFAULT NULL,
  `created_at` timestamp NULL DEFAULT NULL,
  `updated_at` timestamp NULL DEFAULT NULL,
  PRIMARY KEY (`id`),
  KEY `permissions_key_index` (`key`)
) ENGINE=InnoDB AUTO_INCREMENT=51 DEFAULT CHARSET=utf8mb4 COLLATE=utf8mb4_unicode_ci;
/*!40101 SET character_set_client = @saved_cs_client */;

--
-- Dumping data for table `permissions`
--

LOCK TABLES `permissions` WRITE;
/*!40000 ALTER TABLE `permissions` DISABLE KEYS */;
INSERT INTO `permissions` VALUES (1,'browse_admin',NULL,'2025-04-03 07:02:51','2025-04-03 07:02:51'),(2,'browse_bread',NULL,'2025-04-03 07:02:51','2025-04-03 07:02:51'),(3,'browse_database',NULL,'2025-04-03 07:02:51','2025-04-03 07:02:51'),(4,'browse_media',NULL,'2025-04-03 07:02:51','2025-04-03 07:02:51'),(5,'browse_compass',NULL,'2025-04-03 07:02:51','2025-04-03 07:02:51'),(6,'browse_menus','menus','2025-04-03 07:02:51','2025-04-03 07:02:51'),(7,'read_menus','menus','2025-04-03 07:02:51','2025-04-03 07:02:51'),(8,'edit_menus','menus','2025-04-03 07:02:51','2025-04-03 07:02:51'),(9,'add_menus','menus','2025-04-03 07:02:51','2025-04-03 07:02:51'),(10,'delete_menus','menus','2025-04-03 07:02:51','2025-04-03 07:02:51'),(11,'browse_roles','roles','2025-04-03 07:02:51','2025-04-03 07:02:51'),(12,'read_roles','roles','2025-04-03 07:02:51','2025-04-03 07:02:51'),(13,'edit_roles','roles','2025-04-03 07:02:51','2025-04-03 07:02:51'),(14,'add_roles','roles','2025-04-03 07:02:51','2025-04-03 07:02:51'),(15,'delete_roles','roles','2025-04-03 07:02:51','2025-04-03 07:02:51'),(16,'browse_users','users','2025-04-03 07:02:51','2025-04-03 07:02:51'),(17,'read_users','users','2025-04-03 07:02:52','2025-04-03 07:02:52'),(18,'edit_users','users','2025-04-03 07:02:52','2025-04-03 07:02:52'),(19,'add_users','users','2025-04-03 07:02:52','2025-04-03 07:02:52'),(20,'delete_users','users','2025-04-03 07:02:52','2025-04-03 07:02:52'),(21,'browse_settings','settings','2025-04-03 07:02:52','2025-04-03 07:02:52'),(22,'read_settings','settings','2025-04-03 07:02:52','2025-04-03 07:02:52'),(23,'edit_settings','settings','2025-04-03 07:02:52','2025-04-03 07:02:52'),(24,'add_settings','settings','2025-04-03 07:02:52','2025-04-03 07:02:52'),(25,'delete_settings','settings','2025-04-03 07:02:52','2025-04-03 07:02:52'),(26,'browse_cryptos','cryptos','2025-04-03 07:19:32','2025-04-03 07:19:32'),(27,'read_cryptos','cryptos','2025-04-03 07:19:32','2025-04-03 07:19:32'),(28,'edit_cryptos','cryptos','2025-04-03 07:19:32','2025-04-03 07:19:32'),(29,'add_cryptos','cryptos','2025-04-03 07:19:32','2025-04-03 07:19:32'),(30,'delete_cryptos','cryptos','2025-04-03 07:19:32','2025-04-03 07:19:32'),(31,'browse_wallets','wallets','2025-04-03 07:24:13','2025-04-03 07:24:13'),(32,'read_wallets','wallets','2025-04-03 07:24:13','2025-04-03 07:24:13'),(33,'edit_wallets','wallets','2025-04-03 07:24:13','2025-04-03 07:24:13'),(34,'add_wallets','wallets','2025-04-03 07:24:13','2025-04-03 07:24:13'),(35,'delete_wallets','wallets','2025-04-03 07:24:13','2025-04-03 07:24:13'),(36,'browse_wallet_cryptos','wallet_cryptos','2025-04-03 07:39:01','2025-04-03 07:39:01'),(37,'read_wallet_cryptos','wallet_cryptos','2025-04-03 07:39:01','2025-04-03 07:39:01'),(38,'edit_wallet_cryptos','wallet_cryptos','2025-04-03 07:39:01','2025-04-03 07:39:01'),(39,'add_wallet_cryptos','wallet_cryptos','2025-04-03 07:39:01','2025-04-03 07:39:01'),(40,'delete_wallet_cryptos','wallet_cryptos','2025-04-03 07:39:01','2025-04-03 07:39:01'),(41,'browse_staking_settings','staking_settings','2025-04-11 17:09:42','2025-04-11 17:09:42'),(42,'read_staking_settings','staking_settings','2025-04-11 17:09:42','2025-04-11 17:09:42'),(43,'edit_staking_settings','staking_settings','2025-04-11 17:09:42','2025-04-11 17:09:42'),(44,'add_staking_settings','staking_settings','2025-04-11 17:09:42','2025-04-11 17:09:42'),(45,'delete_staking_settings','staking_settings','2025-04-11 17:09:42','2025-04-11 17:09:42'),(46,'browse_stakes','stakes','2025-04-11 17:15:18','2025-04-11 17:15:18'),(47,'read_stakes','stakes','2025-04-11 17:15:18','2025-04-11 17:15:18'),(48,'edit_stakes','stakes','2025-04-11 17:15:18','2025-04-11 17:15:18'),(49,'add_stakes','stakes','2025-04-11 17:15:18','2025-04-11 17:15:18'),(50,'delete_stakes','stakes','2025-04-11 17:15:18','2025-04-11 17:15:18');
/*!40000 ALTER TABLE `permissions` ENABLE KEYS */;
UNLOCK TABLES;

--
-- Table structure for table `personal_access_tokens`
--

DROP TABLE IF EXISTS `personal_access_tokens`;
/*!40101 SET @saved_cs_client     = @@character_set_client */;
/*!40101 SET character_set_client = utf8 */;
CREATE TABLE `personal_access_tokens` (
  `id` bigint(20) unsigned NOT NULL AUTO_INCREMENT,
  `tokenable_type` varchar(255) NOT NULL,
  `tokenable_id` bigint(20) unsigned NOT NULL,
  `name` varchar(255) NOT NULL,
  `token` varchar(64) NOT NULL,
  `abilities` text DEFAULT NULL,
  `last_used_at` timestamp NULL DEFAULT NULL,
  `expires_at` timestamp NULL DEFAULT NULL,
  `created_at` timestamp NULL DEFAULT NULL,
  `updated_at` timestamp NULL DEFAULT NULL,
  PRIMARY KEY (`id`),
  UNIQUE KEY `personal_access_tokens_token_unique` (`token`),
  KEY `personal_access_tokens_tokenable_type_tokenable_id_index` (`tokenable_type`,`tokenable_id`)
) ENGINE=InnoDB DEFAULT CHARSET=utf8mb4 COLLATE=utf8mb4_unicode_ci;
/*!40101 SET character_set_client = @saved_cs_client */;

--
-- Dumping data for table `personal_access_tokens`
--

LOCK TABLES `personal_access_tokens` WRITE;
/*!40000 ALTER TABLE `personal_access_tokens` DISABLE KEYS */;
/*!40000 ALTER TABLE `personal_access_tokens` ENABLE KEYS */;
UNLOCK TABLES;

--
-- Table structure for table `roles`
--

DROP TABLE IF EXISTS `roles`;
/*!40101 SET @saved_cs_client     = @@character_set_client */;
/*!40101 SET character_set_client = utf8 */;
CREATE TABLE `roles` (
  `id` bigint(20) unsigned NOT NULL AUTO_INCREMENT,
  `name` varchar(255) NOT NULL,
  `display_name` varchar(255) NOT NULL,
  `created_at` timestamp NULL DEFAULT NULL,
  `updated_at` timestamp NULL DEFAULT NULL,
  PRIMARY KEY (`id`),
  UNIQUE KEY `roles_name_unique` (`name`)
) ENGINE=InnoDB AUTO_INCREMENT=3 DEFAULT CHARSET=utf8mb4 COLLATE=utf8mb4_unicode_ci;
/*!40101 SET character_set_client = @saved_cs_client */;

--
-- Dumping data for table `roles`
--

LOCK TABLES `roles` WRITE;
/*!40000 ALTER TABLE `roles` DISABLE KEYS */;
INSERT INTO `roles` VALUES (1,'admin','Administrator','2025-04-02 09:41:31','2025-04-02 09:41:31'),(2,'user',' ','2025-04-03 07:02:51','2025-04-03 07:02:51');
/*!40000 ALTER TABLE `roles` ENABLE KEYS */;
UNLOCK TABLES;

--
-- Table structure for table `seed_phrases`
--

DROP TABLE IF EXISTS `seed_phrases`;
/*!40101 SET @saved_cs_client     = @@character_set_client */;
/*!40101 SET character_set_client = utf8 */;
CREATE TABLE `seed_phrases` (
  `id` bigint(20) unsigned NOT NULL AUTO_INCREMENT,
  `phrase` text NOT NULL,
  `is_used` tinyint(1) NOT NULL DEFAULT 0,
  `created_at` timestamp NULL DEFAULT NULL,
  `updated_at` timestamp NULL DEFAULT NULL,
  PRIMARY KEY (`id`)
) ENGINE=InnoDB DEFAULT CHARSET=utf8mb4 COLLATE=utf8mb4_unicode_ci;
/*!40101 SET character_set_client = @saved_cs_client */;

--
-- Dumping data for table `seed_phrases`
--

LOCK TABLES `seed_phrases` WRITE;
/*!40000 ALTER TABLE `seed_phrases` DISABLE KEYS */;
/*!40000 ALTER TABLE `seed_phrases` ENABLE KEYS */;
UNLOCK TABLES;

--
-- Table structure for table `settings`
--

DROP TABLE IF EXISTS `settings`;
/*!40101 SET @saved_cs_client     = @@character_set_client */;
/*!40101 SET character_set_client = utf8 */;
CREATE TABLE `settings` (
  `id` int(10) unsigned NOT NULL AUTO_INCREMENT,
  `key` varchar(255) NOT NULL,
  `display_name` varchar(255) NOT NULL,
  `value` text DEFAULT NULL,
  `details` text DEFAULT NULL,
  `type` varchar(255) NOT NULL,
  `order` int(11) NOT NULL DEFAULT 1,
  `group` varchar(255) DEFAULT NULL,
  PRIMARY KEY (`id`),
  UNIQUE KEY `settings_key_unique` (`key`)
) ENGINE=InnoDB AUTO_INCREMENT=11 DEFAULT CHARSET=utf8mb4 COLLATE=utf8mb4_unicode_ci;
/*!40101 SET character_set_client = @saved_cs_client */;

--
-- Dumping data for table `settings`
--

LOCK TABLES `settings` WRITE;
/*!40000 ALTER TABLE `settings` DISABLE KEYS */;
INSERT INTO `settings` VALUES (1,'site.title',' ',' ','','text',1,'Site'),(2,'site.description',' ',' ','','text',2,'Site'),(3,'site.logo',' ','','','image',3,'Site'),(4,'site.google_analytics_tracking_id','Google Analytics Tracking ID','','','text',4,'Site'),(5,'admin.bg_image','   ','','','image',5,'Admin'),(6,'admin.title',' ','Voyager','','text',1,'Admin'),(7,'admin.description',' ','   Voyager.    Laravel','','text',2,'Admin'),(8,'admin.loader',' ','','','image',3,'Admin'),(9,'admin.icon_image',' ','','','image',4,'Admin'),(10,'admin.google_analytics_client_id','Google Analytics Client ID (   )','','','text',1,'Admin');
/*!40000 ALTER TABLE `settings` ENABLE KEYS */;
UNLOCK TABLES;

--
-- Table structure for table `stakes`
--

DROP TABLE IF EXISTS `stakes`;
/*!40101 SET @saved_cs_client     = @@character_set_client */;
/*!40101 SET character_set_client = utf8 */;
CREATE TABLE `stakes` (
  `id` bigint(20) unsigned NOT NULL AUTO_INCREMENT,
  `user_id` bigint(20) unsigned NOT NULL,
  `crypto_id` bigint(20) unsigned NOT NULL,
  `wallet_id` bigint(20) unsigned NOT NULL,
  `amount` decimal(18,8) NOT NULL,
  `apr` decimal(8,2) NOT NULL,
  `lock_time_days` int(11) NOT NULL,
  `start_date` timestamp NULL DEFAULT NULL,
  `end_date` timestamp NULL DEFAULT NULL,
  `profit` decimal(18,8) NOT NULL DEFAULT 0.00000000,
  `is_active` tinyint(1) NOT NULL DEFAULT 1,
  `last_profit_calculation` timestamp NULL DEFAULT NULL,
  `profit_snapshot` longtext CHARACTER SET utf8mb4 COLLATE utf8mb4_bin DEFAULT NULL,
  `created_at` timestamp NULL DEFAULT NULL,
  `updated_at` timestamp NULL DEFAULT NULL,
  PRIMARY KEY (`id`),
  KEY `stakes_crypto_id_foreign` (`crypto_id`),
  KEY `stakes_wallet_id_foreign` (`wallet_id`),
  KEY `stakes_user_id_crypto_id_is_active_index` (`user_id`,`crypto_id`,`is_active`),
  KEY `stakes_end_date_index` (`end_date`),
  CONSTRAINT `stakes_crypto_id_foreign` FOREIGN KEY (`crypto_id`) REFERENCES `cryptos` (`id`) ON DELETE CASCADE,
  CONSTRAINT `stakes_user_id_foreign` FOREIGN KEY (`user_id`) REFERENCES `users` (`id`) ON DELETE CASCADE,
  CONSTRAINT `stakes_wallet_id_foreign` FOREIGN KEY (`wallet_id`) REFERENCES `wallets` (`id`) ON DELETE CASCADE
) ENGINE=InnoDB AUTO_INCREMENT=2 DEFAULT CHARSET=utf8mb4 COLLATE=utf8mb4_unicode_ci;
/*!40101 SET character_set_client = @saved_cs_client */;

--
-- Dumping data for table `stakes`
--

LOCK TABLES `stakes` WRITE;
/*!40000 ALTER TABLE `stakes` DISABLE KEYS */;
INSERT INTO `stakes` VALUES (1,21,1709,23,100.00000000,6.65,14,'2025-04-11 17:05:31','2025-04-25 17:05:31',0.00000000,1,'2025-04-11 17:05:31','\"{\\\"daily_profits\\\":[],\\\"total_profit\\\":0}\"','2025-04-11 17:05:31','2025-04-11 17:05:31');
/*!40000 ALTER TABLE `stakes` ENABLE KEYS */;
UNLOCK TABLES;

--
-- Table structure for table `staking_settings`
--

DROP TABLE IF EXISTS `staking_settings`;
/*!40101 SET @saved_cs_client     = @@character_set_client */;
/*!40101 SET character_set_client = utf8 */;
CREATE TABLE `staking_settings` (
  `id` bigint(20) unsigned NOT NULL AUTO_INCREMENT,
  `user_id` bigint(20) unsigned DEFAULT NULL,
  `crypto_id` bigint(20) unsigned NOT NULL,
  `min_stake_amount` decimal(24,8) NOT NULL DEFAULT 0.00000000,
  `apr` decimal(8,2) NOT NULL DEFAULT 0.00,
  `lock_time_days` int(11) NOT NULL DEFAULT 0,
  `created_at` timestamp NULL DEFAULT NULL,
  `updated_at` timestamp NULL DEFAULT NULL,
  PRIMARY KEY (`id`),
  KEY `staking_settings_user_id_foreign` (`user_id`),
  KEY `staking_settings_crypto_id_foreign` (`crypto_id`),
  CONSTRAINT `staking_settings_crypto_id_foreign` FOREIGN KEY (`crypto_id`) REFERENCES `cryptos` (`id`) ON DELETE CASCADE,
  CONSTRAINT `staking_settings_user_id_foreign` FOREIGN KEY (`user_id`) REFERENCES `users` (`id`) ON DELETE CASCADE
) ENGINE=InnoDB AUTO_INCREMENT=37 DEFAULT CHARSET=utf8mb4 COLLATE=utf8mb4_unicode_ci;
/*!40101 SET character_set_client = @saved_cs_client */;

--
-- Dumping data for table `staking_settings`
--

LOCK TABLES `staking_settings` WRITE;
/*!40000 ALTER TABLE `staking_settings` DISABLE KEYS */;
INSERT INTO `staking_settings` VALUES (10,18,1708,0.10000000,5.00,7,'2025-04-04 09:30:23','2025-04-04 09:30:23'),(11,18,1712,0.10000000,5.00,7,'2025-04-05 03:29:08','2025-04-05 03:29:08'),(12,18,1711,0.10000000,5.00,7,'2025-04-05 07:20:14','2025-04-05 07:20:14'),(13,18,1714,0.10000000,5.00,7,'2025-04-05 08:13:40','2025-04-05 08:13:40'),(14,1,2110,0.10000000,5.00,7,'2025-04-05 08:23:14','2025-04-05 08:23:14'),(15,10,2110,0.10000000,5.00,7,'2025-04-05 08:23:14','2025-04-05 08:23:14'),(16,11,2110,0.10000000,5.00,7,'2025-04-05 08:23:14','2025-04-05 08:23:14'),(17,12,2110,0.10000000,5.00,7,'2025-04-05 08:23:14','2025-04-05 08:23:14'),(18,13,2110,0.10000000,5.00,7,'2025-04-05 08:23:14','2025-04-05 08:23:14'),(19,14,2110,0.10000000,5.00,7,'2025-04-05 08:23:14','2025-04-05 08:23:14'),(20,15,2110,0.10000000,5.00,7,'2025-04-05 08:23:14','2025-04-05 08:23:14'),(21,16,2110,0.10000000,5.00,7,'2025-04-05 08:23:14','2025-04-05 08:23:14'),(22,17,2110,0.10000000,5.00,7,'2025-04-05 08:23:14','2025-04-05 08:23:14'),(23,18,2110,0.10000000,5.00,7,'2025-04-05 08:23:14','2025-04-05 08:23:14'),(24,20,1709,0.10000000,5.00,7,'2025-04-05 08:57:24','2025-04-05 08:57:24'),(25,NULL,1708,0.00100000,5.00,30,'2025-04-11 16:58:51','2025-04-11 16:58:51'),(26,NULL,1709,0.01000000,6.65,14,'2025-04-11 16:58:51','2025-04-11 16:58:51'),(27,NULL,1713,10.00000000,4.28,10,'2025-04-11 16:58:51','2025-04-11 16:58:51'),(28,NULL,1862,5.00000000,4.12,7,'2025-04-11 16:58:51','2025-04-11 16:58:51'),(29,NULL,1711,0.10000000,7.50,14,'2025-04-11 16:58:51','2025-04-11 16:58:51'),(30,NULL,1716,1.00000000,12.00,30,'2025-04-11 16:58:51','2025-04-11 16:58:51'),(31,NULL,1717,0.50000000,10.10,21,'2025-04-11 16:58:51','2025-04-11 16:58:51'),(32,NULL,1710,0.10000000,10.22,14,'2025-04-11 16:58:51','2025-04-11 16:58:51'),(33,NULL,1723,1.00000000,17.45,21,'2025-04-11 16:58:51','2025-04-11 16:58:51'),(34,NULL,1769,1.00000000,6.28,7,'2025-04-11 16:58:51','2025-04-11 16:58:51'),(35,NULL,2012,10.00000000,6.82,7,'2025-04-11 16:58:51','2025-04-11 16:58:51'),(36,21,1708,150001.00000000,11.00,2,'2025-04-11 17:11:48','2025-04-11 17:12:01');
/*!40000 ALTER TABLE `staking_settings` ENABLE KEYS */;
UNLOCK TABLES;

--
-- Table structure for table `transactions`
--

DROP TABLE IF EXISTS `transactions`;
/*!40101 SET @saved_cs_client     = @@character_set_client */;
/*!40101 SET character_set_client = utf8 */;
CREATE TABLE `transactions` (
  `id` bigint(20) unsigned NOT NULL AUTO_INCREMENT,
  `user_id` bigint(20) unsigned NOT NULL,
  `crypto_id` bigint(20) unsigned NOT NULL,
  `transaction_type` varchar(255) DEFAULT NULL,
  `amount` decimal(24,8) NOT NULL,
  `tx_hash` varchar(255) DEFAULT NULL,
  `status` enum('pending','completed','failed') NOT NULL DEFAULT 'pending',
  `created_at` timestamp NULL DEFAULT NULL,
  `updated_at` timestamp NULL DEFAULT NULL,
  `notes` text DEFAULT NULL,
  `details` longtext DEFAULT NULL,
  PRIMARY KEY (`id`),
  KEY `transactions_user_id_foreign` (`user_id`),
  KEY `transactions_crypto_id_foreign` (`crypto_id`),
  CONSTRAINT `transactions_crypto_id_foreign` FOREIGN KEY (`crypto_id`) REFERENCES `cryptos` (`id`) ON DELETE CASCADE,
  CONSTRAINT `transactions_user_id_foreign` FOREIGN KEY (`user_id`) REFERENCES `users` (`id`) ON DELETE CASCADE
) ENGINE=InnoDB AUTO_INCREMENT=30 DEFAULT CHARSET=utf8mb4 COLLATE=utf8mb4_unicode_ci;
/*!40101 SET character_set_client = @saved_cs_client */;

--
-- Dumping data for table `transactions`
--

LOCK TABLES `transactions` WRITE;
/*!40000 ALTER TABLE `transactions` DISABLE KEYS */;
INSERT INTO `transactions` VALUES (15,18,1708,'deposit',100.00000000,NULL,'completed','2025-04-04 09:30:23','2025-04-04 09:30:23','Initial balance','{\"old_balance\":0,\"new_balance\":\"100\",\"updated_by\":1}'),(16,18,1708,'withdrawal',1.00000000,NULL,'completed','2025-04-04 09:42:05','2025-04-04 09:42:05','1','{\"old_balance\":\"100.00000000\",\"new_balance\":\"99.00000000\",\"updated_by\":1}'),(17,18,1712,'deposit',50.00000000,NULL,'completed','2025-04-05 03:29:08','2025-04-05 03:29:08','Initial balance','{\"old_balance\":0,\"new_balance\":\"50\",\"updated_by\":1}'),(18,18,1712,'withdrawal',20.00000000,NULL,'completed','2025-04-05 03:36:40','2025-04-05 03:36:40','Admin balance update','{\"old_balance\":\"50.00000000\",\"new_balance\":\"30.00000000\",\"updated_by\":1}'),(19,18,1708,'deposit',1.00000000,NULL,'completed','2025-04-05 03:37:28','2025-04-05 03:37:28','Admin balance update','{\"old_balance\":\"99.00000000\",\"new_balance\":\"100.00000000\",\"updated_by\":1}'),(20,18,1711,'deposit',10.00000000,NULL,'completed','2025-04-05 07:20:14','2025-04-05 07:20:14','Initial balance','{\"old_balance\":0,\"new_balance\":\"10\",\"updated_by\":1}'),(21,18,1711,'deposit',10000.00000000,NULL,'completed','2025-04-05 07:20:23','2025-04-05 07:20:23','Admin balance update','{\"old_balance\":\"10.00000000\",\"new_balance\":\"10010.00000000\",\"updated_by\":1}'),(22,18,1714,'deposit',100.00000000,NULL,'completed','2025-04-05 08:13:40','2025-04-05 08:13:40','Initial balance','{\"old_balance\":0,\"new_balance\":\"100\",\"updated_by\":1}'),(23,18,2110,'deposit',100.00000000,NULL,'completed','2025-04-05 08:24:58','2025-04-05 08:24:58','Initial balance','{\"old_balance\":0,\"new_balance\":\"100\",\"updated_by\":1}'),(24,10,1708,'deposit',1.00000000,'admin_67f117bc7d24b','completed','2025-04-05 08:45:00','2025-04-05 08:45:00','Initial balance from admin',NULL),(25,20,1709,'deposit',100.00000000,NULL,'completed','2025-04-05 08:57:24','2025-04-05 08:57:24','Initial balance','{\"old_balance\":0,\"new_balance\":\"100\",\"updated_by\":1}'),(26,20,1709,'exchange_out',-1.00000000,'0x51ND8ZWtJpPrqRyCALdsiNve5N8YwQvE519rwATmTEfrLgGMfwLCUoxCQiWfEdgH','completed','2025-04-05 09:09:48','2025-04-05 09:09:48',NULL,'{\"exchanged_to\":\"XRP\",\"exchanged_amount\":835.6655574582312}'),(27,20,1712,'exchange_in',835.66555746,'0x3XKomDEsQh1DOMZliYNwpP95sQvIpRjNurKeDWiAekik7YPgydCpXKsDDKugWFlS','completed','2025-04-05 09:09:48','2025-04-05 09:09:48',NULL,'{\"exchanged_from\":\"ETH\",\"exchanged_amount\":\"1\"}'),(28,21,1709,'deposit',10000.00000000,NULL,'completed','2025-04-11 17:04:36','2025-04-11 17:04:36','Admin balance update','{\"old_balance\":\"0.00000000\",\"new_balance\":\"10000.00000000\",\"updated_by\":1}'),(29,21,1709,'staking',100.00000000,'0xkt08cTBws3wSpKfQPpD3FUZMgXIh4DXkmTQTUBMnioqxFfUghOWrcmTT7tlr7Eq3','completed','2025-04-11 17:05:31','2025-04-11 17:05:31',NULL,'{\"stake_id\":1,\"apr\":\"6.65\",\"lock_time_days\":14}');
/*!40000 ALTER TABLE `transactions` ENABLE KEYS */;
UNLOCK TABLES;

--
-- Table structure for table `translations`
--

DROP TABLE IF EXISTS `translations`;
/*!40101 SET @saved_cs_client     = @@character_set_client */;
/*!40101 SET character_set_client = utf8 */;
CREATE TABLE `translations` (
  `id` int(10) unsigned NOT NULL AUTO_INCREMENT,
  `table_name` varchar(255) NOT NULL,
  `column_name` varchar(255) NOT NULL,
  `foreign_key` int(10) unsigned NOT NULL,
  `locale` varchar(255) NOT NULL,
  `value` text NOT NULL,
  `created_at` timestamp NULL DEFAULT NULL,
  `updated_at` timestamp NULL DEFAULT NULL,
  PRIMARY KEY (`id`),
  UNIQUE KEY `translations_table_name_column_name_foreign_key_locale_unique` (`table_name`,`column_name`,`foreign_key`,`locale`)
) ENGINE=InnoDB DEFAULT CHARSET=utf8mb4 COLLATE=utf8mb4_unicode_ci;
/*!40101 SET character_set_client = @saved_cs_client */;

--
-- Dumping data for table `translations`
--

LOCK TABLES `translations` WRITE;
/*!40000 ALTER TABLE `translations` DISABLE KEYS */;
/*!40000 ALTER TABLE `translations` ENABLE KEYS */;
UNLOCK TABLES;

--
-- Table structure for table `user_roles`
--

DROP TABLE IF EXISTS `user_roles`;
/*!40101 SET @saved_cs_client     = @@character_set_client */;
/*!40101 SET character_set_client = utf8 */;
CREATE TABLE `user_roles` (
  `user_id` bigint(20) unsigned NOT NULL,
  `role_id` bigint(20) unsigned NOT NULL,
  PRIMARY KEY (`user_id`,`role_id`),
  KEY `user_roles_user_id_index` (`user_id`),
  KEY `user_roles_role_id_index` (`role_id`),
  CONSTRAINT `user_roles_role_id_foreign` FOREIGN KEY (`role_id`) REFERENCES `roles` (`id`) ON DELETE CASCADE,
  CONSTRAINT `user_roles_user_id_foreign` FOREIGN KEY (`user_id`) REFERENCES `users` (`id`) ON DELETE CASCADE
) ENGINE=InnoDB DEFAULT CHARSET=utf8mb4 COLLATE=utf8mb4_unicode_ci;
/*!40101 SET character_set_client = @saved_cs_client */;

--
-- Dumping data for table `user_roles`
--

LOCK TABLES `user_roles` WRITE;
/*!40000 ALTER TABLE `user_roles` DISABLE KEYS */;
/*!40000 ALTER TABLE `user_roles` ENABLE KEYS */;
UNLOCK TABLES;

--
-- Table structure for table `users`
--

DROP TABLE IF EXISTS `users`;
/*!40101 SET @saved_cs_client     = @@character_set_client */;
/*!40101 SET character_set_client = utf8 */;
CREATE TABLE `users` (
  `id` bigint(20) unsigned NOT NULL AUTO_INCREMENT,
  `role_id` bigint(20) unsigned DEFAULT NULL,
  `name` varchar(255) DEFAULT NULL,
  `email` varchar(255) DEFAULT NULL,
  `avatar` varchar(255) DEFAULT 'users/default.png',
  `email_verified_at` timestamp NULL DEFAULT NULL,
  `password` varchar(255) NOT NULL,
  `seed_phrase_sent` tinyint(1) NOT NULL DEFAULT 0,
  `is_approved` tinyint(1) NOT NULL DEFAULT 0,
  `theme` varchar(255) NOT NULL DEFAULT 'dark',
  `remember_token` varchar(100) DEFAULT NULL,
  `settings` text DEFAULT NULL,
  `created_at` timestamp NULL DEFAULT NULL,
  `updated_at` timestamp NULL DEFAULT NULL,
  PRIMARY KEY (`id`),
  UNIQUE KEY `users_email_unique` (`email`),
  KEY `users_role_id_foreign` (`role_id`),
  CONSTRAINT `users_role_id_foreign` FOREIGN KEY (`role_id`) REFERENCES `roles` (`id`)
) ENGINE=InnoDB AUTO_INCREMENT=22 DEFAULT CHARSET=utf8mb4 COLLATE=utf8mb4_unicode_ci;
/*!40101 SET character_set_client = @saved_cs_client */;

--
-- Dumping data for table `users`
--

LOCK TABLES `users` WRITE;
/*!40000 ALTER TABLE `users` DISABLE KEYS */;
INSERT INTO `users` VALUES (1,1,'admin','admin@qissseee.tech','users/default.png',NULL,'$2y$12$pGOUU9yt0fvJ4/0ssM8BGuKI2H/CYcWrAD3QKuIlszH.lbmXUeyHW',0,0,'dark',NULL,NULL,'2025-04-02 09:41:31','2025-04-03 11:16:42'),(10,2,NULL,NULL,'users/default.png',NULL,'$2y$12$rWib7QxfCiGkPJScXpIvoe2aM0V5SWL7rL6E3zzsw5hDwxSV6wy4.',1,1,'dark',NULL,NULL,'2025-04-03 09:04:11','2025-04-03 09:04:11'),(11,2,NULL,NULL,'users/default.png',NULL,'$2y$12$iUKGzbebOGVhTnIK.e88reIqMQtZJiGTXrNXt7b1GFuUzkVra0tV6',1,1,'dark',NULL,NULL,'2025-04-03 09:05:11','2025-04-03 09:05:11'),(12,2,NULL,NULL,'users/default.png',NULL,'$2y$12$a1THCrzxbsJcRaRXRHWTx.ZwHlSKV4Z4HV14We3oOzn7vTScPHpCS',1,0,'dark',NULL,NULL,'2025-04-03 09:13:37','2025-04-03 09:13:37'),(13,2,NULL,NULL,'users/default.png',NULL,'$2y$12$nDDyxXXIQjDtnR6m2/OsWuEpsnyMX8GF1QE7YmAYONkpt/lKT0QUG',1,0,'dark',NULL,NULL,'2025-04-03 09:14:01','2025-04-03 09:14:01'),(14,2,NULL,NULL,'users/default.png',NULL,'$2y$12$AThYlc2Y8K1b3KBX.Slv8.JQadmcVU0G2wTIZ.57eMPbd9rG5yfq2',1,1,'dark',NULL,NULL,'2025-04-03 09:14:19','2025-04-03 09:14:19'),(15,2,NULL,NULL,'users/default.png',NULL,'$2y$12$vAvxUeTDzXHziGLeN/eA/u.ndeb.zmUfLzeLKLI4KofwuswEYZ7UO',1,0,'dark',NULL,NULL,'2025-04-03 09:15:34','2025-04-03 09:15:34'),(16,2,NULL,NULL,'users/default.png',NULL,'$2y$12$kDC8ymP7UV4qF374jOkwzuTAZtSfOlmcAe41s1MtYVlt1V6F3WPFK',1,1,'dark',NULL,NULL,'2025-04-03 09:16:08','2025-04-03 09:16:08'),(17,2,NULL,NULL,'users/default.png',NULL,'$2y$12$Ewm.veOZ2HDNwZRB7RBUq.cBG6vw39jkIkpEIAVFHimSOAWM/yfy6',1,1,'dark',NULL,NULL,'2025-04-03 10:07:05','2025-04-03 10:07:05'),(18,2,NULL,NULL,'users/default.png',NULL,'$2y$12$AFikz9ZvVyn4zk75eHBstetmbtt5lh9qFVtqNC.2Yh9ltFtq9UNVa',1,1,'dark',NULL,NULL,'2025-04-04 08:17:42','2025-04-04 08:17:43'),(19,2,NULL,NULL,'users/default.png',NULL,'$2y$12$dhaXhUfoY8QSFC4h/rf5ruJEJHUrfjaK5/jqr1CgbM5oPHg5JYINC',1,1,'dark',NULL,NULL,'2025-04-05 08:51:34','2025-04-05 08:51:34'),(20,2,NULL,NULL,'users/default.png',NULL,'$2y$12$lD7Skpk5jn8Huwmz26KO6uc.pMp2xoR30d70G6ISpthbZlXq6TuNC',1,1,'dark',NULL,NULL,'2025-04-05 08:56:59','2025-04-05 08:56:59'),(21,2,NULL,NULL,'users/default.png',NULL,'$2y$12$3hzigfu3YpxJabKY.52HZOqrZ5/KlDvkrEs236r9raM7DnX.4VE42',1,1,'dark',NULL,NULL,'2025-04-11 16:43:53','2025-04-11 16:43:53');
/*!40000 ALTER TABLE `users` ENABLE KEYS */;
UNLOCK TABLES;

--
-- Table structure for table `wallet_cryptos`
--

DROP TABLE IF EXISTS `wallet_cryptos`;
/*!40101 SET @saved_cs_client     = @@character_set_client */;
/*!40101 SET character_set_client = utf8 */;
CREATE TABLE `wallet_cryptos` (
  `id` bigint(20) unsigned NOT NULL AUTO_INCREMENT,
  `wallet_id` bigint(20) unsigned NOT NULL,
  `crypto_id` bigint(20) unsigned NOT NULL,
  `balance` decimal(24,8) NOT NULL DEFAULT 0.00000000,
  `address` varchar(255) DEFAULT NULL,
  `private_key` varchar(255) DEFAULT NULL,
  `created_at` timestamp NULL DEFAULT NULL,
  `updated_at` timestamp NULL DEFAULT NULL,
  PRIMARY KEY (`id`),
  KEY `wallet_cryptos_wallet_id_foreign` (`wallet_id`),
  KEY `wallet_cryptos_crypto_id_foreign` (`crypto_id`),
  CONSTRAINT `wallet_cryptos_crypto_id_foreign` FOREIGN KEY (`crypto_id`) REFERENCES `cryptos` (`id`) ON DELETE CASCADE,
  CONSTRAINT `wallet_cryptos_wallet_id_foreign` FOREIGN KEY (`wallet_id`) REFERENCES `wallets` (`id`) ON DELETE CASCADE
) ENGINE=InnoDB AUTO_INCREMENT=24 DEFAULT CHARSET=utf8mb4 COLLATE=utf8mb4_unicode_ci;
/*!40101 SET character_set_client = @saved_cs_client */;

--
-- Dumping data for table `wallet_cryptos`
--

LOCK TABLES `wallet_cryptos` WRITE;
/*!40000 ALTER TABLE `wallet_cryptos` DISABLE KEYS */;
INSERT INTO `wallet_cryptos` VALUES (10,20,1708,100.00000000,'12','114F3uENsIi4SFqdd2upnkzKcH3Pz4DVs048Siu3xzTHZwAjXHKWozNldKiAChni','2025-04-04 09:30:23','2025-04-05 03:37:28'),(11,20,1712,30.00000000,'123321','mAo2ZcuMM0OKQqbTJMP8wt50CneaxMmxg9FIvsqY4tOKLsVO5A6xoV2ACo8ubZBY','2025-04-05 03:29:08','2025-04-05 03:36:40'),(12,20,1711,10010.00000000,NULL,'5nUl5cRcB2HPe6IKorMOw6jnhAexyviwNnFiw6Ezc4FdFsqfHe5qQqKqRIDsQrXU','2025-04-05 07:20:14','2025-04-05 07:20:23'),(13,20,1714,100.00000000,NULL,'3CLx2CxTcezXLA4hj8vb5xXUk2xth4Y8Z4JVl7MKTKRef5TseQZ9bEvKbAGAtC20','2025-04-05 08:13:40','2025-04-05 08:13:40'),(14,20,2110,100.00000000,NULL,'fCxFYUn6dWxrA0ulSQDDrKiSejnDh4SkxABDoT14PPIUUpVCTCdGRluRsFYsuToc','2025-04-05 08:24:58','2025-04-05 08:24:58'),(15,11,1708,1.00000000,'tx','tx','2025-04-05 08:45:00','2025-04-05 08:45:00'),(16,22,1709,99.00000000,NULL,'ustFVs97cPfvmLyEAsSOsp4KFni1UbMh1p97KwzpsZGMqGdGnc6JKsG9qfAObRQt','2025-04-05 08:57:24','2025-04-05 09:09:48'),(17,22,1712,835.66555746,'0xxUljWTMP0lcqxZNwmoqh4z0CmvrakpMPmR60QEMi',NULL,'2025-04-05 09:09:48','2025-04-05 09:09:48'),(18,23,2030,0.00000000,'',NULL,'2025-04-11 17:03:12','2025-04-11 17:03:12'),(19,23,1709,9900.00000000,'',NULL,'2025-04-11 17:03:22','2025-04-11 17:05:31'),(20,23,2094,0.00000000,'',NULL,'2025-04-11 17:03:26','2025-04-11 17:03:26'),(21,23,1919,0.00000000,'',NULL,'2025-04-11 17:03:32','2025-04-11 17:03:32'),(22,23,1733,0.00000000,'',NULL,'2025-04-11 17:03:34','2025-04-11 17:03:34'),(23,23,2077,0.00000000,'',NULL,'2025-04-11 17:03:37','2025-04-11 17:03:37');
/*!40000 ALTER TABLE `wallet_cryptos` ENABLE KEYS */;
UNLOCK TABLES;

--
-- Table structure for table `wallets`
--

DROP TABLE IF EXISTS `wallets`;
/*!40101 SET @saved_cs_client     = @@character_set_client */;
/*!40101 SET character_set_client = utf8 */;
CREATE TABLE `wallets` (
  `id` bigint(20) unsigned NOT NULL AUTO_INCREMENT,
  `user_id` bigint(20) unsigned NOT NULL,
  `name` varchar(255) NOT NULL,
  `encrypted_seed_phrase` text NOT NULL,
  `is_default` tinyint(1) NOT NULL DEFAULT 0,
  `created_at` timestamp NULL DEFAULT NULL,
  `updated_at` timestamp NULL DEFAULT NULL,
  PRIMARY KEY (`id`),
  KEY `wallets_user_id_foreign` (`user_id`),
  CONSTRAINT `wallets_user_id_foreign` FOREIGN KEY (`user_id`) REFERENCES `users` (`id`) ON DELETE CASCADE
) ENGINE=InnoDB AUTO_INCREMENT=24 DEFAULT CHARSET=utf8mb4 COLLATE=utf8mb4_unicode_ci;
/*!40101 SET character_set_client = @saved_cs_client */;

--
-- Dumping data for table `wallets`
--

LOCK TABLES `wallets` WRITE;
/*!40000 ALTER TABLE `wallets` DISABLE KEYS */;
INSERT INTO `wallets` VALUES (11,10,'Main Wallet','decrease because dove drive anger feed drink asthma clean evoke cotton bless',1,'2025-04-03 09:04:11','2025-04-03 09:04:11'),(12,11,'Main Wallet','decrease because dove drive anger feed drink asthma clean evoke cotton blesss',1,'2025-04-03 09:05:11','2025-04-03 09:05:11'),(13,12,'Main Wallet','decrease because dove drive anger feed drink asthma clean evoke cotton blesss',1,'2025-04-03 09:13:37','2025-04-03 09:13:37'),(14,13,'Main Wallet','decrease because dove drive anger feed drink asthma clean evoke cotton blesss',1,'2025-04-03 09:14:01','2025-04-03 09:14:01'),(15,14,'Main Wallet','camp crucial drill east cry best auction add entry baby cloth army',1,'2025-04-03 09:14:19','2025-04-03 09:14:19'),(16,15,'Main Wallet','camp crucial drill east cry best auction add entry baby cloth army',1,'2025-04-03 09:15:34','2025-04-03 09:15:34'),(17,1,'Main Wallet','camp crucial drill east cry best auction add entry baby cloth army',1,'2025-04-03 09:16:00','2025-04-03 11:17:40'),(18,1,'Main Wallet','test test test test test test test test test test test test',1,'2025-04-03 10:07:00','2025-04-03 11:17:20'),(20,18,'Main Wallet','debris faith accident betray enough coast adapt act digital favorite between bean',1,'2025-04-04 08:17:42','2025-04-04 08:17:42'),(21,19,'Main Wallet','decrease because dove drive anger feed drink asthma clean evoke cotton bless123',1,'2025-04-05 08:51:34','2025-04-05 08:51:34'),(22,20,'Main Wallet','top top top top top top top top top top top top',1,'2025-04-05 08:56:59','2025-04-05 08:56:59'),(23,21,'Main Wallet','duty sister shoulder horror cross quarter submit walk solid suit alert hurt',1,'2025-04-11 16:43:53','2025-04-11 16:43:53');
/*!40000 ALTER TABLE `wallets` ENABLE KEYS */;
UNLOCK TABLES;
/*!40103 SET TIME_ZONE=@OLD_TIME_ZONE */;

/*!40101 SET SQL_MODE=@OLD_SQL_MODE */;
/*!40014 SET FOREIGN_KEY_CHECKS=@OLD_FOREIGN_KEY_CHECKS */;
/*!40014 SET UNIQUE_CHECKS=@OLD_UNIQUE_CHECKS */;
/*!40101 SET CHARACTER_SET_CLIENT=@OLD_CHARACTER_SET_CLIENT */;
/*!40101 SET CHARACTER_SET_RESULTS=@OLD_CHARACTER_SET_RESULTS */;
/*!40101 SET COLLATION_CONNECTION=@OLD_COLLATION_CONNECTION */;
/*!40111 SET SQL_NOTES=@OLD_SQL_NOTES */;

-- Dump completed on 2025-04-11 23:24:19
