-- MySQL dump 10.19  Distrib 10.3.39-MariaDB, for debian-linux-gnu (x86_64)
--
-- Host: localhost    Database: trustwallet
-- ------------------------------------------------------
-- Server version	10.3.39-MariaDB-0ubuntu0.20.04.2

/*!40101 SET @OLD_CHARACTER_SET_CLIENT=@@CHARACTER_SET_CLIENT */;
/*!40101 SET @OLD_CHARACTER_SET_RESULTS=@@CHARACTER_SET_RESULTS */;
/*!40101 SET @OLD_COLLATION_CONNECTION=@@COLLATION_CONNECTION */;
/*!40101 SET NAMES utf8mb4 */;
/*!40103 SET @OLD_TIME_ZONE=@@TIME_ZONE */;
/*!40103 SET TIME_ZONE='+00:00' */;
/*!40014 SET @OLD_UNIQUE_CHECKS=@@UNIQUE_CHECKS, UNIQUE_CHECKS=0 */;
/*!40014 SET @OLD_FOREIGN_KEY_CHECKS=@@FOREIGN_KEY_CHECKS, FOREIGN_KEY_CHECKS=0 */;
/*!40101 SET @OLD_SQL_MODE=@@SQL_MODE, SQL_MODE='NO_AUTO_VALUE_ON_ZERO' */;
/*!40111 SET @OLD_SQL_NOTES=@@SQL_NOTES, SQL_NOTES=0 */;

--
-- Table structure for table `cryptos`
--

DROP TABLE IF EXISTS `cryptos`;
/*!40101 SET @saved_cs_client     = @@character_set_client */;
/*!40101 SET character_set_client = utf8 */;
CREATE TABLE `cryptos` (
  `id` bigint(20) unsigned NOT NULL AUTO_INCREMENT,
  `symbol` varchar(64) DEFAULT NULL,
  `name` varchar(255) NOT NULL,
  `full_name` varchar(255) NOT NULL,
  `network_name` varchar(255) NOT NULL,
  `icon` varchar(255) DEFAULT NULL,
  `network_icon` varchar(255) DEFAULT NULL,
  `is_active` tinyint(1) NOT NULL DEFAULT 1,
  `price` decimal(20,8) NOT NULL DEFAULT 0.00000000,
  `address` varchar(255) DEFAULT NULL,
  `qr_code` varchar(255) DEFAULT NULL,
  `created_at` timestamp NULL DEFAULT NULL,
  `updated_at` timestamp NULL DEFAULT NULL,
  PRIMARY KEY (`id`),
  UNIQUE KEY `cryptos_symbol_unique` (`symbol`)
) ENGINE=InnoDB AUTO_INCREMENT=2129 DEFAULT CHARSET=utf8mb4 COLLATE=utf8mb4_unicode_ci;
/*!40101 SET character_set_client = @saved_cs_client */;

--
-- Dumping data for table `cryptos`
--

LOCK TABLES `cryptos` WRITE;
/*!40000 ALTER TABLE `cryptos` DISABLE KEYS */;
INSERT INTO `cryptos` VALUES (1708,'BTC','Bitcoin','Bitcoin','Binance','/images/crypto-icons/svg/color/btc.svg',NULL,1,110224.75000000,'bc1qduxgvylfjugv4qpr9t02y5qsdcznr2txj5hze3','qr-codes/qr-BTC-1747924779.svg','2025-04-04 09:26:03','2025-05-27 14:03:00'),(1709,'ETH','Ethereum','Ethereum','Ethereum','/images/crypto-icons/svg/color/eth.svg',NULL,1,2670.36000000,'0xd9545e3c53E38BC6562dE673246f643fDcf2DA07','qr-codes/qr-ETH-1744621559.svg','2025-04-04 09:26:03','2025-05-27 14:03:00'),(1710,'BNB','Binance Coin','Binance Coin','Binance','/images/crypto-icons/svg/color/bnb.svg',NULL,1,692.41000000,NULL,NULL,'2025-04-04 09:26:03','2025-05-27 14:03:00'),(1711,'SOL','Solana','Solana','Binance','cryptoicons/icon-SOL-1743851474.png',NULL,1,178.15000000,'11',NULL,'2025-04-04 09:26:03','2025-05-27 14:03:00'),(1712,'XRP','Ripple','Ripple','Binance','cryptoicons/icon-XRP-1747896557.png','network-icons/network-XRP-1747896557.png',1,2.33930000,'123',NULL,'2025-04-04 09:26:03','2025-05-27 14:03:00'),(1713,'ADA','Cardano','Cardano','Binance','/images/crypto-icons/originals/ada.svg',NULL,1,0.76880000,NULL,NULL,'2025-04-04 09:26:03','2025-05-27 14:03:00'),(1714,'DOGE','Dogecoin','Dogecoin','Binance','/images/crypto-icons/svg/color/doge.svg',NULL,1,0.22839000,NULL,NULL,'2025-04-04 09:26:03','2025-05-27 14:03:00'),(1715,'SHIB','Shiba Inu','Shiba Inu','Binance',NULL,NULL,1,0.00001458,NULL,NULL,'2025-04-04 09:26:03','2025-05-27 14:03:00'),(1716,'DOT','Polkadot','Polkadot','Binance','cryptoicons/icon-DOT-1747897450.png',NULL,1,4.59400000,'13',NULL,'2025-04-04 09:26:03','2025-05-27 14:03:00'),(1717,'AVAX','Avalanche','Avalanche','Binance','/images/crypto-icons/svg/color/avax.svg',NULL,1,23.49000000,NULL,NULL,'2025-04-04 09:26:03','2025-05-27 14:03:00'),(1718,'LTC','Litecoin','Litecoin','Binance','/images/crypto-icons/svg/color/ltc.svg',NULL,1,96.51000000,NULL,NULL,'2025-04-04 09:26:03','2025-05-27 14:03:00'),(1719,'LINK','Chainlink','Chainlink','Binance','/images/crypto-icons/originals/link.svg',NULL,1,15.96000000,NULL,NULL,'2025-04-04 09:26:03','2025-05-27 14:03:00'),(1720,'UNI','Uniswap','Uniswap','Binance','/images/crypto-icons/svg/color/uni.svg',NULL,1,6.54400000,NULL,NULL,'2025-04-04 09:26:03','2025-05-27 14:03:00'),(1721,'XLM','Stellar','Stellar','Binance','/images/crypto-icons/originals/xlm.svg',NULL,1,0.29020000,NULL,NULL,'2025-04-04 09:26:03','2025-05-27 14:03:00'),(1722,'BCH','Bitcoin Cash','Bitcoin Cash','Binance','/images/crypto-icons/svg/color/bch.svg',NULL,1,420.10000000,NULL,NULL,'2025-04-04 09:26:03','2025-05-27 14:03:00'),(1723,'ATOM','Cosmos','Cosmos','Binance','/images/crypto-icons/originals/atom.svg',NULL,1,4.87100000,NULL,NULL,'2025-04-04 09:26:03','2025-05-27 14:03:00'),(1724,'TRX','TRON','TRON','Binance','/images/crypto-icons/originals/trx.svg',NULL,1,0.27510000,NULL,NULL,'2025-04-04 09:26:04','2025-05-27 14:03:00'),(1725,'FIL','Filecoin','Filecoin','Binance','/images/crypto-icons/svg/color/fil.svg',NULL,1,2.90100000,NULL,NULL,'2025-04-04 09:26:04','2025-05-27 14:03:00'),(1726,'WBTC','WBTC','WBTC','Binance','/images/crypto-icons/originals/wbtc.svg',NULL,1,110083.20000000,NULL,NULL,'2025-04-04 09:26:04','2025-05-27 14:03:00'),(1727,'YFI','YFI','YFI','Binance','/images/crypto-icons/originals/yfi.svg',NULL,1,5687.00000000,NULL,NULL,'2025-04-04 09:26:04','2025-05-27 14:03:00'),(1728,'PAXG','PAXG','PAXG','Binance','/images/crypto-icons/svg/color/paxg.svg',NULL,1,3310.67000000,NULL,NULL,'2025-04-04 09:26:04','2025-05-27 14:03:00'),(1729,'WBETH','WBETH','WBETH','Binance',NULL,NULL,1,2856.59000000,NULL,NULL,'2025-04-04 09:26:04','2025-05-27 14:03:00'),(1730,'MKR','MKR','MKR','Binance','/images/crypto-icons/svg/color/mkr.svg',NULL,1,1695.00000000,NULL,NULL,'2025-04-04 09:26:04','2025-05-27 14:03:00'),(1731,'TAO','TAO','TAO','Binance',NULL,NULL,1,445.10000000,NULL,NULL,'2025-04-04 09:26:04','2025-05-27 14:03:00'),(1732,'BIFI','BIFI','BIFI','Binance',NULL,NULL,1,174.10000000,NULL,NULL,'2025-04-04 09:26:04','2025-05-27 14:03:00'),(1733,'AAVE','AAVE','AAVE','Binance','/images/crypto-icons/svg/color/aave.svg',NULL,1,278.72000000,NULL,NULL,'2025-04-04 09:26:04','2025-05-27 14:03:00'),(1734,'BNSOL','BNSOL','BNSOL','Binance',NULL,NULL,1,187.70000000,NULL,NULL,'2025-04-04 09:26:04','2025-05-27 14:03:00'),(1735,'GNO','GNO','GNO','Binance','/images/crypto-icons/svg/color/gno.svg',NULL,1,138.50000000,NULL,NULL,'2025-04-04 09:26:04','2025-05-27 14:03:01'),(1736,'QNT','QNT','QNT','Binance','/images/crypto-icons/svg/color/qnt.svg',NULL,1,112.34000000,NULL,NULL,'2025-04-04 09:26:04','2025-05-27 14:03:01'),(1737,'COMP','COMP','COMP','Binance','/images/crypto-icons/originals/comp.svg',NULL,1,43.12000000,NULL,NULL,'2025-04-04 09:26:04','2025-05-27 14:03:01'),(1738,'ZEC','ZEC','ZEC','Binance','/images/crypto-icons/svg/color/zec.svg',NULL,1,53.20000000,NULL,NULL,'2025-04-04 09:26:04','2025-05-27 14:03:01'),(1739,'FARM','FARM','FARM','Binance',NULL,NULL,1,31.67000000,NULL,NULL,'2025-04-04 09:26:04','2025-05-27 14:03:01'),(1740,'TRB','TRB','TRB','Binance',NULL,NULL,1,53.58000000,NULL,NULL,'2025-04-04 09:26:04','2025-05-27 14:03:01'),(1741,'DASH','DASH','DASH','Binance','/images/crypto-icons/originals/dash.svg',NULL,1,24.17000000,NULL,NULL,'2025-04-04 09:26:04','2025-05-27 14:03:01'),(1742,'BANANA','BANANA','BANANA','Binance',NULL,NULL,1,23.51000000,NULL,NULL,'2025-04-04 09:26:04','2025-05-27 14:03:01'),(1743,'ETC','ETC','ETC','Binance','/images/crypto-icons/svg/color/etc.svg',NULL,1,18.82000000,NULL,NULL,'2025-04-04 09:26:04','2025-05-27 14:03:01'),(1744,'KSM','KSM','KSM','Binance','/images/crypto-icons/svg/color/ksm.svg',NULL,1,18.70000000,NULL,NULL,'2025-04-04 09:26:04','2025-05-27 14:03:01'),(1745,'EGLD','EGLD','EGLD','Binance',NULL,NULL,1,18.51000000,NULL,NULL,'2025-04-04 09:26:04','2025-05-27 14:03:01'),(1746,'DEXE','DEXE','DEXE','Binance',NULL,NULL,1,12.42700000,NULL,NULL,'2025-04-04 09:26:04','2025-05-27 14:03:01'),(1747,'ENS','ENS','ENS','Binance',NULL,NULL,1,22.73000000,NULL,NULL,'2025-04-04 09:26:04','2025-05-27 14:03:01'),(1748,'METIS','METIS','METIS','Binance',NULL,NULL,1,20.23000000,NULL,NULL,'2025-04-04 09:26:04','2025-05-27 14:03:01'),(1749,'AUCTION','AUCTION','AUCTION','Binance',NULL,NULL,1,12.08000000,NULL,NULL,'2025-04-04 09:26:04','2025-05-27 14:03:01'),(1750,'ILV','ILV','ILV','Binance',NULL,NULL,1,14.38000000,NULL,NULL,'2025-04-04 09:26:04','2025-05-27 14:03:01'),(1751,'DCR','DCR','DCR','Binance','/images/crypto-icons/svg/color/dcr.svg',NULL,1,15.40000000,NULL,NULL,'2025-04-04 09:26:04','2025-05-27 14:03:01'),(1752,'GMX','GMX','GMX','Binance',NULL,NULL,1,16.42000000,NULL,NULL,'2025-04-04 09:26:04','2025-05-27 14:03:01'),(1753,'MLN','MLN','MLN','Binance','/images/crypto-icons/svg/color/mln.svg',NULL,1,8.52000000,NULL,NULL,'2025-04-04 09:26:04','2025-05-27 14:03:01'),(1754,'TRUMP','TRUMP','TRUMP','Binance',NULL,NULL,1,12.87000000,NULL,NULL,'2025-04-04 09:26:04','2025-05-27 14:03:01'),(1755,'ZEN','ZEN','ZEN','Binance','/images/crypto-icons/originals/zen.svg',NULL,1,9.64000000,NULL,NULL,'2025-04-04 09:26:04','2025-05-27 14:03:01'),(1756,'NMR','NMR','NMR','Binance','/images/crypto-icons/originals/nmr.svg',NULL,1,8.90000000,NULL,NULL,'2025-04-04 09:26:04','2025-05-27 14:03:01'),(1757,'INJ','INJ','INJ','Binance',NULL,NULL,1,14.89000000,NULL,NULL,'2025-04-04 09:26:04','2025-05-27 14:03:01'),(1758,'ALCX','ALCX','ALCX','Binance',NULL,NULL,1,10.31000000,NULL,NULL,'2025-04-04 09:26:04','2025-05-27 14:03:01'),(1759,'OM','OM','OM','Binance',NULL,NULL,1,0.39190000,NULL,NULL,'2025-04-04 09:26:04','2025-05-27 14:03:02'),(1760,'ORDI','ORDI','ORDI','Binance',NULL,NULL,1,10.90200000,NULL,NULL,'2025-04-04 09:26:04','2025-05-27 14:03:01'),(1761,'XVS','XVS','XVS','Binance',NULL,NULL,1,6.80000000,NULL,NULL,'2025-04-04 09:26:04','2025-05-27 14:03:01'),(1762,'ICP','ICP','ICP','Binance','/images/crypto-icons/svg/color/icp.svg',NULL,1,5.36500000,NULL,NULL,'2025-04-04 09:26:04','2025-05-27 14:03:01'),(1763,'AR','AR','AR','Binance',NULL,NULL,1,7.62000000,NULL,NULL,'2025-04-04 09:26:04','2025-05-27 14:03:01'),(1764,'SSV','SSV','SSV','Binance',NULL,NULL,1,9.45000000,NULL,NULL,'2025-04-04 09:26:04','2025-05-27 14:03:01'),(1765,'PROM','PROM','PROM','Binance',NULL,NULL,1,5.57900000,NULL,NULL,'2025-04-04 09:26:04','2025-05-27 14:03:01'),(1766,'NEO','NEO','NEO','Binance','/images/crypto-icons/svg/color/neo.svg',NULL,1,6.71000000,NULL,NULL,'2025-04-04 09:26:04','2025-05-27 14:03:01'),(1767,'LPT','LPT','LPT','Binance','/images/crypto-icons/originals/lpt.svg',NULL,1,5.67100000,NULL,NULL,'2025-04-04 09:26:04','2025-05-27 14:03:01'),(1768,'MOVR','MOVR','MOVR','Binance',NULL,NULL,1,7.41600000,NULL,NULL,'2025-04-04 09:26:04','2025-05-27 14:03:01'),(1769,'APT','APT','Aptos','APT','cryptoicons/icon-APT-1747832443.png','network-icons/network-APT-1747832443.png',1,5.41900000,'test',NULL,'2025-04-04 09:26:04','2025-05-27 14:03:01'),(1770,'BERA','BERA','BERA','Binance',NULL,NULL,1,2.86800000,NULL,NULL,'2025-04-04 09:26:04','2025-05-27 14:03:01'),(1771,'RPL','RPL','RPL','Binance',NULL,NULL,1,4.97000000,NULL,NULL,'2025-04-04 09:26:04','2025-05-27 14:03:01'),(1772,'CREAM','CREAM','CREAM','Binance',NULL,NULL,1,1.35000000,NULL,NULL,'2025-04-04 09:26:04','2025-04-15 23:03:08'),(1773,'VANA','VANA','VANA','Binance',NULL,NULL,1,6.96600000,NULL,NULL,'2025-04-04 09:26:04','2025-05-27 14:03:01'),(1774,'OG','OG','OG','Binance',NULL,NULL,1,5.41800000,NULL,NULL,'2025-04-04 09:26:04','2025-05-27 14:03:01'),(1775,'PENDLE','PENDLE','PENDLE','Binance',NULL,NULL,1,4.64700000,NULL,NULL,'2025-04-04 09:26:04','2025-05-27 14:03:01'),(1776,'ZRO','ZRO','ZRO','Binance',NULL,NULL,1,2.76200000,NULL,NULL,'2025-04-04 09:26:04','2025-05-27 14:03:01'),(1777,'RENDER','RENDER','RENDER','Binance',NULL,NULL,1,4.80400000,NULL,NULL,'2025-04-04 09:26:04','2025-05-27 14:03:01'),(1778,'TON','TON','TON','Binance',NULL,NULL,1,3.01000000,NULL,NULL,'2025-04-04 09:26:04','2025-05-27 14:03:01'),(1779,'QTUM','QTUM','QTUM','Binance','/images/crypto-icons/svg/color/qtum.svg',NULL,1,2.26600000,NULL,NULL,'2025-04-04 09:26:04','2025-05-27 14:03:01'),(1780,'GAS','GAS','GAS','Binance','/images/crypto-icons/svg/color/gas.svg',NULL,1,3.33400000,NULL,NULL,'2025-04-04 09:26:04','2025-05-27 14:03:01'),(1781,'RLC','RLC','RLC','Binance','/images/crypto-icons/svg/color/rlc.svg',NULL,1,1.20500000,NULL,NULL,'2025-04-04 09:26:04','2025-05-27 14:03:01'),(1782,'TUSD','TUSD','TUSD','Binance','/images/crypto-icons/originals/tusd.svg',NULL,1,0.99820000,NULL,NULL,'2025-04-04 09:26:04','2025-05-27 14:03:01'),(1783,'USDC','USDC','USDC','Binance','/images/crypto-icons/originals/usdc.svg',NULL,1,0.99940000,NULL,NULL,'2025-04-04 09:26:04','2025-05-27 14:03:02'),(1784,'FTT','FTT','FTT','Binance',NULL,NULL,1,1.16100000,NULL,NULL,'2025-04-04 09:26:04','2025-05-27 14:03:02'),(1785,'EUR','EUR','EUR','Binance','/images/crypto-icons/svg/color/eur.svg',NULL,1,1.13340000,NULL,NULL,'2025-04-04 09:26:04','2025-05-27 14:03:02'),(1786,'RUNE','RUNE','RUNE','Binance',NULL,NULL,1,1.96400000,NULL,NULL,'2025-04-04 09:26:04','2025-05-27 14:03:01'),(1787,'BAL','BAL','BAL','Binance','/images/crypto-icons/originals/bal.svg',NULL,1,0.94700000,NULL,NULL,'2025-04-04 09:26:04','2025-04-15 23:03:07'),(1788,'UMA','UMA','UMA','Binance','/images/crypto-icons/originals/uma.svg',NULL,1,1.31400000,NULL,NULL,'2025-04-04 09:26:04','2025-05-27 14:03:01'),(1789,'WING','WING','WING','Binance',NULL,NULL,1,0.41000000,NULL,NULL,'2025-04-04 09:26:04','2025-05-01 23:03:03'),(1790,'CAKE','CAKE','CAKE','Binance',NULL,NULL,1,2.77100000,NULL,NULL,'2025-04-04 09:26:04','2025-05-27 14:03:01'),(1791,'NEAR','NEAR','NEAR','Binance',NULL,NULL,1,2.88700000,NULL,NULL,'2025-04-04 09:26:04','2025-05-27 14:03:01'),(1792,'AXS','AXS','AXS','Binance',NULL,NULL,1,2.91400000,NULL,NULL,'2025-04-04 09:26:04','2025-05-27 14:03:01'),(1793,'PSG','PSG','PSG','Binance',NULL,NULL,1,2.77900000,NULL,NULL,'2025-04-04 09:26:04','2025-05-27 14:03:01'),(1794,'SANTOS','SANTOS','SANTOS','Binance',NULL,NULL,1,2.48700000,NULL,NULL,'2025-04-04 09:26:04','2025-05-27 14:03:01'),(1795,'TIA','TIA','TIA','Binance',NULL,NULL,1,2.66800000,NULL,NULL,'2025-04-04 09:26:04','2025-05-27 14:03:01'),(1796,'EOS','EOS','EOS','Binance','/images/crypto-icons/svg/color/eos.svg',NULL,1,0.77060000,NULL,NULL,'2025-04-04 09:26:04','2025-05-25 23:03:29'),(1797,'MTL','MTL','MTL','Binance','/images/crypto-icons/svg/color/mtl.svg',NULL,1,0.82300000,NULL,NULL,'2025-04-04 09:26:04','2025-05-27 14:03:01'),(1798,'ASR','ASR','ASR','Binance',NULL,NULL,1,1.92400000,NULL,NULL,'2025-04-04 09:26:04','2025-05-27 14:03:01'),(1799,'BADGER','BADGER','BADGER','Binance',NULL,NULL,1,0.78400000,NULL,NULL,'2025-04-04 09:26:04','2025-04-15 23:03:07'),(1800,'DEGO','DEGO','DEGO','Binance',NULL,NULL,1,2.33400000,NULL,NULL,'2025-04-04 09:26:04','2025-05-27 14:03:01'),(1801,'BAR','BAR','BAR','Binance',NULL,NULL,1,1.50700000,NULL,NULL,'2025-04-04 09:26:04','2025-05-27 14:03:01'),(1802,'FORTH','FORTH','FORTH','Binance',NULL,NULL,1,2.53100000,NULL,NULL,'2025-04-04 09:26:04','2025-05-27 14:03:01'),(1803,'MASK','MASK','MASK','Binance',NULL,NULL,1,1.87400000,NULL,NULL,'2025-04-04 09:26:04','2025-05-27 14:03:01'),(1804,'RAY','RAY','RAY','Binance','/images/crypto-icons/svg/color/ray.svg',NULL,1,3.28200000,NULL,NULL,'2025-04-04 09:26:04','2025-05-27 14:03:01'),(1805,'FXS','FXS','FXS','Binance',NULL,NULL,1,3.38700000,NULL,NULL,'2025-04-04 09:26:04','2025-05-27 14:03:01'),(1806,'CVX','CVX','CVX','Binance',NULL,NULL,1,3.41600000,NULL,NULL,'2025-04-04 09:26:04','2025-05-27 14:03:01'),(1807,'GNS','GNS','GNS','Binance',NULL,NULL,1,1.24000000,NULL,NULL,'2025-04-04 09:26:04','2025-05-27 14:03:02'),(1808,'SUI','SUI','SUI','Binance',NULL,NULL,1,3.67150000,NULL,NULL,'2025-04-04 09:26:04','2025-05-27 14:03:01'),(1809,'JTO','JTO','JTO','Binance',NULL,NULL,1,1.99200000,NULL,NULL,'2025-04-04 09:26:04','2025-05-27 14:03:02'),(1810,'OMNI','OMNI','OMNI','Binance','/images/crypto-icons/svg/color/omni.svg',NULL,1,2.83000000,NULL,NULL,'2025-04-04 09:26:04','2025-05-27 14:03:01'),(1811,'CYBER','CYBER','CYBER','Binance',NULL,NULL,1,1.46200000,NULL,NULL,'2025-04-04 09:26:04','2025-05-27 14:03:02'),(1812,'EURI','EURI','EURI','Binance',NULL,NULL,1,1.13340000,NULL,NULL,'2025-04-04 09:26:04','2025-05-27 14:03:02'),(1813,'ORCA','ORCA','ORCA','Binance',NULL,NULL,1,2.93700000,NULL,NULL,'2025-04-04 09:26:04','2025-05-27 14:03:01'),(1814,'LAYER','LAYER','LAYER','Binance',NULL,NULL,1,0.95510000,NULL,NULL,'2025-04-04 09:26:04','2025-05-27 14:03:04'),(1815,'EPIC','EPIC','EPIC','Binance',NULL,NULL,1,1.40400000,NULL,NULL,'2025-04-04 09:26:04','2025-05-27 14:03:02'),(1816,'FORM','FORM','FORM','Binance',NULL,NULL,1,3.02220000,NULL,NULL,'2025-04-04 09:26:04','2025-05-27 14:03:01'),(1817,'SNT','SNT','SNT','Binance','/images/crypto-icons/svg/color/snt.svg',NULL,1,0.02724000,NULL,NULL,'2025-04-04 09:26:04','2025-04-15 23:03:06'),(1818,'LRC','LRC','LRC','Binance','/images/crypto-icons/svg/color/lrc.svg',NULL,1,0.10160000,NULL,NULL,'2025-04-04 09:26:04','2025-05-27 14:03:01'),(1819,'ZRX','ZRX','ZRX','Binance','/images/crypto-icons/svg/color/zrx.svg',NULL,1,0.26810000,NULL,NULL,'2025-04-04 09:26:04','2025-05-27 14:03:01'),(1820,'KNC','KNC','KNC','Binance','/images/crypto-icons/svg/color/knc.svg',NULL,1,0.36910000,NULL,NULL,'2025-04-04 09:26:04','2025-05-27 14:03:01'),(1821,'IOTA','IOTA','IOTA','Binance',NULL,NULL,1,0.21230000,NULL,NULL,'2025-04-04 09:26:04','2025-05-27 14:03:01'),(1822,'XVG','XVG','XVG','Binance','/images/crypto-icons/svg/color/xvg.svg',NULL,1,0.00736200,NULL,NULL,'2025-04-04 09:26:04','2025-05-27 14:03:02'),(1823,'REQ','REQ','REQ','Binance','/images/crypto-icons/originals/req.svg',NULL,1,0.14610000,NULL,NULL,'2025-04-04 09:26:04','2025-05-27 14:03:01'),(1824,'POWR','POWR','POWR','Binance','/images/crypto-icons/svg/color/powr.svg',NULL,1,0.18190000,NULL,NULL,'2025-04-04 09:26:04','2025-05-27 14:03:01'),(1825,'ENJ','ENJ','ENJ','Binance','/images/crypto-icons/svg/color/enj.svg',NULL,1,0.09110000,NULL,NULL,'2025-04-04 09:26:05','2025-05-27 14:03:01'),(1826,'STORJ','STORJ','STORJ','Binance','/images/crypto-icons/svg/color/storj.svg',NULL,1,0.30030000,NULL,NULL,'2025-04-04 09:26:05','2025-05-27 14:03:01'),(1827,'KMD','KMD','KMD','Binance','/images/crypto-icons/originals/kmd.svg',NULL,1,0.14080000,NULL,NULL,'2025-04-04 09:26:05','2025-05-27 14:03:01'),(1828,'NULS','NULS','NULS','Binance','/images/crypto-icons/svg/color/nuls.svg',NULL,1,0.02490000,NULL,NULL,'2025-04-04 09:26:05','2025-04-15 23:03:06'),(1829,'BAT','BAT','BAT','Binance','/images/crypto-icons/svg/color/bat.svg',NULL,1,0.14580000,NULL,NULL,'2025-04-04 09:26:05','2025-05-27 14:03:01'),(1830,'LSK','LSK','LSK','Binance','/images/crypto-icons/svg/color/lsk.svg',NULL,1,0.51200000,NULL,NULL,'2025-04-04 09:26:05','2025-05-27 14:03:01'),(1831,'MANA','MANA','MANA','Binance','/images/crypto-icons/originals/mana.svg',NULL,1,0.31700000,NULL,NULL,'2025-04-04 09:26:05','2025-05-27 14:03:01'),(1832,'ADX','ADX','ADX','Binance','/images/crypto-icons/svg/color/adx.svg',NULL,1,0.11160000,NULL,NULL,'2025-04-04 09:26:05','2025-05-27 14:03:01'),(1833,'ICX','ICX','ICX','Binance','/images/crypto-icons/svg/color/icx.svg',NULL,1,0.11650000,NULL,NULL,'2025-04-04 09:26:05','2025-05-27 14:03:01'),(1834,'ELF','ELF','ELF','Binance','/images/crypto-icons/svg/color/elf.svg',NULL,1,0.22780000,NULL,NULL,'2025-04-04 09:26:05','2025-04-15 23:03:06'),(1835,'PIVX','PIVX','PIVX','Binance','/images/crypto-icons/svg/color/pivx.svg',NULL,1,0.15700000,NULL,NULL,'2025-04-04 09:26:05','2025-05-27 14:03:01'),(1836,'STEEM','STEEM','STEEM','Binance','/images/crypto-icons/svg/color/steem.svg',NULL,1,0.14640000,NULL,NULL,'2025-04-04 09:26:05','2025-05-27 14:03:01'),(1837,'ATM','ATM','ATM','Binance','/images/crypto-icons/svg/color/atm.svg',NULL,1,1.24200000,NULL,NULL,'2025-04-04 09:26:05','2025-05-27 14:03:01'),(1838,'NEXO','NEXO','NEXO','Binance','/images/crypto-icons/originals/nexo.svg',NULL,1,1.27500000,NULL,NULL,'2025-04-04 09:26:05','2025-05-27 14:03:02'),(1839,'ZIL','ZIL','ZIL','Binance','/images/crypto-icons/svg/color/zil.svg',NULL,1,0.01288000,NULL,NULL,'2025-04-04 09:26:05','2025-05-27 14:03:02'),(1840,'ONT','ONT','ONT','Binance','/images/crypto-icons/svg/color/ont.svg',NULL,1,0.14590000,NULL,NULL,'2025-04-04 09:26:05','2025-05-27 14:03:01'),(1841,'WAN','WAN','WAN','Binance','/images/crypto-icons/svg/color/wan.svg',NULL,1,0.12760000,NULL,NULL,'2025-04-04 09:26:05','2025-05-27 14:03:01'),(1842,'JUV','JUV','JUV','Binance',NULL,NULL,1,1.18400000,NULL,NULL,'2025-04-04 09:26:05','2025-05-27 14:03:02'),(1843,'SYS','SYS','SYS','Binance','/images/crypto-icons/svg/color/sys.svg',NULL,1,0.05140000,NULL,NULL,'2025-04-04 09:26:05','2025-05-27 14:03:01'),(1844,'THETA','THETA','THETA','Binance','/images/crypto-icons/svg/color/theta.svg',NULL,1,0.89700000,NULL,NULL,'2025-04-04 09:26:05','2025-05-27 14:03:01'),(1845,'CITY','CITY','CITY','Binance',NULL,NULL,1,1.14200000,NULL,NULL,'2025-04-04 09:26:05','2025-05-27 14:03:02'),(1846,'PYR','PYR','PYR','Binance',NULL,NULL,1,1.17400000,NULL,NULL,'2025-04-04 09:26:05','2025-05-27 14:03:02'),(1847,'IOTX','IOTX','IOTX','Binance','/images/crypto-icons/originals/iotx.svg',NULL,1,0.02110000,NULL,NULL,'2025-04-04 09:26:05','2025-05-27 14:03:02'),(1848,'DATA','DATA','DATA','Binance','/images/crypto-icons/svg/color/data.svg',NULL,1,0.01636000,NULL,NULL,'2025-04-04 09:26:05','2025-05-27 14:03:02'),(1849,'SC','SC','SC','Binance','/images/crypto-icons/svg/color/sc.svg',NULL,1,0.00356900,NULL,NULL,'2025-04-04 09:26:05','2025-05-27 14:03:02'),(1850,'DENT','DENT','DENT','Binance','/images/crypto-icons/svg/color/dent.svg',NULL,1,0.00085200,NULL,NULL,'2025-04-04 09:26:05','2025-05-27 14:03:02'),(1851,'ARDR','ARDR','ARDR','Binance','/images/crypto-icons/svg/color/ardr.svg',NULL,1,0.10032000,NULL,NULL,'2025-04-04 09:26:05','2025-05-27 14:03:01'),(1852,'HOT','HOT','HOT','Binance','/images/crypto-icons/originals/hot.svg',NULL,1,0.00114800,NULL,NULL,'2025-04-04 09:26:05','2025-05-27 14:03:02'),(1853,'VET','VET','VET','Binance','/images/crypto-icons/svg/color/vet.svg',NULL,1,0.02824000,NULL,NULL,'2025-04-04 09:26:05','2025-05-27 14:03:02'),(1854,'RVN','RVN','RVN','Binance','/images/crypto-icons/svg/color/rvn.svg',NULL,1,0.01241000,NULL,NULL,'2025-04-04 09:26:05','2025-05-27 14:03:03'),(1855,'ONG','ONG','ONG','Binance','/images/crypto-icons/originals/ong.svg',NULL,1,0.20300000,NULL,NULL,'2025-04-04 09:26:05','2025-05-27 14:03:02'),(1856,'FET','FET','FET','Binance',NULL,NULL,1,0.91200000,NULL,NULL,'2025-04-04 09:26:05','2025-05-27 14:03:02'),(1857,'IOST','IOST','IOST','Binance','/images/crypto-icons/svg/color/iost.svg',NULL,1,0.00397300,NULL,NULL,'2025-04-04 09:26:05','2025-05-27 14:03:03'),(1858,'CELR','CELR','CELR','Binance',NULL,NULL,1,0.00992000,NULL,NULL,'2025-04-04 09:26:05','2025-05-27 14:03:03'),(1859,'PHB','PHB','PHB','Binance',NULL,NULL,1,0.64300000,NULL,NULL,'2025-04-04 09:26:05','2025-05-27 14:03:02'),(1860,'TFUEL','TFUEL','TFUEL','Binance',NULL,NULL,1,0.03803000,NULL,NULL,'2025-04-04 09:26:05','2025-05-27 14:03:03'),(1861,'ONE','ONE','ONE','Binance','/images/crypto-icons/svg/color/one.svg',NULL,1,0.01453000,NULL,NULL,'2025-04-04 09:26:05','2025-05-27 14:03:03'),(1862,'ALGO','ALGO','ALGO','Binance','/images/crypto-icons/svg/color/algo.svg',NULL,1,0.22480000,'123',NULL,'2025-04-04 09:26:05','2025-05-27 14:03:02'),(1863,'DUSK','DUSK','DUSK','Binance',NULL,NULL,1,0.08350000,NULL,NULL,'2025-04-04 09:26:05','2025-05-27 14:03:02'),(1864,'ANKR','ANKR','ANKR','Binance','/images/crypto-icons/svg/color/ankr.svg',NULL,1,0.01827000,NULL,NULL,'2025-04-04 09:26:05','2025-05-27 14:03:03'),(1865,'WIN','WIN','WIN','Binance',NULL,NULL,1,0.00005615,NULL,NULL,'2025-04-04 09:26:05','2025-05-27 14:03:03'),(1866,'COS','COS','COS','Binance',NULL,NULL,1,0.00360100,NULL,NULL,'2025-04-04 09:26:05','2025-05-27 14:03:03'),(1867,'FUN','FUN','FUN','Binance','/images/crypto-icons/svg/color/fun.svg',NULL,1,0.00379700,NULL,NULL,'2025-04-04 09:26:05','2025-05-27 14:03:03'),(1868,'CVC','CVC','CVC','Binance','/images/crypto-icons/svg/color/cvc.svg',NULL,1,0.14140000,NULL,NULL,'2025-04-04 09:26:05','2025-05-27 14:03:02'),(1869,'CHZ','CHZ','CHZ','Binance','/images/crypto-icons/svg/color/chz.svg',NULL,1,0.04478000,NULL,NULL,'2025-04-04 09:26:05','2025-05-27 14:03:03'),(1870,'BAND','BAND','BAND','Binance','/images/crypto-icons/originals/band.svg',NULL,1,0.76200000,NULL,NULL,'2025-04-04 09:26:05','2025-05-27 14:03:02'),(1871,'XTZ','XTZ','XTZ','Binance','/images/crypto-icons/svg/color/xtz.svg',NULL,1,0.62600000,NULL,NULL,'2025-04-04 09:26:05','2025-05-27 14:03:02'),(1872,'HBAR','HBAR','HBAR','Binance',NULL,NULL,1,0.19017000,NULL,NULL,'2025-04-04 09:26:05','2025-05-27 14:03:02'),(1873,'NKN','NKN','NKN','Binance','/images/crypto-icons/svg/color/nkn.svg',NULL,1,0.03650000,NULL,NULL,'2025-04-04 09:26:05','2025-05-27 14:03:03'),(1874,'STX','STX','STX','Binance','/images/crypto-icons/svg/color/stx.svg',NULL,1,0.90300000,NULL,NULL,'2025-04-04 09:26:05','2025-05-27 14:03:02'),(1875,'KAVA','KAVA','KAVA','Binance',NULL,NULL,1,0.43140000,NULL,NULL,'2025-04-04 09:26:05','2025-05-27 14:03:02'),(1876,'ARPA','ARPA','ARPA','Binance',NULL,NULL,1,0.02548000,NULL,NULL,'2025-04-04 09:26:05','2025-05-27 14:03:03'),(1877,'CTXC','CTXC','CTXC','Binance','/images/crypto-icons/svg/color/ctxc.svg',NULL,1,0.06290000,NULL,NULL,'2025-04-04 09:26:05','2025-04-15 23:03:07'),(1878,'TROY','TROY','TROY','Binance',NULL,NULL,1,0.00007500,NULL,NULL,'2025-04-04 09:26:05','2025-04-15 23:03:07'),(1879,'OGN','OGN','OGN','Binance',NULL,NULL,1,0.06710000,NULL,NULL,'2025-04-04 09:26:05','2025-05-27 14:03:02'),(1880,'BNT','BNT','BNT','Binance','/images/crypto-icons/svg/color/bnt.svg',NULL,1,0.72280000,NULL,NULL,'2025-04-04 09:26:05','2025-05-27 14:03:02'),(1881,'LTO','LTO','LTO','Binance',NULL,NULL,1,0.04170000,NULL,NULL,'2025-04-04 09:26:05','2025-05-27 14:03:03'),(1882,'MBL','MBL','MBL','Binance',NULL,NULL,1,0.00241200,NULL,NULL,'2025-04-04 09:26:05','2025-05-27 14:03:03'),(1883,'COTI','COTI','COTI','Binance',NULL,NULL,1,0.07112000,NULL,NULL,'2025-04-04 09:26:05','2025-05-27 14:03:02'),(1884,'STPT','STPT','STPT','Binance',NULL,NULL,1,0.07287000,NULL,NULL,'2025-04-04 09:26:05','2025-05-18 23:02:54'),(1885,'CTSI','CTSI','CTSI','Binance',NULL,NULL,1,0.07530000,NULL,NULL,'2025-04-04 09:26:05','2025-05-27 14:03:02'),(1886,'HIVE','HIVE','HIVE','Binance',NULL,NULL,1,0.26140000,NULL,NULL,'2025-04-04 09:26:05','2025-05-27 14:03:02'),(1887,'CHR','CHR','CHR','Binance',NULL,NULL,1,0.10290000,NULL,NULL,'2025-04-04 09:26:05','2025-05-27 14:03:02'),(1888,'MDT','MDT','MDT','Binance',NULL,NULL,1,0.03044000,NULL,NULL,'2025-04-04 09:26:05','2025-05-27 14:03:03'),(1889,'SXP','SXP','SXP','Binance',NULL,NULL,1,0.19720000,NULL,NULL,'2025-04-04 09:26:05','2025-05-27 14:03:02'),(1890,'SNX','SNX','SNX','Binance','/images/crypto-icons/svg/color/snx.svg',NULL,1,0.79600000,NULL,NULL,'2025-04-04 09:26:05','2025-05-27 14:03:02'),(1891,'VTHO','VTHO','VTHO','Binance','/images/crypto-icons/originals/vtho.svg',NULL,1,0.00249100,NULL,NULL,'2025-04-04 09:26:05','2025-05-27 14:03:03'),(1892,'DGB','DGB','DGB','Binance','/images/crypto-icons/svg/color/dgb.svg',NULL,1,0.01002000,NULL,NULL,'2025-04-04 09:26:05','2025-05-27 14:03:03'),(1893,'FIO','FIO','FIO','Binance',NULL,NULL,1,0.01810000,NULL,NULL,'2025-04-04 09:26:05','2025-05-27 14:03:03'),(1894,'AVA','AVA','AVA','Binance',NULL,NULL,1,0.61590000,NULL,NULL,'2025-04-04 09:26:05','2025-05-27 14:03:02'),(1895,'JST','JST','JST','Binance',NULL,NULL,1,0.03578000,NULL,NULL,'2025-04-04 09:26:05','2025-05-27 14:03:03'),(1896,'CRV','CRV','CRV','Binance','/images/crypto-icons/svg/color/crv.svg',NULL,1,0.79260000,NULL,NULL,'2025-04-04 09:26:05','2025-05-27 14:03:02'),(1897,'SAND','SAND','SAND','Binance','/images/crypto-icons/svg/color/sand.svg',NULL,1,0.31420000,NULL,NULL,'2025-04-04 09:26:05','2025-05-27 14:03:02'),(1898,'LUNA','LUNA','LUNA','Binance',NULL,NULL,1,0.19750000,NULL,NULL,'2025-04-04 09:26:05','2025-05-27 14:03:02'),(1899,'RSR','RSR','RSR','Binance',NULL,NULL,1,0.00887100,NULL,NULL,'2025-04-04 09:26:05','2025-05-27 14:03:03'),(1900,'SUSHI','SUSHI','SUSHI','Binance','/images/crypto-icons/svg/color/sushi.svg',NULL,1,0.76000000,NULL,NULL,'2025-04-04 09:26:05','2025-05-27 14:03:02'),(1901,'DIA','DIA','DIA','Binance',NULL,NULL,1,0.48210000,NULL,NULL,'2025-04-04 09:26:05','2025-05-27 14:03:02'),(1902,'BEL','BEL','BEL','Binance',NULL,NULL,1,0.33850000,NULL,NULL,'2025-04-04 09:26:05','2025-05-27 14:03:02'),(1903,'OXT','OXT','OXT','Binance','/images/crypto-icons/originals/oxt.svg',NULL,1,0.06360000,NULL,NULL,'2025-04-04 09:26:05','2025-05-27 14:03:02'),(1904,'SUN','SUN','SUN','Binance',NULL,NULL,1,0.01960000,NULL,NULL,'2025-04-04 09:26:05','2025-05-27 14:03:03'),(1905,'FLM','FLM','FLM','Binance',NULL,NULL,1,0.04570000,NULL,NULL,'2025-04-04 09:26:05','2025-05-27 14:03:03'),(1906,'SCRT','SCRT','SCRT','Binance',NULL,NULL,1,0.20840000,NULL,NULL,'2025-04-04 09:26:05','2025-05-27 14:03:02'),(1907,'UTK','UTK','UTK','Binance','/images/crypto-icons/svg/color/utk.svg',NULL,1,0.03284000,NULL,NULL,'2025-04-04 09:26:05','2025-05-27 14:03:03'),(1908,'ALPHA','ALPHA','ALPHA','Binance','/var/www/trustwallet/storage/app/public/crypto/ALPHA.png',NULL,1,0.02960000,NULL,NULL,'2025-04-04 09:26:05','2025-05-27 14:03:03'),(1909,'VIDT','VIDT','VIDT','Binance',NULL,NULL,1,0.00149000,NULL,NULL,'2025-04-04 09:26:05','2025-04-15 23:03:07'),(1910,'AUDIO','AUDIO','AUDIO','Binance',NULL,NULL,1,0.07620000,NULL,NULL,'2025-04-04 09:26:05','2025-05-27 14:03:02'),(1911,'CTK','CTK','CTK','Binance',NULL,NULL,1,0.36120000,NULL,NULL,'2025-04-04 09:26:05','2025-05-27 14:03:02'),(1912,'HARD','HARD','HARD','Binance',NULL,NULL,1,0.01140000,NULL,NULL,'2025-04-04 09:26:05','2025-04-15 23:03:07'),(1913,'SLP','SLP','SLP','Binance',NULL,NULL,1,0.00173900,NULL,NULL,'2025-04-04 09:26:05','2025-05-27 14:03:03'),(1914,'STRAX','STRAX','STRAX','Binance',NULL,NULL,1,0.05242000,NULL,NULL,'2025-04-04 09:26:05','2025-05-27 14:03:02'),(1915,'ROSE','ROSE','ROSE','Binance',NULL,NULL,1,0.03460000,NULL,NULL,'2025-04-04 09:26:05','2025-05-27 14:03:03'),(1916,'SKL','SKL','SKL','Binance','/images/crypto-icons/svg/color/skl.svg',NULL,1,0.02539000,NULL,NULL,'2025-04-04 09:26:05','2025-05-27 14:03:03'),(1917,'GLM','GLM','GLM','Binance',NULL,NULL,1,0.26860000,NULL,NULL,'2025-04-04 09:26:05','2025-05-27 14:03:02'),(1918,'GRT','GRT','GRT','Binance','/images/crypto-icons/svg/color/grt.svg',NULL,1,0.11390000,NULL,NULL,'2025-04-04 09:26:05','2025-05-27 14:03:02'),(1919,'1INCH','1INCH','1INCH','Binance','/images/crypto-icons/svg/color/1inch.svg',NULL,1,0.23850000,NULL,NULL,'2025-04-04 09:26:05','2025-05-27 14:03:02'),(1920,'CELO','CELO','CELO','Binance',NULL,NULL,1,0.37950000,NULL,NULL,'2025-04-04 09:26:05','2025-05-27 14:03:02'),(1921,'RIF','RIF','RIF','Binance',NULL,NULL,1,0.05490000,NULL,NULL,'2025-04-04 09:26:05','2025-05-27 14:03:02'),(1922,'TRU','TRU','TRU','Binance',NULL,NULL,1,0.04300000,NULL,NULL,'2025-04-04 09:26:06','2025-05-27 14:03:03'),(1923,'CKB','CKB','CKB','Binance',NULL,NULL,1,0.00511900,NULL,NULL,'2025-04-04 09:26:06','2025-05-27 14:03:03'),(1924,'TWT','TWT','TWT','Binance',NULL,NULL,1,0.85070000,NULL,NULL,'2025-04-04 09:26:06','2025-05-27 14:03:02'),(1925,'FIRO','FIRO','FIRO','Binance',NULL,NULL,1,0.32600000,NULL,NULL,'2025-04-04 09:26:06','2025-04-15 23:03:07'),(1926,'SFP','SFP','SFP','Binance',NULL,NULL,1,0.56550000,NULL,NULL,'2025-04-04 09:26:06','2025-05-27 14:03:02'),(1927,'DODO','DODO','DODO','Binance',NULL,NULL,1,0.05400000,NULL,NULL,'2025-04-04 09:26:06','2025-05-27 14:03:02'),(1928,'ACM','ACM','ACM','Binance',NULL,NULL,1,0.93900000,NULL,NULL,'2025-04-04 09:26:06','2025-05-27 14:03:02'),(1929,'PHA','PHA','PHA','Binance',NULL,NULL,1,0.14030000,NULL,NULL,'2025-04-04 09:26:06','2025-05-27 14:03:02'),(1930,'FIS','FIS','FIS','Binance',NULL,NULL,1,0.16210000,NULL,NULL,'2025-04-04 09:26:06','2025-05-27 14:03:02'),(1931,'POND','POND','POND','Binance',NULL,NULL,1,0.01068000,NULL,NULL,'2025-04-04 09:26:06','2025-05-27 14:03:03'),(1932,'ALICE','ALICE','ALICE','Binance',NULL,NULL,1,0.48290000,NULL,NULL,'2025-04-04 09:26:06','2025-05-27 14:03:02'),(1933,'PERP','PERP','PERP','Binance',NULL,NULL,1,0.27590000,NULL,NULL,'2025-04-04 09:26:06','2025-05-27 14:03:02'),(1934,'SUPER','SUPER','SUPER','Binance',NULL,NULL,1,0.82760000,NULL,NULL,'2025-04-04 09:26:06','2025-05-27 14:03:02'),(1935,'CFX','CFX','CFX','Binance',NULL,NULL,1,0.09060000,NULL,NULL,'2025-04-04 09:26:06','2025-05-27 14:03:02'),(1936,'TKO','TKO','TKO','Binance',NULL,NULL,1,0.17000000,NULL,NULL,'2025-04-04 09:26:06','2025-05-27 14:03:02'),(1937,'PUNDIX','PUNDIX','PUNDIX','Binance',NULL,NULL,1,0.40580000,NULL,NULL,'2025-04-04 09:26:06','2025-05-27 14:03:02'),(1938,'TLM','TLM','TLM','Binance',NULL,NULL,1,0.00579000,NULL,NULL,'2025-04-04 09:26:06','2025-05-27 14:03:03'),(1939,'BAKE','BAKE','BAKE','Binance',NULL,NULL,1,0.13950000,NULL,NULL,'2025-04-04 09:26:06','2025-05-27 14:03:02'),(1940,'ATA','ATA','ATA','Binance',NULL,NULL,1,0.05060000,NULL,NULL,'2025-04-04 09:26:06','2025-05-27 14:03:02'),(1941,'GTC','GTC','GTC','Binance',NULL,NULL,1,0.29800000,NULL,NULL,'2025-04-04 09:26:06','2025-05-27 14:03:02'),(1942,'C98','C98','C98','Binance',NULL,NULL,1,0.06190000,NULL,NULL,'2025-04-04 09:26:06','2025-05-27 14:03:02'),(1943,'FLOW','FLOW','FLOW','Binance',NULL,NULL,1,0.40400000,NULL,NULL,'2025-04-04 09:26:06','2025-05-27 14:03:02'),(1944,'MINA','MINA','MINA','Binance',NULL,NULL,1,0.25340000,NULL,NULL,'2025-04-04 09:26:06','2025-05-27 14:03:02'),(1945,'ALPACA','ALPACA','ALPACA','Binance',NULL,NULL,1,0.30810000,NULL,NULL,'2025-04-04 09:26:06','2025-05-01 23:03:03'),(1946,'QUICK','QUICK','QUICK','Binance',NULL,NULL,1,0.02336000,NULL,NULL,'2025-04-04 09:26:06','2025-05-27 14:03:03'),(1947,'MBOX','MBOX','MBOX','Binance',NULL,NULL,1,0.06180000,NULL,NULL,'2025-04-04 09:26:06','2025-05-27 14:03:02'),(1948,'GHST','GHST','GHST','Binance','/var/www/trustwallet/storage/app/public/crypto/GHST.png',NULL,1,0.46900000,NULL,NULL,'2025-04-04 09:26:06','2025-05-27 14:03:02'),(1949,'WAXP','WAXP','WAXP','Binance',NULL,NULL,1,0.02475000,NULL,NULL,'2025-04-04 09:26:06','2025-05-27 14:03:03'),(1950,'USDP','USDP','USDP','Binance',NULL,NULL,1,0.99990000,NULL,NULL,'2025-04-04 09:26:06','2025-05-27 14:03:02'),(1951,'AEUR','AEUR','AEUR','Binance','/images/crypto-icons/originals/aeur.svg',NULL,1,1.04090000,NULL,NULL,'2025-04-04 09:26:06','2025-05-27 14:03:02'),(1952,'XEC','XEC','XEC','Binance',NULL,NULL,1,0.00002233,NULL,NULL,'2025-04-04 09:26:06','2025-05-27 14:03:03'),(1953,'DYDX','DYDX','DYDX','Binance',NULL,NULL,1,0.63920000,NULL,NULL,'2025-04-04 09:26:06','2025-05-27 14:03:02'),(1954,'IDEX','IDEX','IDEX','Binance',NULL,NULL,1,0.02558000,NULL,NULL,'2025-04-04 09:26:06','2025-05-27 14:03:03'),(1955,'GALA','GALA','GALA','Binance',NULL,NULL,1,0.01970000,NULL,NULL,'2025-04-04 09:26:06','2025-05-27 14:03:03'),(1956,'YGG','YGG','YGG','Binance',NULL,NULL,1,0.21850000,NULL,NULL,'2025-04-04 09:26:06','2025-05-27 14:03:02'),(1957,'DF','DF','DF','Binance',NULL,NULL,1,0.05080000,NULL,NULL,'2025-04-04 09:26:06','2025-05-27 14:03:02'),(1958,'FIDA','FIDA','FIDA','Binance','/images/crypto-icons/svg/color/fida.svg',NULL,1,0.08930000,NULL,NULL,'2025-04-04 09:26:06','2025-05-27 14:03:02'),(1959,'AGLD','AGLD','AGLD','Binance',NULL,NULL,1,0.91900000,NULL,NULL,'2025-04-04 09:26:06','2025-05-27 14:03:02'),(1960,'RAD','RAD','RAD','Binance',NULL,NULL,1,0.76500000,NULL,NULL,'2025-04-04 09:26:06','2025-05-27 14:03:02'),(1961,'BETA','BETA','BETA','Binance',NULL,NULL,1,0.00056000,NULL,NULL,'2025-04-04 09:26:06','2025-04-15 23:03:08'),(1962,'RARE','RARE','RARE','Binance',NULL,NULL,1,0.06330000,NULL,NULL,'2025-04-04 09:26:06','2025-05-27 14:03:02'),(1963,'LAZIO','LAZIO','LAZIO','Binance',NULL,NULL,1,1.04600000,NULL,NULL,'2025-04-04 09:26:06','2025-05-27 14:03:02'),(1964,'CHESS','CHESS','CHESS','Binance',NULL,NULL,1,0.08010000,NULL,NULL,'2025-04-04 09:26:06','2025-05-27 14:03:03'),(1965,'QI','QI','QI','Binance',NULL,NULL,1,0.00853000,NULL,NULL,'2025-04-04 09:26:06','2025-05-27 14:03:03'),(1966,'PORTO','PORTO','PORTO','Binance',NULL,NULL,1,1.07000000,NULL,NULL,'2025-04-04 09:26:06','2025-05-27 14:03:02'),(1967,'JASMY','JASMY','JASMY','Binance',NULL,NULL,1,0.01788000,NULL,NULL,'2025-04-04 09:26:06','2025-05-27 14:03:03'),(1968,'AMP','AMP','AMP','Binance','/images/crypto-icons/svg/color/amp.svg',NULL,1,0.00465200,NULL,NULL,'2025-04-04 09:26:06','2025-05-27 14:03:03'),(1969,'BICO','BICO','BICO','Binance',NULL,NULL,1,0.11540000,NULL,NULL,'2025-04-04 09:26:06','2025-05-27 14:03:03'),(1970,'FLUX','FLUX','FLUX','Binance','/images/crypto-icons/svg/color/flux.svg',NULL,1,0.27340000,NULL,NULL,'2025-04-04 09:26:06','2025-05-27 14:03:03'),(1971,'VOXEL','VOXEL','VOXEL','Binance',NULL,NULL,1,0.07250000,NULL,NULL,'2025-04-04 09:26:06','2025-05-27 14:03:03'),(1972,'HIGH','HIGH','HIGH','Binance',NULL,NULL,1,0.65500000,NULL,NULL,'2025-04-04 09:26:06','2025-05-27 14:03:03'),(1973,'PEOPLE','PEOPLE','PEOPLE','Binance',NULL,NULL,1,0.02489000,NULL,NULL,'2025-04-04 09:26:06','2025-05-27 14:03:03'),(1974,'SPELL','SPELL','SPELL','Binance',NULL,NULL,1,0.00060960,NULL,NULL,'2025-04-04 09:26:06','2025-05-27 14:03:03'),(1975,'JOE','JOE','JOE','Binance',NULL,NULL,1,0.20330000,NULL,NULL,'2025-04-04 09:26:06','2025-05-27 14:03:03'),(1976,'ACH','ACH','ACH','Binance',NULL,NULL,1,0.02429000,NULL,NULL,'2025-04-04 09:26:06','2025-05-27 14:03:03'),(1977,'IMX','IMX','IMX','Binance',NULL,NULL,1,0.65400000,NULL,NULL,'2025-04-04 09:26:06','2025-05-27 14:03:03'),(1978,'GLMR','GLMR','GLMR','Binance',NULL,NULL,1,0.08650000,NULL,NULL,'2025-04-04 09:26:06','2025-05-27 14:03:03'),(1979,'LOKA','LOKA','LOKA','Binance',NULL,NULL,1,0.07200000,NULL,NULL,'2025-04-04 09:26:06','2025-05-27 14:03:03'),(1980,'API3','API3','API3','Binance',NULL,NULL,1,0.83600000,NULL,NULL,'2025-04-04 09:26:06','2025-05-27 14:03:03'),(1981,'BTTC','BTTC','BTTC','Binance',NULL,NULL,1,0.00000073,NULL,NULL,'2025-04-04 09:26:06','2025-05-27 14:03:03'),(1982,'ACA','ACA','ACA','Binance','/var/www/trustwallet/storage/app/public/crypto/ACA.png',NULL,1,0.03170000,NULL,NULL,'2025-04-04 09:26:06','2025-05-27 14:03:03'),(1983,'XNO','XNO','XNO','Binance',NULL,NULL,1,1.00700000,NULL,NULL,'2025-04-04 09:26:06','2025-05-27 14:03:03'),(1984,'WOO','WOO','WOO','Binance',NULL,NULL,1,0.09410000,NULL,NULL,'2025-04-04 09:26:06','2025-05-27 14:03:03'),(1985,'ALPINE','ALPINE','ALPINE','Binance',NULL,NULL,1,0.92600000,NULL,NULL,'2025-04-04 09:26:06','2025-05-27 14:03:03'),(1986,'T','T','T','Binance',NULL,NULL,1,0.01779000,NULL,NULL,'2025-04-04 09:26:06','2025-05-27 14:03:03'),(1987,'ASTR','ASTR','ASTR','Binance',NULL,NULL,1,0.02976000,NULL,NULL,'2025-04-04 09:26:06','2025-05-27 14:03:03'),(1988,'GMT','GMT','GMT','Binance','/images/crypto-icons/svg/color/gmt.svg',NULL,1,0.05890000,NULL,NULL,'2025-04-04 09:26:06','2025-05-27 14:03:03'),(1989,'KDA','KDA','KDA','Binance',NULL,NULL,1,0.55610000,NULL,NULL,'2025-04-04 09:26:06','2025-05-27 14:03:03'),(1990,'APE','APE','APE','Binance','/images/crypto-icons/svg/color/ape.svg',NULL,1,0.70200000,NULL,NULL,'2025-04-04 09:26:06','2025-05-27 14:03:03'),(1991,'BSW','BSW','BSW','Binance',NULL,NULL,1,0.03150000,NULL,NULL,'2025-04-04 09:26:06','2025-05-27 14:03:03'),(1992,'REI','REI','REI','Binance',NULL,NULL,1,0.01931000,NULL,NULL,'2025-04-04 09:26:06','2025-05-27 14:03:03'),(1993,'LDO','LDO','LDO','Binance',NULL,NULL,1,0.92800000,NULL,NULL,'2025-04-04 09:26:06','2025-05-27 14:03:03'),(1994,'OP','OP','OP','Binance',NULL,NULL,1,0.77500000,NULL,NULL,'2025-04-04 09:26:06','2025-05-27 14:03:03'),(1995,'LEVER','LEVER','LEVER','Binance',NULL,NULL,1,0.00055900,NULL,NULL,'2025-04-04 09:26:06','2025-05-27 14:03:03'),(1996,'STG','STG','STG','Binance',NULL,NULL,1,0.19690000,NULL,NULL,'2025-04-04 09:26:06','2025-05-27 14:03:03'),(1997,'LUNC','LUNC','LUNC','Binance',NULL,NULL,1,0.00006402,NULL,NULL,'2025-04-04 09:26:06','2025-05-27 14:03:03'),(1998,'POLYX','POLYX','POLYX','Binance',NULL,NULL,1,0.16380000,NULL,NULL,'2025-04-04 09:26:06','2025-05-27 14:03:03'),(1999,'OSMO','OSMO','OSMO','Binance',NULL,NULL,1,0.23770000,NULL,NULL,'2025-04-04 09:26:06','2025-05-27 14:03:03'),(2000,'HFT','HFT','HFT','Binance',NULL,NULL,1,0.07560000,NULL,NULL,'2025-04-04 09:26:06','2025-05-27 14:03:03'),(2001,'HOOK','HOOK','HOOK','Binance',NULL,NULL,1,0.14230000,NULL,NULL,'2025-04-04 09:26:06','2025-05-27 14:03:03'),(2002,'MAGIC','MAGIC','MAGIC','Binance',NULL,NULL,1,0.16880000,NULL,NULL,'2025-04-04 09:26:06','2025-05-27 14:03:03'),(2003,'HIFI','HIFI','HIFI','Binance',NULL,NULL,1,0.11410000,NULL,NULL,'2025-04-04 09:26:06','2025-05-27 14:03:03'),(2004,'PROS','PROS','PROS','Binance',NULL,NULL,1,0.05130000,NULL,NULL,'2025-04-04 09:26:06','2025-04-15 23:03:08'),(2005,'SYN','SYN','SYN','Binance',NULL,NULL,1,0.21840000,NULL,NULL,'2025-04-04 09:26:06','2025-05-27 14:03:03'),(2006,'VIB','VIB','VIB','Binance','/images/crypto-icons/svg/color/vib.svg',NULL,1,0.00716000,NULL,NULL,'2025-04-04 09:26:06','2025-05-01 23:03:05'),(2007,'LQTY','LQTY','LQTY','Binance',NULL,NULL,1,0.87800000,NULL,NULL,'2025-04-04 09:26:06','2025-05-27 14:03:03'),(2008,'USTC','USTC','USTC','Binance',NULL,NULL,1,0.01299000,NULL,NULL,'2025-04-04 09:26:06','2025-05-27 14:03:03'),(2009,'QKC','QKC','QKC','Binance',NULL,NULL,1,0.00755100,NULL,NULL,'2025-04-04 09:26:06','2025-05-27 14:03:03'),(2010,'UFT','UFT','UFT','Binance',NULL,NULL,1,0.00970000,NULL,NULL,'2025-04-04 09:26:06','2025-04-15 23:03:08'),(2011,'ID','ID','ID','Binance',NULL,NULL,1,0.20480000,NULL,NULL,'2025-04-04 09:26:06','2025-05-27 14:03:03'),(2012,'ARB','ARB','ARB','Binance',NULL,NULL,1,0.40740000,NULL,NULL,'2025-04-04 09:26:06','2025-05-27 14:03:03'),(2013,'RDNT','RDNT','RDNT','Binance',NULL,NULL,1,0.02753000,NULL,NULL,'2025-04-04 09:26:06','2025-05-27 14:03:03'),(2014,'EDU','EDU','EDU','Binance',NULL,NULL,1,0.15670000,NULL,NULL,'2025-04-04 09:26:06','2025-05-27 14:03:03'),(2015,'PEPE','PEPE','PEPE','Binance',NULL,NULL,1,0.00001407,NULL,NULL,'2025-04-04 09:26:06','2025-05-27 14:03:03'),(2016,'FLOKI','FLOKI','FLOKI','Binance',NULL,NULL,1,0.00010241,NULL,NULL,'2025-04-04 09:26:06','2025-05-27 14:03:03'),(2017,'MAV','MAV','MAV','Binance',NULL,NULL,1,0.06500000,NULL,NULL,'2025-04-04 09:26:06','2025-05-27 14:03:03'),(2018,'ARKM','ARKM','ARKM','Binance',NULL,NULL,1,0.69800000,NULL,NULL,'2025-04-04 09:26:06','2025-05-27 14:03:03'),(2019,'WLD','WLD','WLD','Binance',NULL,NULL,1,1.41500000,NULL,NULL,'2025-04-04 09:26:06','2025-05-27 14:03:02'),(2020,'FDUSD','FDUSD','FDUSD','Binance',NULL,NULL,1,0.99820000,NULL,NULL,'2025-04-04 09:26:06','2025-05-27 14:03:03'),(2021,'SEI','SEI','SEI','Binance',NULL,NULL,1,0.22820000,NULL,NULL,'2025-04-04 09:26:07','2025-05-27 14:03:03'),(2022,'ARK','ARK','ARK','Binance','/images/crypto-icons/svg/color/ark.svg',NULL,1,0.40870000,NULL,NULL,'2025-04-04 09:26:07','2025-05-27 14:03:03'),(2023,'IQ','IQ','IQ','Binance','/images/crypto-icons/originals/iq.svg',NULL,1,0.00421000,NULL,NULL,'2025-04-04 09:26:07','2025-05-27 14:03:03'),(2024,'NTRN','NTRN','NTRN','Binance',NULL,NULL,1,0.12770000,NULL,NULL,'2025-04-04 09:26:07','2025-05-27 14:03:03'),(2025,'MEME','MEME','MEME','Binance',NULL,NULL,1,0.00230100,NULL,NULL,'2025-04-04 09:26:07','2025-05-27 14:03:04'),(2026,'BEAMX','BEAMX','BEAMX','Binance',NULL,NULL,1,0.00787000,NULL,NULL,'2025-04-04 09:26:07','2025-05-27 14:03:04'),(2027,'VIC','VIC','VIC','Binance',NULL,NULL,1,0.21950000,NULL,NULL,'2025-04-04 09:26:07','2025-05-27 14:03:04'),(2028,'BLUR','BLUR','BLUR','Binance',NULL,NULL,1,0.10460000,NULL,NULL,'2025-04-04 09:26:07','2025-05-27 14:03:04'),(2029,'VANRY','VANRY','VANRY','Binance',NULL,NULL,1,0.04280000,NULL,NULL,'2025-04-04 09:26:07','2025-05-27 14:03:04'),(2030,'1000SATS','1000SATS','1000SATS','Binance','/var/www/trustwallet/storage/app/public/crypto/1000SATS.png',NULL,1,0.00005580,NULL,NULL,'2025-04-04 09:26:07','2025-05-27 14:03:04'),(2031,'BONK','BONK','BONK','Binance',NULL,NULL,1,0.00002099,NULL,NULL,'2025-04-04 09:26:07','2025-05-27 14:03:04'),(2032,'ACE','ACE','ACE','Binance','/var/www/trustwallet/storage/app/public/crypto/ACE.png',NULL,1,0.69400000,NULL,NULL,'2025-04-04 09:26:07','2025-05-27 14:03:04'),(2033,'NFP','NFP','NFP','Binance',NULL,NULL,1,0.09000000,NULL,NULL,'2025-04-04 09:26:07','2025-05-27 14:03:04'),(2034,'AI','AI','AI','Binance',NULL,NULL,1,0.18130000,NULL,NULL,'2025-04-04 09:26:07','2025-05-27 14:03:04'),(2035,'XAI','XAI','XAI','Binance',NULL,NULL,1,0.08650000,NULL,NULL,'2025-04-04 09:26:07','2025-05-27 14:03:04'),(2036,'MANTA','MANTA','MANTA','Binance',NULL,NULL,1,0.31200000,NULL,NULL,'2025-04-04 09:26:07','2025-05-27 14:03:04'),(2037,'ALT','ALT','ALT','Binance',NULL,NULL,1,0.03261000,NULL,NULL,'2025-04-04 09:26:07','2025-05-27 14:03:04'),(2038,'JUP','JUP','JUP','Binance',NULL,NULL,1,0.62850000,NULL,NULL,'2025-04-04 09:26:07','2025-05-27 14:03:04'),(2039,'PYTH','PYTH','PYTH','Binance',NULL,NULL,1,0.13900000,NULL,NULL,'2025-04-04 09:26:07','2025-05-27 14:03:04'),(2040,'RONIN','RONIN','RONIN','Binance',NULL,NULL,1,0.71900000,NULL,NULL,'2025-04-04 09:26:07','2025-05-27 14:03:04'),(2041,'DYM','DYM','DYM','Binance',NULL,NULL,1,0.36500000,NULL,NULL,'2025-04-04 09:26:07','2025-05-27 14:03:04'),(2042,'PIXEL','PIXEL','PIXEL','Binance',NULL,NULL,1,0.05765000,NULL,NULL,'2025-04-04 09:26:07','2025-05-27 14:03:04'),(2043,'STRK','STRK','STRK','Binance',NULL,NULL,1,0.16320000,NULL,NULL,'2025-04-04 09:26:07','2025-05-27 14:03:04'),(2044,'PORTAL','PORTAL','PORTAL','Binance',NULL,NULL,1,0.06280000,NULL,NULL,'2025-04-04 09:26:07','2025-05-27 14:03:04'),(2045,'PDA','PDA','PDA','Binance',NULL,NULL,1,0.01016000,NULL,NULL,'2025-04-04 09:26:07','2025-05-01 23:03:05'),(2046,'AXL','AXL','AXL','Binance',NULL,NULL,1,0.35420000,NULL,NULL,'2025-04-04 09:26:07','2025-05-27 14:03:04'),(2047,'WIF','WIF','WIF','Binance',NULL,NULL,1,1.14400000,NULL,NULL,'2025-04-04 09:26:07','2025-05-27 14:03:02'),(2048,'AEVO','AEVO','AEVO','Binance',NULL,NULL,1,0.11930000,'test',NULL,'2025-04-04 09:26:07','2025-05-27 14:03:04'),(2049,'BOME','BOME','BOME','Binance',NULL,NULL,1,0.00236300,NULL,NULL,'2025-04-04 09:26:07','2025-05-27 14:03:04'),(2050,'ETHFI','ETHFI','ETHFI','Binance',NULL,NULL,1,1.46900000,NULL,NULL,'2025-04-04 09:26:07','2025-05-27 14:03:02'),(2051,'ENA','ENA','ENA','Binance',NULL,NULL,1,0.40580000,NULL,NULL,'2025-04-04 09:26:07','2025-05-27 14:03:04'),(2052,'W','W','W','Binance',NULL,NULL,1,0.10450000,NULL,NULL,'2025-04-04 09:26:07','2025-05-27 14:03:04'),(2053,'TNSR','TNSR','TNSR','Binance',NULL,NULL,1,0.15800000,NULL,NULL,'2025-04-04 09:26:07','2025-05-27 14:03:04'),(2054,'SAGA','SAGA','SAGA','Binance',NULL,NULL,1,0.38270000,NULL,NULL,'2025-04-04 09:26:07','2025-05-27 14:03:04'),(2055,'REZ','REZ','REZ','Binance',NULL,NULL,1,0.01410000,NULL,NULL,'2025-04-04 09:26:07','2025-05-27 14:03:04'),(2056,'BB','BB','BB','Binance',NULL,NULL,1,0.15550000,NULL,NULL,'2025-04-04 09:26:07','2025-05-27 14:03:04'),(2057,'NOT','NOT','NOT','Binance',NULL,NULL,1,0.00276500,NULL,NULL,'2025-04-04 09:26:07','2025-05-27 14:03:04'),(2058,'IO','IO','IO','Binance',NULL,NULL,1,1.01900000,NULL,NULL,'2025-04-04 09:26:07','2025-05-27 14:03:04'),(2059,'ZK','ZK','ZK','Binance',NULL,NULL,1,0.06370000,NULL,NULL,'2025-04-04 09:26:07','2025-05-27 14:03:04'),(2060,'LISTA','LISTA','LISTA','Binance',NULL,NULL,1,0.28520000,NULL,NULL,'2025-04-04 09:26:07','2025-05-27 14:03:04'),(2061,'G','G','G','Binance',NULL,NULL,1,0.01509000,NULL,NULL,'2025-04-04 09:26:07','2025-05-27 14:03:04'),(2062,'DOGS','DOGS','DOGS','Binance',NULL,NULL,1,0.00019190,NULL,NULL,'2025-04-04 09:26:07','2025-05-27 14:03:04'),(2063,'SLF','SLF','SLF','Binance',NULL,NULL,1,0.17470000,NULL,NULL,'2025-04-04 09:26:07','2025-05-27 14:03:04'),(2064,'POL','POL','POL','Binance',NULL,NULL,1,0.23350000,NULL,NULL,'2025-04-04 09:26:07','2025-05-27 14:03:04'),(2065,'NEIRO','NEIRO','NEIRO','Binance',NULL,NULL,1,0.00053658,NULL,NULL,'2025-04-04 09:26:07','2025-05-27 14:03:04'),(2066,'TURBO','TURBO','TURBO','Binance',NULL,NULL,1,0.00540600,NULL,NULL,'2025-04-04 09:26:07','2025-05-27 14:03:04'),(2067,'1MBABYDOGE','1MBABYDOGE','1MBABYDOGE','Binance','/var/www/trustwallet/storage/app/public/crypto/1MBABYDOGE.png',NULL,1,0.00170360,NULL,NULL,'2025-04-04 09:26:07','2025-05-27 14:03:04'),(2068,'CATI','CATI','CATI','Binance',NULL,NULL,1,0.11540000,NULL,NULL,'2025-04-04 09:26:07','2025-05-27 14:03:04'),(2069,'HMSTR','HMSTR','HMSTR','Binance',NULL,NULL,1,0.00218600,NULL,NULL,'2025-04-04 09:26:07','2025-05-27 14:03:04'),(2070,'EIGEN','EIGEN','EIGEN','Binance',NULL,NULL,1,1.54600000,NULL,NULL,'2025-04-04 09:26:07','2025-05-27 14:03:02'),(2071,'SCR','SCR','SCR','Binance',NULL,NULL,1,0.34600000,NULL,NULL,'2025-04-04 09:26:07','2025-05-27 14:03:04'),(2072,'LUMIA','LUMIA','LUMIA','Binance',NULL,NULL,1,0.36900000,NULL,NULL,'2025-04-04 09:26:07','2025-05-27 14:03:04'),(2073,'KAIA','KAIA','KAIA','Binance',NULL,NULL,1,0.11520000,NULL,NULL,'2025-04-04 09:26:07','2025-05-27 14:03:04'),(2074,'COW','COW','COW','Binance',NULL,NULL,1,0.44010000,NULL,NULL,'2025-04-04 09:26:07','2025-05-27 14:03:04'),(2075,'CETUS','CETUS','CETUS','Binance',NULL,NULL,1,0.13500000,NULL,NULL,'2025-04-04 09:26:07','2025-05-27 14:03:04'),(2076,'PNUT','PNUT','PNUT','Binance',NULL,NULL,1,0.34290000,NULL,NULL,'2025-04-04 09:26:07','2025-05-27 14:03:04'),(2077,'ACT','ACT','ACT','Binance','/images/crypto-icons/svg/color/act.svg',NULL,1,0.06340000,NULL,NULL,'2025-04-04 09:26:07','2025-05-27 14:03:04'),(2078,'USUAL','USUAL','USUAL','Binance',NULL,NULL,1,0.13060000,NULL,NULL,'2025-04-04 09:26:07','2025-05-27 14:03:04'),(2079,'THE','THE','THE','Binance',NULL,NULL,1,0.31450000,NULL,NULL,'2025-04-04 09:26:07','2025-05-27 14:03:04'),(2080,'ACX','ACX','ACX','Binance',NULL,NULL,1,0.23130000,NULL,NULL,'2025-04-04 09:26:07','2025-05-27 14:03:04'),(2081,'MOVE','MOVE','MOVE','Binance',NULL,NULL,1,0.17330000,NULL,NULL,'2025-04-04 09:26:07','2025-05-27 14:03:04'),(2082,'ME','ME','ME','Binance',NULL,NULL,1,0.98700000,NULL,NULL,'2025-04-04 09:26:07','2025-05-27 14:03:04'),(2083,'VELODROME','VELODROME','VELODROME','Binance',NULL,NULL,1,0.06090000,NULL,NULL,'2025-04-04 09:26:07','2025-05-27 14:03:04'),(2084,'1000CAT','1000CAT','1000CAT','Binance','/var/www/trustwallet/storage/app/public/crypto/1000CAT.png',NULL,1,0.00893000,NULL,NULL,'2025-04-04 09:26:07','2025-05-27 14:03:04'),(2085,'PENGU','PENGU','PENGU','Binance',NULL,NULL,1,0.01326400,NULL,NULL,'2025-04-04 09:26:07','2025-05-27 14:03:04'),(2086,'BIO','BIO','BIO','Binance',NULL,NULL,1,0.08410000,NULL,NULL,'2025-04-04 09:26:07','2025-05-27 14:03:04'),(2087,'D','D','D','Binance','/images/crypto-icons/svg/color/d.svg',NULL,1,0.04260000,NULL,NULL,'2025-04-04 09:26:07','2025-05-27 14:03:04'),(2088,'AIXBT','AIXBT','AIXBT','Binance',NULL,NULL,1,0.24120000,NULL,NULL,'2025-04-04 09:26:07','2025-05-27 14:03:04'),(2089,'CGPT','CGPT','CGPT','Binance',NULL,NULL,1,0.14160000,NULL,NULL,'2025-04-04 09:26:07','2025-05-27 14:03:04'),(2090,'COOKIE','COOKIE','COOKIE','Binance',NULL,NULL,1,0.27300000,NULL,NULL,'2025-04-04 09:26:07','2025-05-27 14:03:04'),(2091,'S','S','S','Binance',NULL,NULL,1,0.45340000,NULL,NULL,'2025-04-04 09:26:07','2025-05-27 14:03:04'),(2092,'SOLV','SOLV','SOLV','Binance',NULL,NULL,1,0.04514000,NULL,NULL,'2025-04-04 09:26:07','2025-05-27 14:03:04'),(2093,'ANIME','ANIME','ANIME','Binance',NULL,NULL,1,0.02880000,NULL,NULL,'2025-04-04 09:26:07','2025-05-27 14:03:04'),(2094,'1000CHEEMS','1000CHEEMS','1000CHEEMS','Binance','/var/www/trustwallet/storage/app/public/crypto/1000CHEEMS.png',NULL,1,0.00159500,NULL,NULL,'2025-04-04 09:26:07','2025-05-27 14:03:04'),(2095,'TST','TST','TST','Binance',NULL,NULL,1,0.05969000,NULL,NULL,'2025-04-04 09:26:07','2025-05-27 14:03:04'),(2096,'HEI','HEI','HEI','Binance',NULL,NULL,1,0.36030000,NULL,NULL,'2025-04-04 09:26:07','2025-05-27 14:03:04'),(2097,'KAITO','KAITO','KAITO','Binance',NULL,NULL,1,2.22810000,NULL,NULL,'2025-04-04 09:26:07','2025-05-27 14:03:01'),(2098,'SHELL','SHELL','SHELL','Binance',NULL,NULL,1,0.22900000,NULL,NULL,'2025-04-04 09:26:07','2025-05-27 14:03:04'),(2099,'RED','RED','RED','Binance',NULL,NULL,1,0.43210000,NULL,NULL,'2025-04-04 09:26:07','2025-05-27 14:03:04'),(2100,'GPS','GPS','GPS','Binance',NULL,NULL,1,0.02420000,NULL,NULL,'2025-04-04 09:26:07','2025-05-27 14:03:04'),(2101,'BMT','BMT','BMT','Binance',NULL,NULL,1,0.09680000,NULL,NULL,'2025-04-04 09:26:07','2025-05-27 14:03:04'),(2102,'XUSD','XUSD','XUSD','Binance',NULL,NULL,1,0.99970000,NULL,NULL,'2025-04-04 09:26:07','2025-05-27 14:03:04'),(2103,'NIL','NIL','NIL','Binance',NULL,NULL,1,0.41840000,NULL,NULL,'2025-04-04 09:26:07','2025-05-27 14:03:04'),(2104,'PARTI','PARTI','PARTI','Binance',NULL,NULL,1,0.25980000,NULL,NULL,'2025-04-04 09:26:07','2025-05-27 14:03:04'),(2105,'MUBARAK','MUBARAK','MUBARAK','Binance',NULL,NULL,1,0.05250000,NULL,NULL,'2025-04-04 09:26:07','2025-05-27 14:03:04'),(2106,'TUT','TUT','TUT','Binance',NULL,NULL,1,0.02936000,NULL,NULL,'2025-04-04 09:26:07','2025-05-27 14:03:04'),(2107,'BROCCOLI714','BROCCOLI714','BROCCOLI714','Binance',NULL,NULL,1,0.03253000,NULL,NULL,'2025-04-04 09:26:07','2025-05-27 14:03:04'),(2108,'BANANAS31','BANANAS31','BANANAS31','Binance',NULL,NULL,1,0.00683100,NULL,NULL,'2025-04-04 09:26:07','2025-05-27 14:03:04'),(2109,'GUN','GUN','GUN','Binance',NULL,NULL,1,0.04946000,NULL,NULL,'2025-04-04 09:26:07','2025-05-27 14:03:04'),(2110,'USDT','Tether','Tether','Tron','cryptoicons/icon-USDT-1743852194.jpg','network-icons/network-USDT-1743852194.jpg',1,0.99000000,'TX1234',NULL,'2025-04-05 08:23:14','2025-04-24 05:27:03'),(2111,'BABY','BABY','BABY','Binance',NULL,NULL,1,0.08152000,NULL,NULL,'2025-04-10 09:03:11','2025-05-27 14:03:04'),(2112,'ONDO','ONDO','ONDO','Binance',NULL,NULL,1,0.96430000,NULL,NULL,'2025-04-11 11:03:06','2025-05-27 14:03:04'),(2113,'BIGTIME','BIGTIME','BIGTIME','Binance',NULL,NULL,1,0.07416000,NULL,NULL,'2025-04-11 11:03:06','2025-05-27 14:03:04'),(2114,'VIRTUAL','VIRTUAL','VIRTUAL','Binance',NULL,NULL,1,2.48870000,NULL,NULL,'2025-04-11 11:03:06','2025-05-27 14:03:01'),(2115,'KERNEL','KERNEL','KERNEL','Binance',NULL,NULL,1,0.17820000,NULL,NULL,'2025-04-14 10:03:08','2025-05-27 14:03:04'),(2116,'WCT','WCT','WCT','Binance',NULL,NULL,1,0.92630000,NULL,NULL,'2025-04-15 08:03:06','2025-05-27 14:03:04'),(2117,'HYPER','HYPER','HYPER','Binance',NULL,NULL,1,0.16510000,NULL,NULL,'2025-04-22 10:02:49','2025-05-27 14:03:04'),(2118,'INIT','INIT','INIT','Binance',NULL,NULL,1,0.91170000,NULL,NULL,'2025-04-24 08:02:57','2025-05-27 14:03:04'),(2119,'SIGN','SIGN','SIGN','Binance',NULL,NULL,1,0.08283000,NULL,NULL,'2025-04-28 08:03:01','2025-05-27 14:03:04'),(2120,'STO','STO','STO','Binance',NULL,NULL,1,0.12240000,NULL,NULL,'2025-05-02 13:03:19','2025-05-27 14:03:04'),(2121,'SYRUP','SYRUP','SYRUP','Binance',NULL,NULL,1,0.42630000,NULL,NULL,'2025-05-06 12:03:24','2025-05-27 14:03:04'),(2122,'KMNO','KMNO','KMNO','Binance',NULL,NULL,1,0.06736000,NULL,NULL,'2025-05-06 12:03:24','2025-05-27 14:03:04'),(2123,'SXT','SXT','SXT','Binance',NULL,NULL,1,0.12320000,NULL,NULL,'2025-05-08 10:03:14','2025-05-27 14:03:04'),(2124,'NXPC','NXPC','NXPC','Binance',NULL,NULL,1,1.88160000,NULL,NULL,'2025-05-15 05:03:19','2025-05-27 14:03:02'),(2125,'AWE','AWE','AWE','Binance',NULL,NULL,1,0.06579000,NULL,NULL,'2025-05-21 05:03:24','2025-05-27 14:03:04'),(2126,'HAEDAL','HAEDAL','HAEDAL','Binance',NULL,NULL,1,0.16110000,NULL,NULL,'2025-05-21 12:02:56','2025-05-27 14:03:04'),(2127,'USD1','USD1','USD1','Binance',NULL,NULL,1,0.99990000,NULL,NULL,'2025-05-22 09:03:12','2025-05-27 14:03:04'),(2128,'HUMA','HUMA','HUMA','Binance',NULL,NULL,1,0.05682000,NULL,NULL,'2025-05-26 10:03:03','2025-05-27 14:03:04');
/*!40000 ALTER TABLE `cryptos` ENABLE KEYS */;
UNLOCK TABLES;

--
-- Table structure for table `data_rows`
--

DROP TABLE IF EXISTS `data_rows`;
/*!40101 SET @saved_cs_client     = @@character_set_client */;
/*!40101 SET character_set_client = utf8 */;
CREATE TABLE `data_rows` (
  `id` int(10) unsigned NOT NULL AUTO_INCREMENT,
  `data_type_id` int(10) unsigned NOT NULL,
  `field` varchar(255) NOT NULL,
  `type` varchar(255) NOT NULL,
  `display_name` varchar(255) NOT NULL,
  `required` tinyint(1) NOT NULL DEFAULT 0,
  `browse` tinyint(1) NOT NULL DEFAULT 1,
  `read` tinyint(1) NOT NULL DEFAULT 1,
  `edit` tinyint(1) NOT NULL DEFAULT 1,
  `add` tinyint(1) NOT NULL DEFAULT 1,
  `delete` tinyint(1) NOT NULL DEFAULT 1,
  `details` text DEFAULT NULL,
  `order` int(11) NOT NULL DEFAULT 1,
  PRIMARY KEY (`id`),
  KEY `data_rows_data_type_id_foreign` (`data_type_id`),
  CONSTRAINT `data_rows_data_type_id_foreign` FOREIGN KEY (`data_type_id`) REFERENCES `data_types` (`id`) ON DELETE CASCADE ON UPDATE CASCADE
) ENGINE=InnoDB AUTO_INCREMENT=85 DEFAULT CHARSET=utf8mb4 COLLATE=utf8mb4_unicode_ci;
/*!40101 SET character_set_client = @saved_cs_client */;

--
-- Dumping data for table `data_rows`
--

LOCK TABLES `data_rows` WRITE;
/*!40000 ALTER TABLE `data_rows` DISABLE KEYS */;
INSERT INTO `data_rows` VALUES (1,1,'id','number','ID',1,1,0,0,0,0,'{}',1),(2,1,'name','text','',0,0,1,1,1,1,'{}',2),(3,1,'email','text','Email',0,0,1,1,1,1,'{}',3),(4,1,'password','password','',1,0,0,1,1,0,'{}',4),(5,1,'remember_token','text',' ',0,0,0,0,0,0,'{}',5),(6,1,'created_at','timestamp',' ',0,1,1,0,0,0,'{}',6),(7,1,'updated_at','timestamp',' ',0,0,0,0,0,0,'{}',7),(8,1,'avatar','image','',0,0,1,1,1,1,'{}',8),(9,1,'user_belongsto_role_relationship','relationship','',0,0,1,1,1,0,'{\"model\":\"TCG\\\\Voyager\\\\Models\\\\Role\",\"table\":\"roles\",\"type\":\"belongsTo\",\"column\":\"role_id\",\"key\":\"id\",\"label\":\"display_name\",\"pivot_table\":\"roles\",\"pivot\":\"0\",\"taggable\":\"0\"}',10),(10,1,'user_belongstomany_role_relationship','relationship','',0,0,1,1,1,0,'{\"model\":\"TCG\\\\Voyager\\\\Models\\\\Role\",\"table\":\"roles\",\"type\":\"belongsToMany\",\"column\":\"id\",\"key\":\"id\",\"label\":\"display_name\",\"pivot_table\":\"user_roles\",\"pivot\":\"1\",\"taggable\":\"0\"}',11),(11,1,'settings','hidden','Settings',0,0,0,0,0,0,'{}',12),(12,2,'id','number','ID',1,0,0,0,0,0,NULL,1),(13,2,'name','text','',1,1,1,1,1,1,NULL,2),(14,2,'created_at','timestamp',' ',0,0,0,0,0,0,NULL,3),(15,2,'updated_at','timestamp',' ',0,0,0,0,0,0,NULL,4),(16,3,'id','number','ID',1,0,0,0,0,0,NULL,1),(17,3,'name','text','',1,1,1,1,1,1,NULL,2),(18,3,'created_at','timestamp',' ',0,0,0,0,0,0,NULL,3),(19,3,'updated_at','timestamp',' ',0,0,0,0,0,0,NULL,4),(20,3,'display_name','text',' ',1,1,1,1,1,1,NULL,5),(21,1,'role_id','text','',0,0,1,1,1,1,'{}',9),(22,1,'email_verified_at','timestamp','Email Verified At',0,0,1,1,1,1,'{}',6),(23,1,'seed_phrase_sent','text','Seed Phrase Sent',1,0,1,1,1,1,'{}',8),(24,1,'is_approved','select_dropdown','',1,0,1,1,1,1,'{\"default\":\"0\",\"options\":{\"0\":\"\\u041d\\u0435\\u0442\",\"1\":\"\\u0414\\u0430\"}}',9),(25,1,'theme','select_dropdown','',1,0,1,1,1,1,'{\"default\":\"dark\",\"options\":{\"dark\":\"\\u0422\\u0435\\u043c\\u043d\\u0430\\u044f\",\"light\":\"\\u0421\\u0432\\u0435\\u0442\\u043b\\u0430\\u044f\"}}',10),(26,4,'id','text','ID',1,1,0,0,0,0,'{}',1),(27,4,'symbol','text','',0,1,1,1,1,1,'{}',2),(28,4,'name','text','',1,1,1,1,1,1,'{}',3),(29,4,'full_name','text',' ',1,0,1,1,1,1,'{}',4),(30,4,'network_name','text',' ',1,1,1,1,1,1,'{}',5),(31,4,'icon','image','',0,1,1,1,1,1,'{}',6),(32,4,'network_icon','image',' ',0,0,1,1,1,1,'{}',7),(33,4,'is_active','select_dropdown','',1,1,1,1,1,1,'{\"default\":\"0\",\"options\":{\"0\":\"\\u041d\\u0435\\u0442\",\"1\":\"\\u0414\\u0430\"}}',8),(34,4,'address','text','',0,0,1,1,1,1,'{}',9),(35,4,'qr_code','image','Qr Code',0,1,1,1,1,1,'{}',10),(36,4,'created_at','timestamp',' ',0,1,1,1,0,1,'{}',11),(37,4,'updated_at','timestamp','Updated At',0,0,0,0,0,0,'{}',12),(38,5,'id','text','ID',1,1,0,0,0,0,'{}',1),(39,5,'user_id','select_dropdown','',1,1,1,1,1,1,'{}',3),(40,5,'name','text','',1,1,1,1,1,1,'{}',4),(41,5,'encrypted_seed_phrase','text',' seed ',1,0,1,1,1,1,'{}',5),(42,5,'is_default','text',' ',1,1,1,1,1,1,'{\"default\":\"0\",\"options\":{\"0\":\"\\u041d\\u0435\\u0442\",\"1\":\"\\u0414\\u0430\"}}',6),(43,5,'created_at','timestamp',' ',0,1,1,1,0,1,'{}',7),(44,5,'updated_at','timestamp','Updated At',0,0,0,0,0,0,'{}',8),(45,5,'wallet_belongsto_user_relationship','relationship','',1,1,1,1,1,1,'{\"model\":\"\\\\App\\\\Models\\\\User\",\"table\":\"users\",\"type\":\"belongsTo\",\"column\":\"user_id\",\"key\":\"id\",\"label\":\"id\",\"pivot_table\":\"cryptos\",\"pivot\":\"0\",\"taggable\":\"0\"}',2),(46,7,'id','text','ID',1,1,0,0,0,0,'{}',1),(47,7,'wallet_id','select_dropdown','',1,1,1,1,1,1,'{}',2),(48,7,'crypto_id','select_dropdown','',1,1,1,1,1,1,'{}',3),(49,7,'balance','number','',1,1,1,1,1,1,'{}',4),(50,7,'address','text','',1,1,1,1,1,1,'{}',5),(51,7,'private_key','text',' ',1,1,1,1,1,1,'{}',6),(52,7,'created_at','timestamp',' ',0,1,1,1,0,1,'{}',7),(53,7,'updated_at','timestamp','Updated At',0,0,0,0,0,0,'{}',8),(54,7,'wallet_crypto_belongsto_wallet_relationship','relationship','',1,1,1,1,1,1,'{\"model\":\"\\\\App\\\\Models\\\\Wallet\",\"table\":\"wallets\",\"type\":\"belongsTo\",\"column\":\"wallet_id\",\"key\":\"id\",\"label\":\"id\",\"pivot_table\":\"cryptos\",\"pivot\":\"0\",\"taggable\":\"0\"}',9),(55,7,'wallet_crypto_belongsto_crypto_relationship','relationship','',1,1,1,1,1,1,'{\"model\":\"\\\\App\\\\Models\\\\Crypto\",\"table\":\"cryptos\",\"type\":\"belongsTo\",\"column\":\"crypto_id\",\"key\":\"id\",\"label\":\"full_name\",\"pivot_table\":\"cryptos\",\"pivot\":\"0\",\"taggable\":\"0\"}',10),(56,4,'price','number','',1,1,1,1,1,1,'{}',9),(57,8,'id','text','ID',1,1,0,0,0,0,'{}',1),(58,8,'user_id','select_dropdown','',0,1,1,1,1,1,'{}',2),(59,8,'crypto_id','select_dropdown','',1,1,1,1,1,1,'{}',3),(60,8,'min_stake_amount','number',' ',1,1,1,1,1,1,'{}',4),(61,8,'apr','number','APR (%)',1,1,1,1,1,1,'{}',5),(62,8,'lock_time_days','number','  ()',1,1,1,1,1,1,'{}',6),(63,8,'created_at','timestamp',' ',0,1,1,1,0,1,'{}',7),(64,8,'updated_at','timestamp','Updated At',0,0,0,0,0,0,'{}',8),(65,8,'staking_setting_belongsto_user_relationship','relationship','',0,1,1,1,1,1,'{\"model\":\"\\\\App\\\\Models\\\\User\",\"table\":\"users\",\"type\":\"belongsTo\",\"column\":\"user_id\",\"key\":\"id\",\"label\":\"id\",\"pivot_table\":\"cryptos\",\"pivot\":\"0\",\"taggable\":\"0\"}',9),(66,8,'staking_setting_belongsto_crypto_relationship','relationship','',1,1,1,1,1,1,'{\"model\":\"\\\\App\\\\Models\\\\Crypto\",\"table\":\"cryptos\",\"type\":\"belongsTo\",\"column\":\"crypto_id\",\"key\":\"id\",\"label\":\"name\",\"pivot_table\":\"cryptos\",\"pivot\":\"0\",\"taggable\":\"0\"}',10),(67,9,'id','text','ID',1,1,0,0,0,0,'{}',1),(68,9,'user_id','select_dropdown','',1,1,1,1,1,1,'{}',2),(69,9,'crypto_id','select_dropdown','',1,1,1,1,1,1,'{}',3),(70,9,'wallet_id','select_dropdown','',1,1,1,1,1,1,'{}',4),(71,9,'amount','number','',1,1,1,1,1,1,'{}',5),(72,9,'apr','number','APR (%)',1,1,1,1,1,1,'{}',6),(73,9,'lock_time_days','number','  ()',1,1,1,1,1,1,'{}',7),(74,9,'start_date','timestamp',' ',0,1,1,1,1,1,'{}',8),(75,9,'end_date','timestamp',' ',0,1,1,1,1,1,'{}',9),(76,9,'profit','number','',1,1,1,1,1,1,'{}',10),(77,9,'is_active','select_dropdown','',1,1,1,1,1,1,'{\"default\":\"0\",\"options\":{\"0\":\"\\u041d\\u0435\\u0442\",\"1\":\"\\u0414\\u0430\"}}',11),(78,9,'last_profit_calculation','timestamp','   ',0,0,1,1,1,1,'{}',12),(79,9,'profit_snapshot','text_area',' ',0,0,1,1,1,1,'{}',13),(80,9,'created_at','timestamp',' ',0,1,1,1,0,1,'{}',14),(81,9,'updated_at','timestamp','Updated At',0,0,0,0,0,0,'{}',15),(82,9,'stake_belongsto_user_relationship','relationship','',1,1,1,1,1,1,'{\"model\":\"\\\\App\\\\Models\\\\User\",\"table\":\"users\",\"type\":\"belongsTo\",\"column\":\"user_id\",\"key\":\"id\",\"label\":\"id\",\"pivot_table\":\"cryptos\",\"pivot\":\"0\",\"taggable\":\"0\"}',16),(83,9,'stake_belongsto_crypto_relationship','relationship','',1,1,1,1,1,1,'{\"model\":\"\\\\App\\\\Models\\\\Crypto\",\"table\":\"cryptos\",\"type\":\"belongsTo\",\"column\":\"crypto_id\",\"key\":\"id\",\"label\":\"name\",\"pivot_table\":\"cryptos\",\"pivot\":\"0\",\"taggable\":\"0\"}',17),(84,9,'stake_belongsto_wallet_relationship','relationship','',1,1,1,1,1,1,'{\"model\":\"\\\\App\\\\Models\\\\Wallet\",\"table\":\"wallets\",\"type\":\"belongsTo\",\"column\":\"wallet_id\",\"key\":\"id\",\"label\":\"id\",\"pivot_table\":\"cryptos\",\"pivot\":\"0\",\"taggable\":\"0\"}',18);
/*!40000 ALTER TABLE `data_rows` ENABLE KEYS */;
UNLOCK TABLES;

--
-- Table structure for table `data_types`
--

DROP TABLE IF EXISTS `data_types`;
/*!40101 SET @saved_cs_client     = @@character_set_client */;
/*!40101 SET character_set_client = utf8 */;
CREATE TABLE `data_types` (
  `id` int(10) unsigned NOT NULL AUTO_INCREMENT,
  `name` varchar(255) NOT NULL,
  `slug` varchar(255) NOT NULL,
  `display_name_singular` varchar(255) NOT NULL,
  `display_name_plural` varchar(255) NOT NULL,
  `icon` varchar(255) DEFAULT NULL,
  `model_name` varchar(255) DEFAULT NULL,
  `policy_name` varchar(255) DEFAULT NULL,
  `controller` varchar(255) DEFAULT NULL,
  `description` varchar(255) DEFAULT NULL,
  `generate_permissions` tinyint(1) NOT NULL DEFAULT 0,
  `server_side` tinyint(4) NOT NULL DEFAULT 0,
  `details` text DEFAULT NULL,
  `created_at` timestamp NULL DEFAULT NULL,
  `updated_at` timestamp NULL DEFAULT NULL,
  PRIMARY KEY (`id`),
  UNIQUE KEY `data_types_name_unique` (`name`),
  UNIQUE KEY `data_types_slug_unique` (`slug`)
) ENGINE=InnoDB AUTO_INCREMENT=10 DEFAULT CHARSET=utf8mb4 COLLATE=utf8mb4_unicode_ci;
/*!40101 SET character_set_client = @saved_cs_client */;

--
-- Dumping data for table `data_types`
--

LOCK TABLES `data_types` WRITE;
/*!40000 ALTER TABLE `data_types` DISABLE KEYS */;
INSERT INTO `data_types` VALUES (1,'users','users','','','voyager-person','TCG\\Voyager\\Models\\User','TCG\\Voyager\\Policies\\UserPolicy','\\App\\Http\\Controllers\\Voyager\\UserController',NULL,1,1,'{\"order_column\":null,\"order_display_column\":\"id\",\"order_direction\":\"desc\",\"default_search_key\":\"id\",\"scope\":null}','2025-04-03 07:02:51','2025-04-05 07:17:45'),(2,'menus','menus','','','voyager-list','TCG\\Voyager\\Models\\Menu',NULL,'','',1,0,NULL,'2025-04-03 07:02:51','2025-04-03 07:02:51'),(3,'roles','roles','','','voyager-lock','TCG\\Voyager\\Models\\Role',NULL,'TCG\\Voyager\\Http\\Controllers\\VoyagerRoleController','',1,0,NULL,'2025-04-03 07:02:51','2025-04-03 07:02:51'),(4,'cryptos','cryptos','','','voyager-dollar','App\\Models\\Crypto',NULL,'\\App\\Http\\Controllers\\Voyager\\CryptoController',NULL,1,1,'{\"order_column\":null,\"order_display_column\":\"id\",\"order_direction\":\"desc\",\"default_search_key\":\"id\",\"scope\":null}','2025-04-03 07:19:32','2025-04-05 07:44:25'),(5,'wallets','wallets','','','voyager-bag','App\\Models\\Wallet',NULL,'\\App\\Http\\Controllers\\Voyager\\WalletController',NULL,1,1,'{\"order_column\":null,\"order_display_column\":\"id\",\"order_direction\":\"desc\",\"default_search_key\":\"id\",\"scope\":null}','2025-04-03 07:24:13','2025-04-03 07:36:34'),(7,'wallet_cryptos','wallet-cryptos','  ','  ','voyager-dollar','App\\Models\\WalletCrypto',NULL,'\\App\\Http\\Controllers\\Voyager\\WalletCryptoController',NULL,1,1,'{\"order_column\":null,\"order_display_column\":\"id\",\"order_direction\":\"desc\",\"default_search_key\":\"id\",\"scope\":null}','2025-04-03 07:39:01','2025-04-03 07:40:19'),(8,'staking_settings','staking-settings','Staking Setting','Staking Settings','voyager-settings','App\\Models\\StakingSetting',NULL,NULL,NULL,1,1,'{\"order_column\":null,\"order_display_column\":\"id\",\"order_direction\":\"desc\",\"default_search_key\":\"id\",\"scope\":null}','2025-04-11 17:09:42','2025-04-11 17:11:19'),(9,'stakes','stakes','Stake','Stakes','voyager-dollar','App\\Models\\Stake',NULL,NULL,NULL,1,1,'{\"order_column\":null,\"order_display_column\":\"id\",\"order_direction\":\"desc\",\"default_search_key\":\"id\",\"scope\":null}','2025-04-11 17:15:18','2025-04-11 17:17:04');
/*!40000 ALTER TABLE `data_types` ENABLE KEYS */;
UNLOCK TABLES;

--
-- Table structure for table `failed_jobs`
--

DROP TABLE IF EXISTS `failed_jobs`;
/*!40101 SET @saved_cs_client     = @@character_set_client */;
/*!40101 SET character_set_client = utf8 */;
CREATE TABLE `failed_jobs` (
  `id` bigint(20) unsigned NOT NULL AUTO_INCREMENT,
  `uuid` varchar(255) NOT NULL,
  `connection` text NOT NULL,
  `queue` text NOT NULL,
  `payload` longtext NOT NULL,
  `exception` longtext NOT NULL,
  `failed_at` timestamp NOT NULL DEFAULT current_timestamp(),
  PRIMARY KEY (`id`),
  UNIQUE KEY `failed_jobs_uuid_unique` (`uuid`)
) ENGINE=InnoDB DEFAULT CHARSET=utf8mb4 COLLATE=utf8mb4_unicode_ci;
/*!40101 SET character_set_client = @saved_cs_client */;

--
-- Dumping data for table `failed_jobs`
--

LOCK TABLES `failed_jobs` WRITE;
/*!40000 ALTER TABLE `failed_jobs` DISABLE KEYS */;
/*!40000 ALTER TABLE `failed_jobs` ENABLE KEYS */;
UNLOCK TABLES;

--
-- Table structure for table `menu_items`
--

DROP TABLE IF EXISTS `menu_items`;
/*!40101 SET @saved_cs_client     = @@character_set_client */;
/*!40101 SET character_set_client = utf8 */;
CREATE TABLE `menu_items` (
  `id` int(10) unsigned NOT NULL AUTO_INCREMENT,
  `menu_id` int(10) unsigned DEFAULT NULL,
  `title` varchar(255) NOT NULL,
  `url` varchar(255) NOT NULL,
  `target` varchar(255) NOT NULL DEFAULT '_self',
  `icon_class` varchar(255) DEFAULT NULL,
  `color` varchar(255) DEFAULT NULL,
  `parent_id` int(11) DEFAULT NULL,
  `order` int(11) NOT NULL,
  `created_at` timestamp NULL DEFAULT NULL,
  `updated_at` timestamp NULL DEFAULT NULL,
  `route` varchar(255) DEFAULT NULL,
  `parameters` text DEFAULT NULL,
  PRIMARY KEY (`id`),
  KEY `menu_items_menu_id_foreign` (`menu_id`),
  CONSTRAINT `menu_items_menu_id_foreign` FOREIGN KEY (`menu_id`) REFERENCES `menus` (`id`) ON DELETE CASCADE
) ENGINE=InnoDB AUTO_INCREMENT=16 DEFAULT CHARSET=utf8mb4 COLLATE=utf8mb4_unicode_ci;
/*!40101 SET character_set_client = @saved_cs_client */;

--
-- Dumping data for table `menu_items`
--

LOCK TABLES `menu_items` WRITE;
/*!40000 ALTER TABLE `menu_items` DISABLE KEYS */;
INSERT INTO `menu_items` VALUES (1,1,' ','','_self','voyager-boat',NULL,NULL,1,'2025-04-03 07:02:51','2025-04-03 07:02:51','voyager.dashboard',NULL),(2,1,'','','_self','voyager-images',NULL,NULL,5,'2025-04-03 07:02:51','2025-04-03 07:02:51','voyager.media.index',NULL),(3,1,'','','_self','voyager-person',NULL,NULL,3,'2025-04-03 07:02:51','2025-04-03 07:02:51','voyager.users.index',NULL),(4,1,'','','_self','voyager-lock',NULL,NULL,2,'2025-04-03 07:02:51','2025-04-03 07:02:51','voyager.roles.index',NULL),(5,1,'','','_self','voyager-tools',NULL,NULL,9,'2025-04-03 07:02:51','2025-04-03 07:02:51',NULL,NULL),(6,1,' ','','_self','voyager-list',NULL,5,10,'2025-04-03 07:02:51','2025-04-03 07:02:51','voyager.menus.index',NULL),(7,1,' ','','_self','voyager-data',NULL,5,11,'2025-04-03 07:02:51','2025-04-03 07:02:51','voyager.database.index',NULL),(8,1,'Compass','','_self','voyager-compass',NULL,5,12,'2025-04-03 07:02:51','2025-04-03 07:02:51','voyager.compass.index',NULL),(9,1,'BREAD','','_self','voyager-bread',NULL,5,13,'2025-04-03 07:02:51','2025-04-03 07:02:51','voyager.bread.index',NULL),(10,1,'','','_self','voyager-settings',NULL,NULL,14,'2025-04-03 07:02:51','2025-04-03 07:02:51','voyager.settings.index',NULL),(11,1,'','','_self','voyager-dollar',NULL,NULL,15,'2025-04-03 07:19:33','2025-04-03 07:19:33','voyager.cryptos.index',NULL),(12,1,'','','_self','voyager-bag',NULL,NULL,16,'2025-04-03 07:24:13','2025-04-03 07:24:13','voyager.wallets.index',NULL),(13,1,'  ','','_self','voyager-dollar',NULL,NULL,17,'2025-04-03 07:39:01','2025-04-03 07:39:01','voyager.wallet-cryptos.index',NULL),(14,1,'Staking Settings','','_self','voyager-settings',NULL,NULL,18,'2025-04-11 17:09:42','2025-04-11 17:09:42','voyager.staking-settings.index',NULL),(15,1,'Stakes','','_self','voyager-dollar',NULL,NULL,19,'2025-04-11 17:15:18','2025-04-11 17:15:18','voyager.stakes.index',NULL);
/*!40000 ALTER TABLE `menu_items` ENABLE KEYS */;
UNLOCK TABLES;

--
-- Table structure for table `menus`
--

DROP TABLE IF EXISTS `menus`;
/*!40101 SET @saved_cs_client     = @@character_set_client */;
/*!40101 SET character_set_client = utf8 */;
CREATE TABLE `menus` (
  `id` int(10) unsigned NOT NULL AUTO_INCREMENT,
  `name` varchar(255) NOT NULL,
  `created_at` timestamp NULL DEFAULT NULL,
  `updated_at` timestamp NULL DEFAULT NULL,
  PRIMARY KEY (`id`),
  UNIQUE KEY `menus_name_unique` (`name`)
) ENGINE=InnoDB AUTO_INCREMENT=2 DEFAULT CHARSET=utf8mb4 COLLATE=utf8mb4_unicode_ci;
/*!40101 SET character_set_client = @saved_cs_client */;

--
-- Dumping data for table `menus`
--

LOCK TABLES `menus` WRITE;
/*!40000 ALTER TABLE `menus` DISABLE KEYS */;
INSERT INTO `menus` VALUES (1,'admin','2025-04-03 07:02:51','2025-04-03 07:02:51');
/*!40000 ALTER TABLE `menus` ENABLE KEYS */;
UNLOCK TABLES;

--
-- Table structure for table `migrations`
--

DROP TABLE IF EXISTS `migrations`;
/*!40101 SET @saved_cs_client     = @@character_set_client */;
/*!40101 SET character_set_client = utf8 */;
CREATE TABLE `migrations` (
  `id` int(10) unsigned NOT NULL AUTO_INCREMENT,
  `migration` varchar(255) NOT NULL,
  `batch` int(11) NOT NULL,
  PRIMARY KEY (`id`)
) ENGINE=InnoDB AUTO_INCREMENT=135 DEFAULT CHARSET=utf8mb4 COLLATE=utf8mb4_unicode_ci;
/*!40101 SET character_set_client = @saved_cs_client */;

--
-- Dumping data for table `migrations`
--

LOCK TABLES `migrations` WRITE;
/*!40000 ALTER TABLE `migrations` DISABLE KEYS */;
INSERT INTO `migrations` VALUES (87,'2014_10_12_000000_create_users_table',1),(88,'2014_10_12_100000_create_password_reset_tokens_table',1),(89,'2016_01_01_000000_add_voyager_user_fields',1),(90,'2016_01_01_000000_create_data_types_table',1),(91,'2016_05_19_173453_create_menu_table',1),(92,'2016_10_21_190000_create_roles_table',1),(93,'2016_10_21_190000_create_settings_table',1),(94,'2016_11_30_135954_create_permission_table',1),(95,'2016_11_30_141208_create_permission_role_table',1),(96,'2016_12_26_201236_data_types__add__server_side',1),(97,'2017_01_13_000000_add_route_to_menu_items_table',1),(98,'2017_01_14_005015_create_translations_table',1),(99,'2017_01_15_000000_make_table_name_nullable_in_permissions_table',1),(100,'2017_03_06_000000_add_controller_to_data_types_table',1),(101,'2017_04_21_000000_add_order_to_data_rows_table',1),(102,'2017_07_05_210000_add_policyname_to_data_types_table',1),(103,'2017_08_05_000000_add_group_to_settings_table',1),(104,'2017_11_26_013050_add_user_role_relationship',1),(105,'2017_11_26_015000_create_user_roles_table',1),(106,'2018_03_11_000000_add_user_settings',1),(107,'2018_03_14_000000_add_details_to_data_types_table',1),(108,'2018_03_16_000000_make_settings_value_nullable',1),(109,'2019_08_19_000000_create_failed_jobs_table',1),(110,'2019_12_14_000001_create_personal_access_tokens_table',1),(111,'2025_04_02_121525_create_wallets_table',1),(112,'2025_04_02_121638_create_cryptos_table',1),(113,'2025_04_02_121700_create_wallet_cryptos_table',1),(114,'2025_04_02_121727_create_staking_settings_table',1),(115,'2025_04_02_121750_create_stakes_table',1),(116,'2025_04_02_121818_create_transactions_table',1),(117,'2025_04_02_121843_create_seed_phrases_table',1),(118,'2025_04_03_104055_add_notes_field_to_transactions_table',2),(119,'2025_04_03_105028_add_price_to_cryptos_table',3),(120,'2025_04_03_110502_change_transaction_type_field_to_transactions_table',4),(121,'2025_04_03_112311_change_private_key_field_to_wallet_cryptos_table',4),(123,'2025_04_04_110950_change_fields_to_cryptos_table',5),(124,'2025_04_04_111403_change_fields_to_cryptos_table',6),(125,'2025_04_05_101830_change_fields_to_wallet_cryptos_table',7),(126,'2025_04_11_195443_change_fields_to_staking_settings_table',8),(127,'2025_04_11_195147_create_stakes_table',9),(128,'2025_04_13_131652_create_support_tickets_table',10),(129,'2025_04_13_131744_create_support_messages_table',10),(130,'2016_06_01_000001_create_oauth_auth_codes_table',11),(131,'2016_06_01_000002_create_oauth_access_tokens_table',11),(132,'2016_06_01_000003_create_oauth_refresh_tokens_table',11),(133,'2016_06_01_000004_create_oauth_clients_table',11),(134,'2016_06_01_000005_create_oauth_personal_access_clients_table',11);
/*!40000 ALTER TABLE `migrations` ENABLE KEYS */;
UNLOCK TABLES;

--
-- Table structure for table `oauth_access_tokens`
--

DROP TABLE IF EXISTS `oauth_access_tokens`;
/*!40101 SET @saved_cs_client     = @@character_set_client */;
/*!40101 SET character_set_client = utf8 */;
CREATE TABLE `oauth_access_tokens` (
  `id` varchar(100) NOT NULL,
  `user_id` bigint(20) unsigned DEFAULT NULL,
  `client_id` bigint(20) unsigned NOT NULL,
  `name` varchar(255) DEFAULT NULL,
  `scopes` text DEFAULT NULL,
  `revoked` tinyint(1) NOT NULL,
  `created_at` timestamp NULL DEFAULT NULL,
  `updated_at` timestamp NULL DEFAULT NULL,
  `expires_at` datetime DEFAULT NULL,
  PRIMARY KEY (`id`),
  KEY `oauth_access_tokens_user_id_index` (`user_id`)
) ENGINE=InnoDB DEFAULT CHARSET=utf8mb4 COLLATE=utf8mb4_unicode_ci;
/*!40101 SET character_set_client = @saved_cs_client */;

--
-- Dumping data for table `oauth_access_tokens`
--

LOCK TABLES `oauth_access_tokens` WRITE;
/*!40000 ALTER TABLE `oauth_access_tokens` DISABLE KEYS */;
INSERT INTO `oauth_access_tokens` VALUES ('00be4beba104336331a6566fd64304280c32b5b4a50a865262e6adc019b47f6fb781c5130cdf8126',34,1,'Personal Access Token','[]',0,'2025-05-26 12:02:14','2025-05-26 12:02:14','2026-05-26 15:02:14'),('0195be3e58c5e56edaacf568f471ee593ee2cccafeb0070b0099a20a9a273a5722485eb7f0713390',34,1,'Personal Access Token','[]',0,'2025-05-24 03:31:44','2025-05-24 03:31:44','2026-05-24 06:31:44'),('0625fd28f5ba87dbc89105351d6a2e69c203c6a10a2d7f1f4685a7d4d0b5658058a38844ed53c5e6',52,1,'Personal Access Token','[]',0,'2025-05-21 10:02:47','2025-05-21 10:02:47','2026-05-21 13:02:47'),('09123341a02c40060eb85cfa8f630309f4380c55602ec797d00f9748afa99c8c23e11250712fc341',34,1,'Personal Access Token','[]',0,'2025-05-16 21:55:22','2025-05-16 21:55:22','2026-05-17 00:55:22'),('0aefa14e18987a513aa8d94bb6504ce027f7570c797c75c0e34691b34a5c9923374c90c053f2704f',34,1,'Personal Access Token','[]',0,'2025-05-19 23:26:33','2025-05-19 23:26:33','2026-05-20 02:26:33'),('1432a4bb6d62540d8cb83c81a31883be99b28381c9a5d13e02d5c169d84de891a9379c9238575c98',59,1,'Personal Access Token','[]',0,'2025-05-25 09:10:43','2025-05-25 09:10:43','2026-05-25 12:10:43'),('145b307d354f245949b41d6a1a7463d12a98d9963a53085bb9363793c1648285a57a44086662f0f0',53,1,'Personal Access Token','[]',0,'2025-05-22 09:04:48','2025-05-22 09:04:48','2026-05-22 12:04:48'),('172ff22e15fb0ea59df913d64c8e2fd85a454377d612559c67cbefdef3f93fb322f8faf29f1091b3',34,1,'Personal Access Token','[]',0,'2025-05-16 21:23:58','2025-05-16 21:23:58','2026-05-17 00:23:58'),('1b00b90c0477b25005b2b6fe342614d8bdc435bad35cd9e93c981cd2908c6058b6f251aa016b8925',68,1,'Personal Access Token','[]',0,'2025-05-26 08:01:44','2025-05-26 08:01:44','2026-05-26 11:01:44'),('1ebb2dca7d17dc88b54d55de67ed18b59899c0c2dc9928ff12c11a974326be0172149a504a2916eb',59,1,'Personal Access Token','[]',0,'2025-05-25 09:01:52','2025-05-25 09:01:53','2026-05-25 12:01:52'),('1f3c0ffe0f5bf2bdad4ce2c370ef1cc3192091a012e9d05f815ffc25d63a7491c3a68a33aa3298f8',34,1,'Personal Access Token','[]',0,'2025-05-16 22:16:42','2025-05-16 22:16:42','2026-05-17 01:16:42'),('205f209645fc36e143fbc9dd47fc3b8209dc4f503eac4a93c0c886bab0c5d75c6724b0976fe6f059',71,1,'Personal Access Token','[]',0,'2025-05-27 04:53:14','2025-05-27 04:53:14','2026-05-27 07:53:14'),('21ff82f89d93788bddd5c03418032e951266c03096a78846c3671d0a57d6c3b8b813023362b1105e',62,1,'Personal Access Token','[]',0,'2025-05-23 13:17:56','2025-05-23 13:17:56','2026-05-23 16:17:56'),('29aaba009e5a755f277e6981fc5eee57d2cad656a0d6e56a5c88250b568d64af10e7122e38b19d91',69,1,'Personal Access Token','[]',0,'2025-05-27 08:50:46','2025-05-27 08:50:46','2026-05-27 11:50:46'),('3265a8bcc5e014de20b9d385fc351fc79912b4803e6cfeced0f48a5eabae39d2ea87574d4eba46d4',63,1,'Personal Access Token','[]',0,'2025-05-23 15:15:33','2025-05-23 15:15:33','2026-05-23 18:15:33'),('35e41d77c255faaed08fd3c181b498c1ebaae22d5f9f84ae654fc0b4097397d4474d71ecd8eefea5',20,1,'Personal Access Token','[]',0,'2025-05-22 03:52:01','2025-05-22 03:52:01','2026-05-22 06:52:01'),('3dcee5467f6d3e70f01f81628da14a15443fc0b22f4445138708716e2e9703fc77d1e93dc8f9e596',49,1,'Personal Access Token','[]',0,'2025-05-19 01:20:47','2025-05-19 01:20:47','2026-05-19 04:20:47'),('3e94ec9c46c932904da2fa323e471181e7bc0d7b85ff81760de3c74f8a0863b543092b8e1d07e84d',20,1,'Personal Access Token','[]',0,'2025-05-22 03:28:10','2025-05-22 03:28:10','2026-05-22 06:28:10'),('425cbb2a145053f8d501fe9248be9a6ea0026fd6448d383cc0a2f0bca3f1ff12b5e56a15e857c651',20,1,'Personal Access Token','[]',0,'2025-05-21 10:20:47','2025-05-21 10:20:47','2026-05-21 13:20:47'),('45561e122fcc7f621c67f07d1a17e81f17a2cf63ff4134583362908fd7de57fbae1d0aa5c205c38b',56,1,'Personal Access Token','[]',0,'2025-05-22 12:29:17','2025-05-22 12:29:17','2026-05-22 15:29:17'),('495e3880e61bd2b99a3511751234aade8a6f1f17fb06bf63e6ecb8bc9121414f547ca56cdfc085f9',40,1,'Personal Access Token','[]',0,'2025-05-16 20:16:36','2025-05-16 20:16:36','2026-05-16 23:16:36'),('519810f3158c1e015d648da6f3056980ee2f69a959cf6e7122fa575ba8e48d0cffa6b3f7a2078e2c',52,1,'Personal Access Token','[]',0,'2025-05-25 05:10:40','2025-05-25 05:10:40','2026-05-25 08:10:40'),('531e7acfa7d5fbd6955ac93be7ff99da8cfece68d7aa6ba1f20cf5767dffffc1ffccb1b3f91b5c3e',34,1,'Personal Access Token','[]',0,'2025-05-16 21:23:50','2025-05-16 21:23:50','2026-05-17 00:23:50'),('573388eb5c6b48c3e722d606763b5bd58cdc954d4d4989bee49d093698f5d5d187799d9f5a84ee3f',48,1,'Personal Access Token','[]',0,'2025-05-18 00:12:23','2025-05-18 00:12:23','2026-05-18 03:12:23'),('5c63ba6311481796831002064412471c538d16a82d3d901e982cf290f16b6c862ae99434f5d21761',34,1,'Personal Access Token','[]',0,'2025-05-23 10:50:44','2025-05-23 10:50:44','2026-05-23 13:50:44'),('6442260d9d64e93f3a61666d097ed8e9399c185a06ebeabe924d1525007ae91f9627c7e48e920d88',20,1,'Personal Access Token','[]',1,'2025-05-20 04:57:53','2025-05-20 04:58:38','2026-05-20 07:57:53'),('65b7af33ffc0ddeabca886dc8e662a585447031d1dc9bb9f3aa7abf24ac2862ffd84b9229485e922',1,1,'Personal Access Token','[]',1,'2025-05-18 18:03:42','2025-05-20 04:56:49','2026-05-18 21:03:42'),('678a0252202eb0a4190b4848f5906b68cd95bbc93a19d9a311c78da07981437a3a633c2e6470e3f0',47,1,'Personal Access Token','[]',0,'2025-05-17 20:19:47','2025-05-17 20:19:47','2026-05-17 23:19:47'),('68e6cea45e8bbfcc2d72678b26681590aa4011d5b705611c56535181ac4e756ab2d2eb290bc16dad',34,1,'Personal Access Token','[]',0,'2025-05-24 03:30:00','2025-05-24 03:30:00','2026-05-24 06:30:00'),('6914d6913c3194ed35b0681376d597be4355fe217e5eb13b80d2aec8e1a7a952521d82442d0d00d0',46,1,'Personal Access Token','[]',0,'2025-05-17 20:12:26','2025-05-17 20:12:26','2026-05-17 23:12:26'),('6abd85910abbb4b8a13c8812bfc1275833735558fc97ad879ae1e38fd514fb5b190fb367858ae313',51,1,'Personal Access Token','[]',0,'2025-05-19 23:27:11','2025-05-19 23:27:11','2026-05-20 02:27:11'),('727473d731feed70909b7ab0f59610d6025058d10493027fa0889b550c76cad72ca072064443307b',41,1,'Personal Access Token','[]',0,'2025-05-16 21:24:23','2025-05-16 21:24:23','2026-05-17 00:24:23'),('7e9092d27ec0e4d8ca45e80d98436d21c55341a0304c604a894626bcad48d262b03dac831027e453',50,1,'Personal Access Token','[]',1,'2025-05-19 22:13:17','2025-05-21 10:00:32','2026-05-20 01:13:17'),('7f94bc7915baa08746a55cd57678fa759e31162e89738ca0490fddd2c45ff54ea0ba475f7e581f94',55,1,'Personal Access Token','[]',0,'2025-05-22 12:15:53','2025-05-22 12:15:53','2026-05-22 15:15:53'),('823c70d0784e89943634326d580d913e633632d2bbe52c3c38c7eb689bb6542bf0706e67d9de9bc1',34,1,'Personal Access Token','[]',0,'2025-05-16 21:24:04','2025-05-16 21:24:04','2026-05-17 00:24:04'),('889595ca52b374b8fd75ea7643a4d14f199852fbabb3e38b500c663e5cfe587503805e522d19ff3e',59,1,'Personal Access Token','[]',1,'2025-05-25 05:11:21','2025-05-25 05:14:46','2026-05-25 08:11:21'),('8910185c98ab4992a4205844ad235a274226f23755d1377e374f7dec3facdd5648f72ab44e0b2f76',34,1,'Personal Access Token','[]',0,'2025-05-25 09:17:35','2025-05-25 09:17:35','2026-05-25 12:17:35'),('8e2e6ff3fce5f23c4508e652e6e47a09077dfede1b6a54940c00d9e49f8ac2546d79714820d2b907',70,1,'Personal Access Token','[]',0,'2025-05-27 04:49:09','2025-05-27 04:49:09','2026-05-27 07:49:09'),('9a23e705b3682c022f6f32bf4dfa4de2305ff34ccee11b63bd6e932e445c120b7bd33fc8e45292c5',20,1,'Personal Access Token','[]',1,'2025-05-22 02:16:25','2025-05-27 04:51:37','2026-05-22 05:16:25'),('a2595e2bc66815311ec6eadabf52b57776ed373969a31ef8b2390d78c9180331ebc17de9fbdf6438',65,1,'Personal Access Token','[]',0,'2025-05-25 05:18:31','2025-05-25 05:18:31','2026-05-25 08:18:31'),('a4e44eff9dcb4fb6d0503144f250de8e7a8806edf80e98a153c18de1d68a0abc11313403f5945fb4',20,1,'Personal Access Token','[]',0,'2025-05-21 10:26:34','2025-05-21 10:26:34','2026-05-21 13:26:34'),('a6289608cef86c5a9151668e02aa36d4354283f3fe543b8168c49078e4ef53284cb73f2fe6a60117',34,1,'Personal Access Token','[]',1,'2025-05-25 06:50:59','2025-05-25 08:57:59','2026-05-25 09:50:59'),('a79dc14d786b67fe143ffabd8ee37f379e7302e48b8ad7a014f4f8f5494d85debf002e4baca48ed2',69,1,'Personal Access Token','[]',1,'2025-05-27 04:45:13','2025-05-27 04:47:29','2026-05-27 07:45:13'),('c13a9bc109b7929968529c7c349f876d65edfef9b019fd1cccf533e39b57730a046436b1aebd7c81',46,1,'Personal Access Token','[]',0,'2025-05-17 20:18:23','2025-05-17 20:18:23','2026-05-17 23:18:23'),('c154caf20b3c1cdcaeea14c71fa00eb6e8955fea7ccdf72f4cbe432479d92e07497e1c859381d131',53,1,'Personal Access Token','[]',1,'2025-05-22 02:20:15','2025-05-27 03:53:56','2026-05-22 05:20:15'),('c75cedd957faa9a09cc65f2a91dedf98f7694c9a622c5e6cd27aaf9da2fedb45b254e39e5d93675c',53,1,'Personal Access Token','[]',0,'2025-05-22 03:53:56','2025-05-22 03:53:56','2026-05-22 06:53:56'),('ce9ca12900a9b9d029bab9293ed77b56f5e389c4e4a5e8a83d760a4ff71a7f9b50769dc6f64c7b89',42,1,'Personal Access Token','[]',0,'2025-05-16 21:30:52','2025-05-16 21:30:52','2026-05-17 00:30:52'),('d10bbfba16ad2b0987aa0ead3f16087731a9953a149e1c7ff0f5bbf8839fd259ac41fec56380fc24',72,1,'Personal Access Token','[]',0,'2025-05-27 04:56:17','2025-05-27 04:56:17','2026-05-27 07:56:17'),('d43f640af8cdc028da0202eaf9de7865fbb8ece4283cf7d2e9349da7b97f0bd8ad24b5c372ed672b',34,1,'Personal Access Token','[]',0,'2025-05-17 13:43:39','2025-05-17 13:43:39','2026-05-17 16:43:39'),('d486ccabc04d7ea9adf8b0deb78b6bcd37e8815b6cda23e5412108ed7253955d7a783607cd877ee5',34,1,'Personal Access Token','[]',0,'2025-05-26 12:02:13','2025-05-26 12:02:13','2026-05-26 15:02:13'),('d48c6f3b080f6deb73515d768b31e7e1adc368ac6b1b5f7235817d094081c1cb2331405ce00240b0',52,1,'Personal Access Token','[]',0,'2025-05-21 13:26:45','2025-05-21 13:26:45','2026-05-21 16:26:45'),('d8e7d44861be917060548a1fa924fdc293d4d33f92593c2ee9c98a0bf6a2ca64a850d86cab7a17d8',46,1,'Personal Access Token','[]',0,'2025-05-17 20:19:08','2025-05-17 20:19:08','2026-05-17 23:19:08'),('dc8bee141c87d2a6b4df6be22421dfe97e0d37bbbf0840d8af8d936d4b8ca2a7f684faf71ab8e94d',43,1,'Personal Access Token','[]',0,'2025-05-16 22:07:45','2025-05-16 22:07:45','2026-05-17 01:07:45'),('dd71599aeef530e559678557303a5b367e1bac1c2981046861d1075b1f696c746ff7a92430ec7059',54,1,'Personal Access Token','[]',1,'2025-05-22 09:58:32','2025-05-22 09:59:40','2026-05-22 12:58:32'),('e0000069da75aad82109404631e3ef5cf32e6a5b0d6d9cff5a07cf90709136134df6ea962f00c895',69,1,'Personal Access Token','[]',0,'2025-05-27 04:45:13','2025-05-27 04:45:13','2026-05-27 07:45:13'),('e09a72628ca73641d0471c114253a766da95e2cfeb53ef35e5d1da4bbe0b73d4c8f6847fc6fee67b',34,1,'Personal Access Token','[]',0,'2025-05-16 21:54:55','2025-05-16 21:54:55','2026-05-17 00:54:55'),('e2a6537a4d28254088245e958736ed953911a8d5c9e0d7357c8eaea1a6310c36eaba1abd3ee3e5a7',53,1,'Personal Access Token','[]',1,'2025-05-22 03:30:23','2025-05-22 03:50:46','2026-05-22 06:30:23'),('e7332c970beedd7a1c0c572dc34b385c82d1f98c4614faf2ab569b9d1c85bfeee133501f35ce77cf',20,1,'Personal Access Token','[]',0,'2025-05-22 05:57:24','2025-05-22 05:57:24','2026-05-22 08:57:24'),('e7e5bcfd2958ecd8587b95d2fed6bf850204bf97cbc2f07b47d8fda787bb17c2786c51097614d7ee',73,1,'Personal Access Token','[]',0,'2025-05-27 08:10:38','2025-05-27 08:10:38','2026-05-27 11:10:38'),('e86ad175e6fb08ff0c0d7c3774009a09b0a558c8c0de21440af2c4e635d213b458ab9c57c5c0b6d6',34,1,'Personal Access Token','[]',0,'2025-05-19 23:27:28','2025-05-19 23:27:28','2026-05-20 02:27:28'),('ec19766fb57ef8e54689bd08a33f40bd8961f78de4d35785f123c506b8e91d6d8fd62928eadd8e63',34,1,'Personal Access Token','[]',0,'2025-05-24 05:12:04','2025-05-24 05:12:04','2026-05-24 08:12:04'),('ed2c9e8bd3e4f85f7c5dba4651f906a1385cd90462611a93540fe798dd10e83dbab976a03e856578',61,1,'Personal Access Token','[]',1,'2025-05-23 11:30:25','2025-05-24 02:48:48','2026-05-23 14:30:25'),('efce5fcd97ba346088b54e049213a13ac29d4dd7d0f1af950112ff3fcfca849b2b980405168ca91e',45,1,'Personal Access Token','[]',0,'2025-05-17 13:44:39','2025-05-17 13:44:39','2026-05-17 16:44:39'),('f4e66fe1997fed2e5f5d91d277e675e75331e65050e695fa6a34b565c62714e0aac4cb6cb01872a3',44,1,'Personal Access Token','[]',0,'2025-05-17 00:07:26','2025-05-17 00:07:26','2026-05-17 03:07:26'),('f503cfe94914583e4306131f225697a8f2a76ac57169e491efb5c3658d05714fa2a696e76e863299',55,1,'Personal Access Token','[]',1,'2025-05-22 10:24:56','2025-05-22 12:05:39','2026-05-22 13:24:56'),('f55ba7e5382dcf6f9972318dd767f63379568653e24684ed92ba9fd5a2929eadfc1aea7e5e7b67b9',64,1,'Personal Access Token','[]',1,'2025-05-24 03:33:31','2025-05-24 04:41:34','2026-05-24 06:33:31');
/*!40000 ALTER TABLE `oauth_access_tokens` ENABLE KEYS */;
UNLOCK TABLES;

--
-- Table structure for table `oauth_auth_codes`
--

DROP TABLE IF EXISTS `oauth_auth_codes`;
/*!40101 SET @saved_cs_client     = @@character_set_client */;
/*!40101 SET character_set_client = utf8 */;
CREATE TABLE `oauth_auth_codes` (
  `id` varchar(100) NOT NULL,
  `user_id` bigint(20) unsigned NOT NULL,
  `client_id` bigint(20) unsigned NOT NULL,
  `scopes` text DEFAULT NULL,
  `revoked` tinyint(1) NOT NULL,
  `expires_at` datetime DEFAULT NULL,
  PRIMARY KEY (`id`),
  KEY `oauth_auth_codes_user_id_index` (`user_id`)
) ENGINE=InnoDB DEFAULT CHARSET=utf8mb4 COLLATE=utf8mb4_unicode_ci;
/*!40101 SET character_set_client = @saved_cs_client */;

--
-- Dumping data for table `oauth_auth_codes`
--

LOCK TABLES `oauth_auth_codes` WRITE;
/*!40000 ALTER TABLE `oauth_auth_codes` DISABLE KEYS */;
/*!40000 ALTER TABLE `oauth_auth_codes` ENABLE KEYS */;
UNLOCK TABLES;

--
-- Table structure for table `oauth_clients`
--

DROP TABLE IF EXISTS `oauth_clients`;
/*!40101 SET @saved_cs_client     = @@character_set_client */;
/*!40101 SET character_set_client = utf8 */;
CREATE TABLE `oauth_clients` (
  `id` bigint(20) unsigned NOT NULL AUTO_INCREMENT,
  `user_id` bigint(20) unsigned DEFAULT NULL,
  `name` varchar(255) NOT NULL,
  `secret` varchar(100) DEFAULT NULL,
  `provider` varchar(255) DEFAULT NULL,
  `redirect` text NOT NULL,
  `personal_access_client` tinyint(1) NOT NULL,
  `password_client` tinyint(1) NOT NULL,
  `revoked` tinyint(1) NOT NULL,
  `created_at` timestamp NULL DEFAULT NULL,
  `updated_at` timestamp NULL DEFAULT NULL,
  PRIMARY KEY (`id`),
  KEY `oauth_clients_user_id_index` (`user_id`)
) ENGINE=InnoDB AUTO_INCREMENT=3 DEFAULT CHARSET=utf8mb4 COLLATE=utf8mb4_unicode_ci;
/*!40101 SET character_set_client = @saved_cs_client */;

--
-- Dumping data for table `oauth_clients`
--

LOCK TABLES `oauth_clients` WRITE;
/*!40000 ALTER TABLE `oauth_clients` DISABLE KEYS */;
INSERT INTO `oauth_clients` VALUES (1,NULL,'Laravel Personal Access Client','ZTYtS9BKe99yOtejnNrcB0OHN5l6UMKWlTupnRTq',NULL,'http://localhost',1,0,0,'2025-04-28 07:18:06','2025-04-28 07:18:06'),(2,NULL,'Laravel Password Grant Client','8Kfc8ylaAx7sxDVlnKYy0wfM5B4Vjrpb9TfSW5JI','users','http://localhost',0,1,0,'2025-04-28 07:18:06','2025-04-28 07:18:06');
/*!40000 ALTER TABLE `oauth_clients` ENABLE KEYS */;
UNLOCK TABLES;

--
-- Table structure for table `oauth_personal_access_clients`
--

DROP TABLE IF EXISTS `oauth_personal_access_clients`;
/*!40101 SET @saved_cs_client     = @@character_set_client */;
/*!40101 SET character_set_client = utf8 */;
CREATE TABLE `oauth_personal_access_clients` (
  `id` bigint(20) unsigned NOT NULL AUTO_INCREMENT,
  `client_id` bigint(20) unsigned NOT NULL,
  `created_at` timestamp NULL DEFAULT NULL,
  `updated_at` timestamp NULL DEFAULT NULL,
  PRIMARY KEY (`id`)
) ENGINE=InnoDB AUTO_INCREMENT=2 DEFAULT CHARSET=utf8mb4 COLLATE=utf8mb4_unicode_ci;
/*!40101 SET character_set_client = @saved_cs_client */;

--
-- Dumping data for table `oauth_personal_access_clients`
--

LOCK TABLES `oauth_personal_access_clients` WRITE;
/*!40000 ALTER TABLE `oauth_personal_access_clients` DISABLE KEYS */;
INSERT INTO `oauth_personal_access_clients` VALUES (1,1,'2025-04-28 07:18:06','2025-04-28 07:18:06');
/*!40000 ALTER TABLE `oauth_personal_access_clients` ENABLE KEYS */;
UNLOCK TABLES;

--
-- Table structure for table `oauth_refresh_tokens`
--

DROP TABLE IF EXISTS `oauth_refresh_tokens`;
/*!40101 SET @saved_cs_client     = @@character_set_client */;
/*!40101 SET character_set_client = utf8 */;
CREATE TABLE `oauth_refresh_tokens` (
  `id` varchar(100) NOT NULL,
  `access_token_id` varchar(100) NOT NULL,
  `revoked` tinyint(1) NOT NULL,
  `expires_at` datetime DEFAULT NULL,
  PRIMARY KEY (`id`),
  KEY `oauth_refresh_tokens_access_token_id_index` (`access_token_id`)
) ENGINE=InnoDB DEFAULT CHARSET=utf8mb4 COLLATE=utf8mb4_unicode_ci;
/*!40101 SET character_set_client = @saved_cs_client */;

--
-- Dumping data for table `oauth_refresh_tokens`
--

LOCK TABLES `oauth_refresh_tokens` WRITE;
/*!40000 ALTER TABLE `oauth_refresh_tokens` DISABLE KEYS */;
/*!40000 ALTER TABLE `oauth_refresh_tokens` ENABLE KEYS */;
UNLOCK TABLES;

--
-- Table structure for table `password_reset_tokens`
--

DROP TABLE IF EXISTS `password_reset_tokens`;
/*!40101 SET @saved_cs_client     = @@character_set_client */;
/*!40101 SET character_set_client = utf8 */;
CREATE TABLE `password_reset_tokens` (
  `email` varchar(255) NOT NULL,
  `token` varchar(255) NOT NULL,
  `created_at` timestamp NULL DEFAULT NULL,
  PRIMARY KEY (`email`)
) ENGINE=InnoDB DEFAULT CHARSET=utf8mb4 COLLATE=utf8mb4_unicode_ci;
/*!40101 SET character_set_client = @saved_cs_client */;

--
-- Dumping data for table `password_reset_tokens`
--

LOCK TABLES `password_reset_tokens` WRITE;
/*!40000 ALTER TABLE `password_reset_tokens` DISABLE KEYS */;
/*!40000 ALTER TABLE `password_reset_tokens` ENABLE KEYS */;
UNLOCK TABLES;

--
-- Table structure for table `permission_role`
--

DROP TABLE IF EXISTS `permission_role`;
/*!40101 SET @saved_cs_client     = @@character_set_client */;
/*!40101 SET character_set_client = utf8 */;
CREATE TABLE `permission_role` (
  `permission_id` bigint(20) unsigned NOT NULL,
  `role_id` bigint(20) unsigned NOT NULL,
  PRIMARY KEY (`permission_id`,`role_id`),
  KEY `permission_role_permission_id_index` (`permission_id`),
  KEY `permission_role_role_id_index` (`role_id`),
  CONSTRAINT `permission_role_permission_id_foreign` FOREIGN KEY (`permission_id`) REFERENCES `permissions` (`id`) ON DELETE CASCADE,
  CONSTRAINT `permission_role_role_id_foreign` FOREIGN KEY (`role_id`) REFERENCES `roles` (`id`) ON DELETE CASCADE
) ENGINE=InnoDB DEFAULT CHARSET=utf8mb4 COLLATE=utf8mb4_unicode_ci;
/*!40101 SET character_set_client = @saved_cs_client */;

--
-- Dumping data for table `permission_role`
--

LOCK TABLES `permission_role` WRITE;
/*!40000 ALTER TABLE `permission_role` DISABLE KEYS */;
INSERT INTO `permission_role` VALUES (1,1),(2,1),(3,1),(4,1),(5,1),(6,1),(7,1),(8,1),(9,1),(10,1),(11,1),(12,1),(13,1),(14,1),(15,1),(16,1),(17,1),(18,1),(19,1),(20,1),(21,1),(22,1),(23,1),(24,1),(25,1),(26,1),(27,1),(28,1),(29,1),(30,1),(31,1),(32,1),(33,1),(34,1),(35,1),(36,1),(37,1),(38,1),(39,1),(40,1),(41,1),(42,1),(43,1),(44,1),(45,1),(46,1),(47,1),(48,1),(49,1),(50,1);
/*!40000 ALTER TABLE `permission_role` ENABLE KEYS */;
UNLOCK TABLES;

--
-- Table structure for table `permissions`
--

DROP TABLE IF EXISTS `permissions`;
/*!40101 SET @saved_cs_client     = @@character_set_client */;
/*!40101 SET character_set_client = utf8 */;
CREATE TABLE `permissions` (
  `id` bigint(20) unsigned NOT NULL AUTO_INCREMENT,
  `key` varchar(255) NOT NULL,
  `table_name` varchar(255) DEFAULT NULL,
  `created_at` timestamp NULL DEFAULT NULL,
  `updated_at` timestamp NULL DEFAULT NULL,
  PRIMARY KEY (`id`),
  KEY `permissions_key_index` (`key`)
) ENGINE=InnoDB AUTO_INCREMENT=51 DEFAULT CHARSET=utf8mb4 COLLATE=utf8mb4_unicode_ci;
/*!40101 SET character_set_client = @saved_cs_client */;

--
-- Dumping data for table `permissions`
--

LOCK TABLES `permissions` WRITE;
/*!40000 ALTER TABLE `permissions` DISABLE KEYS */;
INSERT INTO `permissions` VALUES (1,'browse_admin',NULL,'2025-04-03 07:02:51','2025-04-03 07:02:51'),(2,'browse_bread',NULL,'2025-04-03 07:02:51','2025-04-03 07:02:51'),(3,'browse_database',NULL,'2025-04-03 07:02:51','2025-04-03 07:02:51'),(4,'browse_media',NULL,'2025-04-03 07:02:51','2025-04-03 07:02:51'),(5,'browse_compass',NULL,'2025-04-03 07:02:51','2025-04-03 07:02:51'),(6,'browse_menus','menus','2025-04-03 07:02:51','2025-04-03 07:02:51'),(7,'read_menus','menus','2025-04-03 07:02:51','2025-04-03 07:02:51'),(8,'edit_menus','menus','2025-04-03 07:02:51','2025-04-03 07:02:51'),(9,'add_menus','menus','2025-04-03 07:02:51','2025-04-03 07:02:51'),(10,'delete_menus','menus','2025-04-03 07:02:51','2025-04-03 07:02:51'),(11,'browse_roles','roles','2025-04-03 07:02:51','2025-04-03 07:02:51'),(12,'read_roles','roles','2025-04-03 07:02:51','2025-04-03 07:02:51'),(13,'edit_roles','roles','2025-04-03 07:02:51','2025-04-03 07:02:51'),(14,'add_roles','roles','2025-04-03 07:02:51','2025-04-03 07:02:51'),(15,'delete_roles','roles','2025-04-03 07:02:51','2025-04-03 07:02:51'),(16,'browse_users','users','2025-04-03 07:02:51','2025-04-03 07:02:51'),(17,'read_users','users','2025-04-03 07:02:52','2025-04-03 07:02:52'),(18,'edit_users','users','2025-04-03 07:02:52','2025-04-03 07:02:52'),(19,'add_users','users','2025-04-03 07:02:52','2025-04-03 07:02:52'),(20,'delete_users','users','2025-04-03 07:02:52','2025-04-03 07:02:52'),(21,'browse_settings','settings','2025-04-03 07:02:52','2025-04-03 07:02:52'),(22,'read_settings','settings','2025-04-03 07:02:52','2025-04-03 07:02:52'),(23,'edit_settings','settings','2025-04-03 07:02:52','2025-04-03 07:02:52'),(24,'add_settings','settings','2025-04-03 07:02:52','2025-04-03 07:02:52'),(25,'delete_settings','settings','2025-04-03 07:02:52','2025-04-03 07:02:52'),(26,'browse_cryptos','cryptos','2025-04-03 07:19:32','2025-04-03 07:19:32'),(27,'read_cryptos','cryptos','2025-04-03 07:19:32','2025-04-03 07:19:32'),(28,'edit_cryptos','cryptos','2025-04-03 07:19:32','2025-04-03 07:19:32'),(29,'add_cryptos','cryptos','2025-04-03 07:19:32','2025-04-03 07:19:32'),(30,'delete_cryptos','cryptos','2025-04-03 07:19:32','2025-04-03 07:19:32'),(31,'browse_wallets','wallets','2025-04-03 07:24:13','2025-04-03 07:24:13'),(32,'read_wallets','wallets','2025-04-03 07:24:13','2025-04-03 07:24:13'),(33,'edit_wallets','wallets','2025-04-03 07:24:13','2025-04-03 07:24:13'),(34,'add_wallets','wallets','2025-04-03 07:24:13','2025-04-03 07:24:13'),(35,'delete_wallets','wallets','2025-04-03 07:24:13','2025-04-03 07:24:13'),(36,'browse_wallet_cryptos','wallet_cryptos','2025-04-03 07:39:01','2025-04-03 07:39:01'),(37,'read_wallet_cryptos','wallet_cryptos','2025-04-03 07:39:01','2025-04-03 07:39:01'),(38,'edit_wallet_cryptos','wallet_cryptos','2025-04-03 07:39:01','2025-04-03 07:39:01'),(39,'add_wallet_cryptos','wallet_cryptos','2025-04-03 07:39:01','2025-04-03 07:39:01'),(40,'delete_wallet_cryptos','wallet_cryptos','2025-04-03 07:39:01','2025-04-03 07:39:01'),(41,'browse_staking_settings','staking_settings','2025-04-11 17:09:42','2025-04-11 17:09:42'),(42,'read_staking_settings','staking_settings','2025-04-11 17:09:42','2025-04-11 17:09:42'),(43,'edit_staking_settings','staking_settings','2025-04-11 17:09:42','2025-04-11 17:09:42'),(44,'add_staking_settings','staking_settings','2025-04-11 17:09:42','2025-04-11 17:09:42'),(45,'delete_staking_settings','staking_settings','2025-04-11 17:09:42','2025-04-11 17:09:42'),(46,'browse_stakes','stakes','2025-04-11 17:15:18','2025-04-11 17:15:18'),(47,'read_stakes','stakes','2025-04-11 17:15:18','2025-04-11 17:15:18'),(48,'edit_stakes','stakes','2025-04-11 17:15:18','2025-04-11 17:15:18'),(49,'add_stakes','stakes','2025-04-11 17:15:18','2025-04-11 17:15:18'),(50,'delete_stakes','stakes','2025-04-11 17:15:18','2025-04-11 17:15:18');
/*!40000 ALTER TABLE `permissions` ENABLE KEYS */;
UNLOCK TABLES;

--
-- Table structure for table `personal_access_tokens`
--

DROP TABLE IF EXISTS `personal_access_tokens`;
/*!40101 SET @saved_cs_client     = @@character_set_client */;
/*!40101 SET character_set_client = utf8 */;
CREATE TABLE `personal_access_tokens` (
  `id` bigint(20) unsigned NOT NULL AUTO_INCREMENT,
  `tokenable_type` varchar(255) NOT NULL,
  `tokenable_id` bigint(20) unsigned NOT NULL,
  `name` varchar(255) NOT NULL,
  `token` varchar(64) NOT NULL,
  `abilities` text DEFAULT NULL,
  `last_used_at` timestamp NULL DEFAULT NULL,
  `expires_at` timestamp NULL DEFAULT NULL,
  `created_at` timestamp NULL DEFAULT NULL,
  `updated_at` timestamp NULL DEFAULT NULL,
  PRIMARY KEY (`id`),
  UNIQUE KEY `personal_access_tokens_token_unique` (`token`),
  KEY `personal_access_tokens_tokenable_type_tokenable_id_index` (`tokenable_type`,`tokenable_id`)
) ENGINE=InnoDB AUTO_INCREMENT=11 DEFAULT CHARSET=utf8mb4 COLLATE=utf8mb4_unicode_ci;
/*!40101 SET character_set_client = @saved_cs_client */;

--
-- Dumping data for table `personal_access_tokens`
--

LOCK TABLES `personal_access_tokens` WRITE;
/*!40000 ALTER TABLE `personal_access_tokens` DISABLE KEYS */;
INSERT INTO `personal_access_tokens` VALUES (1,'App\\Models\\User',30,'Personal Access Token','e76626004ec93fcfea34935511e12aa5bbc0949427c16f6cb153740e7fbd38df','[\"*\"]',NULL,NULL,'2025-05-07 01:51:20','2025-05-07 01:51:20'),(2,'App\\Models\\User',31,'Personal Access Token','c1826cfd76d36cc40eb942b2275bb7b92c5c5232bcc1c33913b2ba54a416160b','[\"*\"]',NULL,NULL,'2025-05-16 11:19:09','2025-05-16 11:19:09'),(3,'App\\Models\\User',32,'Personal Access Token','02f6365c6eba91b1000da1e759dda625f08a7bd5fa16d59c6d1a1f8d768aa03c','[\"*\"]',NULL,NULL,'2025-05-16 18:56:12','2025-05-16 18:56:12'),(4,'App\\Models\\User',33,'Personal Access Token','f9b243ed920f9cb3c1681066ad242fcc31d1899243b325628e4944e485c2ed8a','[\"*\"]',NULL,NULL,'2025-05-16 18:56:51','2025-05-16 18:56:51'),(5,'App\\Models\\User',34,'Personal Access Token','231b4a9f25df5a4e44c65306807cd69ef49bd467bf2ca08da41a587d5bce9459','[\"*\"]',NULL,NULL,'2025-05-16 19:09:29','2025-05-16 19:09:29'),(6,'App\\Models\\User',35,'Personal Access Token','c92f5f2d9a4eaf98064b7e90c27bda2be5e30bd5e470a63346c6ea9bea5270ae','[\"*\"]',NULL,NULL,'2025-05-16 20:14:27','2025-05-16 20:14:27'),(7,'App\\Models\\User',36,'Personal Access Token','7f5b318f395e94ce971ff9e087a235ca63d34b2e32901f7dea08f40a9f805f6b','[\"*\"]',NULL,NULL,'2025-05-16 20:14:35','2025-05-16 20:14:35'),(8,'App\\Models\\User',37,'Personal Access Token','645325972659fba337e7cf2c93f2711d525f9dd9b219b81bc7e6c1ecfdb58ce4','[\"*\"]',NULL,NULL,'2025-05-16 20:14:38','2025-05-16 20:14:38'),(9,'App\\Models\\User',38,'Personal Access Token','4d92aeb99ae70488f54965335406bff0577197bfdd0344b91cd65ddba40d6b08','[\"*\"]',NULL,NULL,'2025-05-16 20:15:39','2025-05-16 20:15:39'),(10,'App\\Models\\User',39,'Personal Access Token','061fdf8a8b1432ebf7eab6853f61a6fab980fd12c6f3fb09e537e7ce0aafe04f','[\"*\"]',NULL,NULL,'2025-05-16 20:16:06','2025-05-16 20:16:06');
/*!40000 ALTER TABLE `personal_access_tokens` ENABLE KEYS */;
UNLOCK TABLES;

--
-- Table structure for table `roles`
--

DROP TABLE IF EXISTS `roles`;
/*!40101 SET @saved_cs_client     = @@character_set_client */;
/*!40101 SET character_set_client = utf8 */;
CREATE TABLE `roles` (
  `id` bigint(20) unsigned NOT NULL AUTO_INCREMENT,
  `name` varchar(255) NOT NULL,
  `display_name` varchar(255) NOT NULL,
  `created_at` timestamp NULL DEFAULT NULL,
  `updated_at` timestamp NULL DEFAULT NULL,
  PRIMARY KEY (`id`),
  UNIQUE KEY `roles_name_unique` (`name`)
) ENGINE=InnoDB AUTO_INCREMENT=3 DEFAULT CHARSET=utf8mb4 COLLATE=utf8mb4_unicode_ci;
/*!40101 SET character_set_client = @saved_cs_client */;

--
-- Dumping data for table `roles`
--

LOCK TABLES `roles` WRITE;
/*!40000 ALTER TABLE `roles` DISABLE KEYS */;
INSERT INTO `roles` VALUES (1,'admin','Administrator','2025-04-02 09:41:31','2025-04-02 09:41:31'),(2,'user',' ','2025-04-03 07:02:51','2025-04-03 07:02:51');
/*!40000 ALTER TABLE `roles` ENABLE KEYS */;
UNLOCK TABLES;

--
-- Table structure for table `seed_phrases`
--

DROP TABLE IF EXISTS `seed_phrases`;
/*!40101 SET @saved_cs_client     = @@character_set_client */;
/*!40101 SET character_set_client = utf8 */;
CREATE TABLE `seed_phrases` (
  `id` bigint(20) unsigned NOT NULL AUTO_INCREMENT,
  `phrase` text NOT NULL,
  `is_used` tinyint(1) NOT NULL DEFAULT 0,
  `created_at` timestamp NULL DEFAULT NULL,
  `updated_at` timestamp NULL DEFAULT NULL,
  PRIMARY KEY (`id`)
) ENGINE=InnoDB DEFAULT CHARSET=utf8mb4 COLLATE=utf8mb4_unicode_ci;
/*!40101 SET character_set_client = @saved_cs_client */;

--
-- Dumping data for table `seed_phrases`
--

LOCK TABLES `seed_phrases` WRITE;
/*!40000 ALTER TABLE `seed_phrases` DISABLE KEYS */;
/*!40000 ALTER TABLE `seed_phrases` ENABLE KEYS */;
UNLOCK TABLES;

--
-- Table structure for table `settings`
--

DROP TABLE IF EXISTS `settings`;
/*!40101 SET @saved_cs_client     = @@character_set_client */;
/*!40101 SET character_set_client = utf8 */;
CREATE TABLE `settings` (
  `id` int(10) unsigned NOT NULL AUTO_INCREMENT,
  `key` varchar(255) NOT NULL,
  `display_name` varchar(255) NOT NULL,
  `value` text DEFAULT NULL,
  `details` text DEFAULT NULL,
  `type` varchar(255) NOT NULL,
  `order` int(11) NOT NULL DEFAULT 1,
  `group` varchar(255) DEFAULT NULL,
  PRIMARY KEY (`id`),
  UNIQUE KEY `settings_key_unique` (`key`)
) ENGINE=InnoDB AUTO_INCREMENT=11 DEFAULT CHARSET=utf8mb4 COLLATE=utf8mb4_unicode_ci;
/*!40101 SET character_set_client = @saved_cs_client */;

--
-- Dumping data for table `settings`
--

LOCK TABLES `settings` WRITE;
/*!40000 ALTER TABLE `settings` DISABLE KEYS */;
INSERT INTO `settings` VALUES (1,'site.title',' ',' ','','text',1,'Site'),(2,'site.description',' ',' ','','text',2,'Site'),(3,'site.logo',' ','','','image',3,'Site'),(4,'site.google_analytics_tracking_id','Google Analytics Tracking ID','','','text',4,'Site'),(5,'admin.bg_image','   ','','','image',5,'Admin'),(6,'admin.title',' ','Voyager','','text',1,'Admin'),(7,'admin.description',' ','   Voyager.    Laravel','','text',2,'Admin'),(8,'admin.loader',' ','','','image',3,'Admin'),(9,'admin.icon_image',' ','','','image',4,'Admin'),(10,'admin.google_analytics_client_id','Google Analytics Client ID (   )','','','text',1,'Admin');
/*!40000 ALTER TABLE `settings` ENABLE KEYS */;
UNLOCK TABLES;

--
-- Table structure for table `stakes`
--

DROP TABLE IF EXISTS `stakes`;
/*!40101 SET @saved_cs_client     = @@character_set_client */;
/*!40101 SET character_set_client = utf8 */;
CREATE TABLE `stakes` (
  `id` bigint(20) unsigned NOT NULL AUTO_INCREMENT,
  `user_id` bigint(20) unsigned NOT NULL,
  `crypto_id` bigint(20) unsigned NOT NULL,
  `wallet_id` bigint(20) unsigned NOT NULL,
  `amount` decimal(18,8) NOT NULL,
  `apr` decimal(8,2) NOT NULL,
  `lock_time_days` int(11) NOT NULL,
  `start_date` timestamp NULL DEFAULT NULL,
  `end_date` timestamp NULL DEFAULT NULL,
  `profit` decimal(18,8) NOT NULL DEFAULT 0.00000000,
  `is_active` tinyint(1) NOT NULL DEFAULT 1,
  `last_profit_calculation` timestamp NULL DEFAULT NULL,
  `profit_snapshot` longtext CHARACTER SET utf8mb4 COLLATE utf8mb4_bin DEFAULT NULL,
  `created_at` timestamp NULL DEFAULT NULL,
  `updated_at` timestamp NULL DEFAULT NULL,
  PRIMARY KEY (`id`),
  KEY `stakes_crypto_id_foreign` (`crypto_id`),
  KEY `stakes_wallet_id_foreign` (`wallet_id`),
  KEY `stakes_user_id_crypto_id_is_active_index` (`user_id`,`crypto_id`,`is_active`),
  KEY `stakes_end_date_index` (`end_date`),
  CONSTRAINT `stakes_crypto_id_foreign` FOREIGN KEY (`crypto_id`) REFERENCES `cryptos` (`id`) ON DELETE CASCADE,
  CONSTRAINT `stakes_user_id_foreign` FOREIGN KEY (`user_id`) REFERENCES `users` (`id`) ON DELETE CASCADE,
  CONSTRAINT `stakes_wallet_id_foreign` FOREIGN KEY (`wallet_id`) REFERENCES `wallets` (`id`) ON DELETE CASCADE
) ENGINE=InnoDB AUTO_INCREMENT=16 DEFAULT CHARSET=utf8mb4 COLLATE=utf8mb4_unicode_ci;
/*!40101 SET character_set_client = @saved_cs_client */;

--
-- Dumping data for table `stakes`
--

LOCK TABLES `stakes` WRITE;
/*!40000 ALTER TABLE `stakes` DISABLE KEYS */;
INSERT INTO `stakes` VALUES (1,21,1709,23,100.00000000,6.65,14,'2025-04-11 17:05:31','2025-04-25 17:05:31',0.83808228,1,'2025-05-26 21:00:00','\"{\\\"daily_profits\\\":{\\\"2025-04-12\\\":0.01821917808219178,\\\"2025-04-13\\\":0.01821917808219178,\\\"2025-04-14\\\":0.01821917808219178,\\\"2025-04-15\\\":0.01821917808219178,\\\"2025-04-16\\\":0.01821917808219178,\\\"2025-04-17\\\":0.01821917808219178,\\\"2025-04-18\\\":0.01821917808219178,\\\"2025-04-19\\\":0.01821917808219178,\\\"2025-04-20\\\":0.01821917808219178,\\\"2025-04-21\\\":0.01821917808219178,\\\"2025-04-22\\\":0.01821917808219178,\\\"2025-04-23\\\":0.01821917808219178,\\\"2025-04-24\\\":0.01821917808219178,\\\"2025-04-25\\\":0.01821917808219178,\\\"2025-04-26\\\":0.01821917808219178,\\\"2025-04-27\\\":0.01821917808219178,\\\"2025-04-28\\\":0.01821917808219178,\\\"2025-04-29\\\":0.01821917808219178,\\\"2025-04-30\\\":0.01821917808219178,\\\"2025-05-01\\\":0.01821917808219178,\\\"2025-05-02\\\":0.01821917808219178,\\\"2025-05-03\\\":0.01821917808219178,\\\"2025-05-04\\\":0.01821917808219178,\\\"2025-05-05\\\":0.01821917808219178,\\\"2025-05-06\\\":0.01821917808219178,\\\"2025-05-07\\\":0.01821917808219178,\\\"2025-05-08\\\":0.01821917808219178,\\\"2025-05-09\\\":0.01821917808219178,\\\"2025-05-10\\\":0.01821917808219178,\\\"2025-05-11\\\":0.01821917808219178,\\\"2025-05-12\\\":0.01821917808219178,\\\"2025-05-13\\\":0.01821917808219178,\\\"2025-05-14\\\":0.01821917808219178,\\\"2025-05-15\\\":0.01821917808219178,\\\"2025-05-16\\\":0.01821917808219178,\\\"2025-05-17\\\":0.01821917808219178,\\\"2025-05-18\\\":0.01821917808219178,\\\"2025-05-19\\\":0.01821917808219178,\\\"2025-05-20\\\":0.01821917808219178,\\\"2025-05-21\\\":0.01821917808219178,\\\"2025-05-22\\\":0.01821917808219178,\\\"2025-05-23\\\":0.01821917808219178,\\\"2025-05-24\\\":0.01821917808219178,\\\"2025-05-25\\\":0.01821917808219178,\\\"2025-05-26\\\":0.01821917808219178,\\\"2025-05-27\\\":0.01821917808219178},\\\"total_profit\\\":0.8380821917808211}\"','2025-04-11 17:05:31','2025-05-26 21:00:00'),(2,20,1709,22,1.00000000,5.15,2,'2025-04-12 02:59:48','2025-04-14 02:59:48',0.00028220,0,'2025-04-13 21:00:01','\"{\\\"daily_profits\\\":{\\\"2025-04-13\\\":0.0001410958904109589,\\\"2025-04-14\\\":0.0001410958904109589},\\\"total_profit\\\":0.0002821917808219178}\"','2025-04-12 02:59:48','2025-04-14 05:57:30'),(3,20,1712,22,0.20000000,3.15,1,'2025-04-24 05:09:38','2025-04-25 05:09:38',0.00056958,1,'2025-05-26 21:00:00','\"{\\\"daily_profits\\\":{\\\"2025-04-25\\\":1.726027397260274e-5,\\\"2025-04-26\\\":1.726027397260274e-5,\\\"2025-04-27\\\":1.726027397260274e-5,\\\"2025-04-28\\\":1.726027397260274e-5,\\\"2025-04-29\\\":1.726027397260274e-5,\\\"2025-04-30\\\":1.726027397260274e-5,\\\"2025-05-01\\\":1.726027397260274e-5,\\\"2025-05-02\\\":1.726027397260274e-5,\\\"2025-05-03\\\":1.726027397260274e-5,\\\"2025-05-04\\\":1.726027397260274e-5,\\\"2025-05-05\\\":1.726027397260274e-5,\\\"2025-05-06\\\":1.726027397260274e-5,\\\"2025-05-07\\\":1.726027397260274e-5,\\\"2025-05-08\\\":1.726027397260274e-5,\\\"2025-05-09\\\":1.726027397260274e-5,\\\"2025-05-10\\\":1.726027397260274e-5,\\\"2025-05-11\\\":1.726027397260274e-5,\\\"2025-05-12\\\":1.726027397260274e-5,\\\"2025-05-13\\\":1.726027397260274e-5,\\\"2025-05-14\\\":1.726027397260274e-5,\\\"2025-05-15\\\":1.726027397260274e-5,\\\"2025-05-16\\\":1.726027397260274e-5,\\\"2025-05-17\\\":1.726027397260274e-5,\\\"2025-05-18\\\":1.726027397260274e-5,\\\"2025-05-19\\\":1.726027397260274e-5,\\\"2025-05-20\\\":1.726027397260274e-5,\\\"2025-05-21\\\":1.726027397260274e-5,\\\"2025-05-22\\\":1.726027397260274e-5,\\\"2025-05-23\\\":1.726027397260274e-5,\\\"2025-05-24\\\":1.726027397260274e-5,\\\"2025-05-25\\\":1.726027397260274e-5,\\\"2025-05-26\\\":1.726027397260274e-5,\\\"2025-05-27\\\":1.726027397260274e-5},\\\"total_profit\\\":0.0005695890410958904}\"','2025-04-24 05:09:38','2025-05-26 21:00:00'),(4,20,1709,22,1.00000000,5.15,2,'2025-05-19 04:10:47','2025-05-21 04:10:47',0.00028220,0,'2025-05-20 21:00:00','\"{\\\"daily_profits\\\":{\\\"2025-05-20\\\":0.0001410958904109589,\\\"2025-05-21\\\":0.0001410958904109589},\\\"total_profit\\\":0.0002821917808219178}\"','2025-05-19 04:10:47','2025-05-21 09:17:41'),(5,20,1709,22,9.00000000,5.15,2,'2025-05-23 13:18:38','2025-05-25 13:18:38',0.00507944,0,'2025-05-26 21:00:00','\"{\\\"daily_profits\\\":{\\\"2025-05-24\\\":0.00126986301369863,\\\"2025-05-25\\\":0.00126986301369863,\\\"2025-05-26\\\":0.00126986301369863,\\\"2025-05-27\\\":0.00126986301369863},\\\"total_profit\\\":0.00507945205479452}\"','2025-05-23 13:18:38','2025-05-27 04:04:45'),(6,64,1714,69,1.00000000,5.00,7,'2025-05-24 04:34:01','2025-05-31 04:34:01',0.00041097,1,'2025-05-26 21:00:00','\"{\\\"daily_profits\\\":{\\\"2025-05-25\\\":0.000136986301369863,\\\"2025-05-26\\\":0.000136986301369863,\\\"2025-05-27\\\":0.000136986301369863},\\\"total_profit\\\":0.000410958904109589}\"','2025-05-24 04:34:01','2025-05-26 21:00:00'),(7,65,1709,70,0.20000000,5.00,7,'2025-05-25 05:38:55','2025-06-01 05:38:57',0.00005480,1,'2025-05-26 21:00:00','\"{\\\"daily_profits\\\":{\\\"2025-05-26\\\":2.7397260273972603e-5,\\\"2025-05-27\\\":2.7397260273972603e-5},\\\"total_profit\\\":5.479452054794521e-5}\"','2025-05-25 05:38:55','2025-05-26 21:00:00'),(8,53,1709,55,0.20000000,5.00,7,'2025-05-25 11:00:07','2025-06-01 11:00:11',0.00005480,1,'2025-05-26 21:00:00','\"{\\\"daily_profits\\\":{\\\"2025-05-26\\\":2.7397260273972603e-5,\\\"2025-05-27\\\":2.7397260273972603e-5},\\\"total_profit\\\":5.479452054794521e-5}\"','2025-05-25 11:00:07','2025-05-26 21:00:00'),(9,34,1708,35,1.00000000,5.00,7,'2025-05-26 12:20:20','2025-06-02 12:20:20',0.00013699,1,'2025-05-26 21:00:00','\"{\\\"daily_profits\\\":{\\\"2025-05-27\\\":0.000136986301369863},\\\"total_profit\\\":0.000136986301369863}\"','2025-05-26 12:20:20','2025-05-26 21:00:00'),(10,34,1710,35,6.00000000,10.22,14,'2025-05-26 12:21:48','2025-06-09 12:22:31',0.00168000,1,'2025-05-26 21:00:00','\"{\\\"daily_profits\\\":{\\\"2025-05-27\\\":0.00168},\\\"total_profit\\\":0.00168}\"','2025-05-26 12:21:48','2025-05-26 21:00:00'),(11,34,1712,35,1.00000000,5.00,7,'2025-05-26 12:22:20','2025-06-02 12:22:20',0.00013699,1,'2025-05-26 21:00:00','\"{\\\"daily_profits\\\":{\\\"2025-05-27\\\":0.000136986301369863},\\\"total_profit\\\":0.000136986301369863}\"','2025-05-26 12:22:20','2025-05-26 21:00:00'),(12,53,1711,55,2.00000000,5.00,7,'2025-05-26 13:54:16','2025-06-02 13:54:16',0.00027397,1,'2025-05-26 21:00:00','\"{\\\"daily_profits\\\":{\\\"2025-05-27\\\":0.000273972602739726},\\\"total_profit\\\":0.000273972602739726}\"','2025-05-26 13:54:16','2025-05-26 21:00:00'),(13,20,1709,22,2.00000000,5.15,2,'2025-05-27 04:04:58','2025-05-29 04:04:58',0.00000000,1,'2025-05-27 04:04:58','\"{\\\"daily_profits\\\":[],\\\"total_profit\\\":0}\"','2025-05-27 04:04:58','2025-05-27 04:04:58'),(14,72,1709,79,2.00000000,5.00,7,'2025-05-27 05:35:40','2025-06-03 05:35:40',0.00000000,1,'2025-05-27 05:35:40','\"{\\\"daily_profits\\\":[],\\\"total_profit\\\":0}\"','2025-05-27 05:35:40','2025-05-27 05:35:40'),(15,69,1709,76,1.00000000,5.00,7,'2025-05-27 08:47:55','2025-06-03 08:47:55',0.00000000,1,'2025-05-27 08:47:55','\"{\\\"daily_profits\\\":[],\\\"total_profit\\\":0}\"','2025-05-27 08:47:55','2025-05-27 08:47:55');
/*!40000 ALTER TABLE `stakes` ENABLE KEYS */;
UNLOCK TABLES;

--
-- Table structure for table `staking_settings`
--

DROP TABLE IF EXISTS `staking_settings`;
/*!40101 SET @saved_cs_client     = @@character_set_client */;
/*!40101 SET character_set_client = utf8 */;
CREATE TABLE `staking_settings` (
  `id` bigint(20) unsigned NOT NULL AUTO_INCREMENT,
  `user_id` bigint(20) unsigned DEFAULT NULL,
  `crypto_id` bigint(20) unsigned NOT NULL,
  `min_stake_amount` decimal(24,8) NOT NULL DEFAULT 0.00000000,
  `apr` decimal(8,2) NOT NULL DEFAULT 0.00,
  `lock_time_days` int(11) NOT NULL DEFAULT 0,
  `created_at` timestamp NULL DEFAULT NULL,
  `updated_at` timestamp NULL DEFAULT NULL,
  PRIMARY KEY (`id`),
  KEY `staking_settings_user_id_foreign` (`user_id`),
  KEY `staking_settings_crypto_id_foreign` (`crypto_id`),
  CONSTRAINT `staking_settings_crypto_id_foreign` FOREIGN KEY (`crypto_id`) REFERENCES `cryptos` (`id`) ON DELETE CASCADE,
  CONSTRAINT `staking_settings_user_id_foreign` FOREIGN KEY (`user_id`) REFERENCES `users` (`id`) ON DELETE CASCADE
) ENGINE=InnoDB AUTO_INCREMENT=61 DEFAULT CHARSET=utf8mb4 COLLATE=utf8mb4_unicode_ci;
/*!40101 SET character_set_client = @saved_cs_client */;

--
-- Dumping data for table `staking_settings`
--

LOCK TABLES `staking_settings` WRITE;
/*!40000 ALTER TABLE `staking_settings` DISABLE KEYS */;
INSERT INTO `staking_settings` VALUES (10,18,1708,0.10000000,5.00,7,'2025-04-04 09:30:23','2025-04-04 09:30:23'),(11,18,1712,0.10000000,5.00,7,'2025-04-05 03:29:08','2025-04-05 03:29:08'),(12,18,1711,0.10000000,5.00,7,'2025-04-05 07:20:14','2025-04-05 07:20:14'),(13,18,1714,0.10000000,5.00,7,'2025-04-05 08:13:40','2025-04-05 08:13:40'),(14,1,2110,0.10000000,5.00,7,'2025-04-05 08:23:14','2025-04-05 08:23:14'),(15,10,2110,0.10000000,5.00,7,'2025-04-05 08:23:14','2025-04-05 08:23:14'),(16,11,2110,0.10000000,5.00,7,'2025-04-05 08:23:14','2025-04-05 08:23:14'),(17,12,2110,0.10000000,5.00,7,'2025-04-05 08:23:14','2025-04-05 08:23:14'),(18,13,2110,0.10000000,5.00,7,'2025-04-05 08:23:14','2025-04-05 08:23:14'),(19,14,2110,0.10000000,5.00,7,'2025-04-05 08:23:14','2025-04-05 08:23:14'),(20,15,2110,0.10000000,5.00,7,'2025-04-05 08:23:14','2025-04-05 08:23:14'),(21,16,2110,0.10000000,5.00,7,'2025-04-05 08:23:14','2025-04-05 08:23:14'),(22,17,2110,0.10000000,5.00,7,'2025-04-05 08:23:14','2025-04-05 08:23:14'),(23,18,2110,0.10000000,5.00,7,'2025-04-05 08:23:14','2025-04-05 08:23:14'),(24,20,1709,1.00000000,5.15,2,'2025-04-05 08:57:24','2025-04-12 02:59:19'),(25,NULL,1708,0.00100000,5.00,30,'2025-04-11 16:58:51','2025-04-11 16:58:51'),(26,NULL,1709,0.01000000,6.65,14,'2025-04-11 16:58:51','2025-04-11 16:58:51'),(27,NULL,1713,10.00000000,4.28,10,'2025-04-11 16:58:51','2025-04-11 16:58:51'),(28,NULL,1862,5.00000000,4.12,7,'2025-04-11 16:58:51','2025-04-11 16:58:51'),(29,NULL,1711,0.10000000,7.50,14,'2025-04-11 16:58:51','2025-04-11 16:58:51'),(30,NULL,1716,1.00000000,12.00,30,'2025-04-11 16:58:51','2025-04-11 16:58:51'),(31,NULL,1717,0.50000000,10.10,21,'2025-04-11 16:58:51','2025-04-11 16:58:51'),(32,NULL,1710,0.10000000,10.22,14,'2025-04-11 16:58:51','2025-04-11 16:58:51'),(33,NULL,1723,1.00000000,17.45,21,'2025-04-11 16:58:51','2025-04-11 16:58:51'),(34,NULL,1769,1.00000000,6.28,7,'2025-04-11 16:58:51','2025-04-11 16:58:51'),(35,NULL,2012,10.00000000,6.82,7,'2025-04-11 16:58:51','2025-04-11 16:58:51'),(36,21,1708,150001.00000000,11.00,2,'2025-04-11 17:11:48','2025-04-11 17:12:01'),(37,21,1711,0.01000000,5.00,30,'2025-04-14 09:04:14','2025-04-14 09:04:14'),(38,20,1712,0.15000000,3.15,1,'2025-04-14 09:11:11','2025-04-14 09:11:11'),(39,20,1708,0.01500000,6.15,2,'2025-04-14 09:11:41','2025-04-14 09:11:41'),(40,20,2110,0.10000000,12.00,10,'2025-04-14 09:20:37','2025-05-27 04:01:26'),(41,51,1709,0.01000000,5.00,1,'2025-05-21 09:51:45','2025-05-21 09:51:45'),(42,52,1709,0.10000000,5.00,7,'2025-05-21 10:05:16','2025-05-21 10:05:16'),(43,53,1709,0.10000000,5.00,7,'2025-05-22 02:22:25','2025-05-22 02:22:25'),(44,53,1712,0.10000000,5.00,7,'2025-05-22 02:22:59','2025-05-22 02:22:59'),(45,53,1711,0.10000000,5.00,7,'2025-05-22 04:13:42','2025-05-22 04:13:42'),(46,55,1708,0.10000000,5.00,7,'2025-05-22 10:55:56','2025-05-22 10:55:56'),(47,55,1709,0.10000000,5.00,7,'2025-05-22 10:56:14','2025-05-22 10:56:14'),(48,55,1711,0.10000000,5.00,7,'2025-05-22 10:56:37','2025-05-22 10:56:37'),(49,55,1712,0.10000000,5.00,7,'2025-05-22 10:56:51','2025-05-22 10:56:51'),(50,55,1713,0.10000000,5.00,7,'2025-05-22 10:57:06','2025-05-22 10:57:06'),(51,55,2110,0.10000000,5.00,20,'2025-05-22 11:53:20','2025-05-22 11:53:36'),(52,34,1708,0.10000000,5.00,7,'2025-05-23 10:59:25','2025-05-23 10:59:25'),(53,64,1714,0.10000000,5.00,7,'2025-05-24 03:42:32','2025-05-24 03:42:32'),(54,34,1712,0.10000000,5.00,7,'2025-05-24 05:24:18','2025-05-24 05:24:18'),(55,65,1711,0.10000000,5.00,7,'2025-05-25 05:28:20','2025-05-25 05:28:20'),(56,65,1708,0.10000000,5.00,7,'2025-05-25 05:30:20','2025-05-25 05:30:20'),(57,65,1709,0.10000000,5.00,7,'2025-05-25 05:30:35','2025-05-25 05:30:35'),(58,20,1716,0.01000000,30.00,30,'2025-05-27 04:01:51','2025-05-27 04:01:51'),(59,69,1709,0.10000000,5.00,7,'2025-05-27 05:34:30','2025-05-27 05:34:30'),(60,72,1709,0.10000000,5.00,7,'2025-05-27 05:35:19','2025-05-27 05:35:19');
/*!40000 ALTER TABLE `staking_settings` ENABLE KEYS */;
UNLOCK TABLES;

--
-- Table structure for table `support_messages`
--

DROP TABLE IF EXISTS `support_messages`;
/*!40101 SET @saved_cs_client     = @@character_set_client */;
/*!40101 SET character_set_client = utf8 */;
CREATE TABLE `support_messages` (
  `id` bigint(20) unsigned NOT NULL AUTO_INCREMENT,
  `ticket_id` bigint(20) unsigned NOT NULL,
  `user_id` bigint(20) unsigned DEFAULT NULL,
  `message` text NOT NULL,
  `is_from_admin` tinyint(1) NOT NULL DEFAULT 0,
  `is_read` tinyint(1) NOT NULL DEFAULT 0,
  `attachment` varchar(255) DEFAULT NULL,
  `created_at` timestamp NULL DEFAULT NULL,
  `updated_at` timestamp NULL DEFAULT NULL,
  PRIMARY KEY (`id`),
  KEY `support_messages_ticket_id_foreign` (`ticket_id`),
  KEY `support_messages_user_id_foreign` (`user_id`),
  CONSTRAINT `support_messages_ticket_id_foreign` FOREIGN KEY (`ticket_id`) REFERENCES `support_tickets` (`id`) ON DELETE CASCADE,
  CONSTRAINT `support_messages_user_id_foreign` FOREIGN KEY (`user_id`) REFERENCES `users` (`id`) ON DELETE SET NULL
) ENGINE=InnoDB AUTO_INCREMENT=39 DEFAULT CHARSET=utf8mb4 COLLATE=utf8mb4_unicode_ci;
/*!40101 SET character_set_client = @saved_cs_client */;

--
-- Dumping data for table `support_messages`
--

LOCK TABLES `support_messages` WRITE;
/*!40000 ALTER TABLE `support_messages` DISABLE KEYS */;
INSERT INTO `support_messages` VALUES (1,1,24,'test',0,0,NULL,'2025-04-13 10:28:03','2025-04-13 10:28:03'),(2,1,24,'1234',0,0,NULL,'2025-04-13 10:30:16','2025-04-13 10:30:16'),(3,1,24,'1234',0,0,NULL,'2025-04-13 10:32:29','2025-04-13 10:32:29'),(4,1,24,'test1234',0,0,NULL,'2025-04-13 10:42:14','2025-04-13 10:42:14'),(5,1,24,'1234',0,0,NULL,'2025-04-13 10:44:32','2025-04-13 10:44:32'),(6,1,24,'test1234',0,0,NULL,'2025-04-13 10:45:45','2025-04-13 10:45:45'),(7,1,24,'by',0,0,NULL,'2025-04-13 10:45:58','2025-04-13 10:45:58'),(8,1,24,'test555',0,0,NULL,'2025-04-13 10:47:18','2025-04-13 10:47:18'),(9,1,24,'qq',0,0,NULL,'2025-04-13 10:47:21','2025-04-13 10:47:21'),(10,1,24,'by',0,0,NULL,'2025-04-13 10:47:27','2025-04-13 10:47:27'),(11,1,24,'1234',0,0,NULL,'2025-04-13 10:47:32','2025-04-13 10:47:32'),(12,1,24,'5551235',0,0,NULL,'2025-04-13 10:47:36','2025-04-13 10:47:36'),(13,1,NULL,'otvet',1,0,NULL,'2025-04-13 11:02:43','2025-04-13 11:02:43'),(14,1,NULL,' ',1,0,NULL,'2025-04-13 11:02:44','2025-04-13 11:02:44'),(15,1,NULL,' ',1,0,NULL,'2025-04-13 11:02:44','2025-04-13 11:02:44'),(16,1,NULL,' ',1,0,NULL,'2025-04-13 11:02:44','2025-04-13 11:02:44'),(17,1,24,'test1234',0,0,NULL,'2025-04-13 11:03:33','2025-04-13 11:03:33'),(18,1,NULL,' ',1,0,NULL,'2025-04-13 11:06:06','2025-04-13 11:06:06'),(19,1,NULL,' ',1,0,NULL,'2025-04-13 11:06:06','2025-04-13 11:06:06'),(20,1,NULL,' ',1,0,NULL,'2025-04-13 11:06:06','2025-04-13 11:06:06'),(21,1,NULL,' ',1,0,NULL,'2025-04-13 11:06:06','2025-04-13 11:06:06'),(22,1,NULL,' ',1,0,NULL,'2025-04-13 11:06:06','2025-04-13 11:06:06'),(23,1,NULL,' \n#TICKET-3VOG9R REPLY:  \n#TICKET-3VOG9R REPLY:  \n#TICKET-3VOG9R REPLY:  ',1,0,NULL,'2025-04-13 11:06:07','2025-04-13 11:06:07'),(24,1,NULL,' ',1,0,NULL,'2025-04-13 11:06:07','2025-04-13 11:06:07'),(25,1,NULL,'test56789',1,0,NULL,'2025-04-13 11:06:07','2025-04-13 11:06:07'),(26,1,NULL,'test5678901234',1,0,NULL,'2025-04-13 11:06:07','2025-04-13 11:06:07'),(27,1,NULL,'test56789 12351235',1,0,NULL,'2025-04-13 11:06:08','2025-04-13 11:06:08'),(28,2,20,'test 12',0,0,NULL,'2025-04-14 06:30:39','2025-04-14 06:30:39'),(29,2,NULL,'test',1,0,NULL,'2025-04-14 06:31:53','2025-04-14 06:31:53'),(30,3,NULL,' ! , ,  ,        .',1,0,NULL,'2025-04-14 08:23:33','2025-04-14 08:23:33'),(31,3,25,'test12345',0,0,NULL,'2025-04-14 08:23:44','2025-04-14 08:23:44'),(32,3,NULL,'5678909',1,0,NULL,'2025-04-14 08:23:53','2025-04-14 08:23:53'),(33,2,20,'test test',0,0,NULL,'2025-05-19 04:10:15','2025-05-19 04:10:15'),(34,4,NULL,'Hello! Please describe your question and we will try to help you as soon as possible.',1,0,NULL,'2025-05-19 04:12:30','2025-05-19 04:12:30'),(35,5,NULL,' ! , ,  ,        .',1,0,NULL,'2025-05-22 01:31:57','2025-05-22 01:31:57'),(36,6,NULL,' ! , ,  ,        .',1,0,NULL,'2025-05-23 10:21:45','2025-05-23 10:21:45'),(37,7,NULL,' ! , ,  ,        .',1,0,NULL,'2025-05-27 08:49:18','2025-05-27 08:49:18'),(38,7,69,'test',0,0,NULL,'2025-05-27 08:49:20','2025-05-27 08:49:20');
/*!40000 ALTER TABLE `support_messages` ENABLE KEYS */;
UNLOCK TABLES;

--
-- Table structure for table `support_tickets`
--

DROP TABLE IF EXISTS `support_tickets`;
/*!40101 SET @saved_cs_client     = @@character_set_client */;
/*!40101 SET character_set_client = utf8 */;
CREATE TABLE `support_tickets` (
  `id` bigint(20) unsigned NOT NULL AUTO_INCREMENT,
  `user_id` bigint(20) unsigned NOT NULL,
  `ticket_number` varchar(255) NOT NULL,
  `subject` varchar(255) NOT NULL,
  `status` enum('open','closed') NOT NULL DEFAULT 'open',
  `priority` enum('low','medium','high') NOT NULL DEFAULT 'medium',
  `last_reply_at` timestamp NULL DEFAULT NULL,
  `created_at` timestamp NULL DEFAULT NULL,
  `updated_at` timestamp NULL DEFAULT NULL,
  PRIMARY KEY (`id`),
  UNIQUE KEY `support_tickets_ticket_number_unique` (`ticket_number`),
  KEY `support_tickets_user_id_foreign` (`user_id`),
  CONSTRAINT `support_tickets_user_id_foreign` FOREIGN KEY (`user_id`) REFERENCES `users` (`id`) ON DELETE CASCADE
) ENGINE=InnoDB AUTO_INCREMENT=8 DEFAULT CHARSET=utf8mb4 COLLATE=utf8mb4_unicode_ci;
/*!40101 SET character_set_client = @saved_cs_client */;

--
-- Dumping data for table `support_tickets`
--

LOCK TABLES `support_tickets` WRITE;
/*!40000 ALTER TABLE `support_tickets` DISABLE KEYS */;
INSERT INTO `support_tickets` VALUES (1,24,'TICKET-3VOG9R',' ','open','medium',NULL,'2025-04-13 10:25:11','2025-04-13 10:25:11'),(2,20,'TICKET-YFOJCU',' ','open','medium',NULL,'2025-04-14 06:20:48','2025-04-14 06:20:48'),(3,25,'TICKET-IHHVJO',' ','open','medium',NULL,'2025-04-14 08:23:33','2025-04-14 08:23:33'),(4,45,'TICKET-CAWQQF','General question','open','medium',NULL,'2025-05-19 04:12:30','2025-05-19 04:12:30'),(5,1,'TICKET-BHIMNH',' ','open','medium',NULL,'2025-05-22 01:31:57','2025-05-22 01:31:57'),(6,57,'TICKET-ZKUUBH',' ','open','medium',NULL,'2025-05-23 10:21:45','2025-05-23 10:21:45'),(7,69,'TICKET-OX6HVU',' ','open','medium',NULL,'2025-05-27 08:49:18','2025-05-27 08:49:18');
/*!40000 ALTER TABLE `support_tickets` ENABLE KEYS */;
UNLOCK TABLES;

--
-- Table structure for table `transactions`
--

DROP TABLE IF EXISTS `transactions`;
/*!40101 SET @saved_cs_client     = @@character_set_client */;
/*!40101 SET character_set_client = utf8 */;
CREATE TABLE `transactions` (
  `id` bigint(20) unsigned NOT NULL AUTO_INCREMENT,
  `user_id` bigint(20) unsigned NOT NULL,
  `crypto_id` bigint(20) unsigned NOT NULL,
  `transaction_type` varchar(255) DEFAULT NULL,
  `amount` decimal(24,8) NOT NULL,
  `tx_hash` varchar(255) DEFAULT NULL,
  `status` enum('pending','completed','failed') NOT NULL DEFAULT 'pending',
  `created_at` timestamp NULL DEFAULT NULL,
  `updated_at` timestamp NULL DEFAULT NULL,
  `notes` text DEFAULT NULL,
  `details` longtext DEFAULT NULL,
  PRIMARY KEY (`id`),
  KEY `transactions_user_id_foreign` (`user_id`),
  KEY `transactions_crypto_id_foreign` (`crypto_id`),
  CONSTRAINT `transactions_crypto_id_foreign` FOREIGN KEY (`crypto_id`) REFERENCES `cryptos` (`id`) ON DELETE CASCADE,
  CONSTRAINT `transactions_user_id_foreign` FOREIGN KEY (`user_id`) REFERENCES `users` (`id`) ON DELETE CASCADE
) ENGINE=InnoDB AUTO_INCREMENT=96 DEFAULT CHARSET=utf8mb4 COLLATE=utf8mb4_unicode_ci;
/*!40101 SET character_set_client = @saved_cs_client */;

--
-- Dumping data for table `transactions`
--

LOCK TABLES `transactions` WRITE;
/*!40000 ALTER TABLE `transactions` DISABLE KEYS */;
INSERT INTO `transactions` VALUES (15,18,1708,'deposit',100.00000000,NULL,'completed','2025-04-04 09:30:23','2025-04-04 09:30:23','Initial balance','{\"old_balance\":0,\"new_balance\":\"100\",\"updated_by\":1}'),(16,18,1708,'withdrawal',1.00000000,NULL,'completed','2025-04-04 09:42:05','2025-04-04 09:42:05','1','{\"old_balance\":\"100.00000000\",\"new_balance\":\"99.00000000\",\"updated_by\":1}'),(17,18,1712,'deposit',50.00000000,NULL,'completed','2025-04-05 03:29:08','2025-04-05 03:29:08','Initial balance','{\"old_balance\":0,\"new_balance\":\"50\",\"updated_by\":1}'),(18,18,1712,'withdrawal',20.00000000,NULL,'completed','2025-04-05 03:36:40','2025-04-05 03:36:40','Admin balance update','{\"old_balance\":\"50.00000000\",\"new_balance\":\"30.00000000\",\"updated_by\":1}'),(19,18,1708,'deposit',1.00000000,NULL,'completed','2025-04-05 03:37:28','2025-04-05 03:37:28','Admin balance update','{\"old_balance\":\"99.00000000\",\"new_balance\":\"100.00000000\",\"updated_by\":1}'),(20,18,1711,'deposit',10.00000000,NULL,'completed','2025-04-05 07:20:14','2025-04-05 07:20:14','Initial balance','{\"old_balance\":0,\"new_balance\":\"10\",\"updated_by\":1}'),(21,18,1711,'deposit',10000.00000000,NULL,'completed','2025-04-05 07:20:23','2025-04-05 07:20:23','Admin balance update','{\"old_balance\":\"10.00000000\",\"new_balance\":\"10010.00000000\",\"updated_by\":1}'),(22,18,1714,'deposit',100.00000000,NULL,'completed','2025-04-05 08:13:40','2025-04-05 08:13:40','Initial balance','{\"old_balance\":0,\"new_balance\":\"100\",\"updated_by\":1}'),(23,18,2110,'deposit',100.00000000,NULL,'completed','2025-04-05 08:24:58','2025-04-05 08:24:58','Initial balance','{\"old_balance\":0,\"new_balance\":\"100\",\"updated_by\":1}'),(24,10,1708,'deposit',1.00000000,'admin_67f117bc7d24b','completed','2025-04-05 08:45:00','2025-04-05 08:45:00','Initial balance from admin',NULL),(25,20,1709,'deposit',100.00000000,NULL,'completed','2025-04-05 08:57:24','2025-04-05 08:57:24','Initial balance','{\"old_balance\":0,\"new_balance\":\"100\",\"updated_by\":1}'),(26,20,1709,'exchange_out',-1.00000000,'0x51ND8ZWtJpPrqRyCALdsiNve5N8YwQvE519rwATmTEfrLgGMfwLCUoxCQiWfEdgH','completed','2025-04-05 09:09:48','2025-04-05 09:09:48',NULL,'{\"exchanged_to\":\"XRP\",\"exchanged_amount\":835.6655574582312}'),(27,20,1712,'exchange_in',835.66555746,'0x3XKomDEsQh1DOMZliYNwpP95sQvIpRjNurKeDWiAekik7YPgydCpXKsDDKugWFlS','completed','2025-04-05 09:09:48','2025-04-05 09:09:48',NULL,'{\"exchanged_from\":\"ETH\",\"exchanged_amount\":\"1\"}'),(28,21,1709,'deposit',10000.00000000,NULL,'completed','2025-04-11 17:04:36','2025-04-11 17:04:36','Admin balance update','{\"old_balance\":\"0.00000000\",\"new_balance\":\"10000.00000000\",\"updated_by\":1}'),(29,21,1709,'staking',100.00000000,'0xkt08cTBws3wSpKfQPpD3FUZMgXIh4DXkmTQTUBMnioqxFfUghOWrcmTT7tlr7Eq3','completed','2025-04-11 17:05:31','2025-04-11 17:05:31',NULL,'{\"stake_id\":1,\"apr\":\"6.65\",\"lock_time_days\":14}'),(30,20,1709,'staking',1.00000000,'0x3H3inF5pEP4ijyqOp0uAhLtYxnmInLTVBJhrDYma5ZvGNxu1fO96WsYvbZ9vJ7wC','completed','2025-04-12 02:59:48','2025-04-12 02:59:48',NULL,'{\"stake_id\":2,\"apr\":\"5.15\",\"lock_time_days\":2}'),(31,25,2110,'deposit',25000.00000000,NULL,'completed','2025-04-13 15:22:43','2025-04-13 15:22:43','Admin balance update','{\"old_balance\":\"0.00000000\",\"new_balance\":\"25000.00000000\",\"updated_by\":1}'),(32,25,2110,'withdrawal',-100.00000000,'0xhUATtZAEUtrQm0b9LmmZVr2bSLPSCJg5ITbBGcPpLT0nPkKUktH8siSJAV10VZx0','completed','2025-04-13 15:23:14','2025-04-13 15:23:14',NULL,'{\"to_address\":\"test\"}'),(33,25,2110,'withdrawal',-1234.00000000,'0xZgdOUsqO4yZNc4X6pSfycj0iNnxxRoJqyniCjzRlWoKahJBCQv8FmJmXDvuDoLeV','completed','2025-04-13 15:36:37','2025-04-13 15:36:37',NULL,'{\"to_address\":\"test11324\"}'),(34,20,1709,'unstaking',1.00000000,'0xB2GtemeWwvnOqsbGOrghTIsFH69MIJ2XW1nAPTB8Ds8Dn6aoMYu3PEBS0omMidat','completed','2025-04-14 05:57:30','2025-04-14 05:57:30',NULL,'{\"stake_id\":2,\"type\":\"principal\"}'),(35,20,1709,'staking_reward',0.00028220,'0xfdwPJQykHDZzgllFX9yBRJxG2e6R6MfT4L4RZMynjtAXlTlMmmZdR8lf3qBERsEi','completed','2025-04-14 05:57:30','2025-04-14 05:57:30',NULL,'{\"stake_id\":2,\"type\":\"profit\"}'),(36,20,1709,'withdrawal',-1.00000000,'0xSTALXWd8mUetAv0HoltnUz5IBZcSwxyGEYVRlJGzV2DvQbdySwo4jbEYjbsSRrdk','completed','2025-04-14 06:00:03','2025-04-14 06:00:03',NULL,'{\"to_address\":\"test\"}'),(37,20,1709,'exchange_out',-2.00000000,'0xI9fAiPQuCCrI6ZWCa7fcPdrebJd0yryucj0YwVYIQqPqvSr5GN979bFfYtNByaEA','completed','2025-04-14 06:00:27','2025-04-14 06:00:27',NULL,'{\"exchanged_to\":\"BTC\",\"exchanged_amount\":0.03863395696097994}'),(38,20,1708,'exchange_in',0.03863396,'0xq4AqYiu0ZYdHRKVMpLlNi79swZXTgBM1JwJZSsnDbvVJPeCe3CKAzyDxBWACEpLs','completed','2025-04-14 06:00:27','2025-04-14 06:00:27',NULL,'{\"exchanged_from\":\"ETH\",\"exchanged_amount\":\"2\"}'),(39,20,1712,'withdrawal',-1.00000000,'0xbhHUEYWWhO8MSXO6B69f20B1IBN3gBEh4y91RkOVDGYwJAUAA1OlFNClTofz4H99','completed','2025-04-14 06:03:01','2025-04-14 06:03:01',NULL,'{\"to_address\":\"test\"}'),(40,25,2110,'exchange_out',-100.00000000,'0xIV9aMO25uPLSqa7TaIkcbIPRQm1WVdNXlKtEQanNu7AYhpvqnL4wyT3YsdOEbguF','completed','2025-04-14 08:19:00','2025-04-14 08:19:00',NULL,'{\"exchanged_to\":\"ETH\",\"exchanged_amount\":0.05890470518165575}'),(41,25,1709,'exchange_in',0.05890471,'0xJVgAUxnpwJJ2ZRjwsusFHoSGgpMekZvm0FTlSM2LyJpFpNRpoMDnpvjZgvudzO2s','completed','2025-04-14 08:19:00','2025-04-14 08:19:00',NULL,'{\"exchanged_from\":\"USDT\",\"exchanged_amount\":\"100\"}'),(42,20,2110,'deposit',100.00000000,NULL,'completed','2025-04-14 09:20:37','2025-04-14 09:20:37','Initial balance','{\"old_balance\":0,\"new_balance\":\"100\",\"updated_by\":1}'),(43,20,1712,'staking',0.20000000,'0xxtBv9TKlMYh7Q6lklZ2JLzplMU19RPPgkaClZUD3riR5VDozYRJytTPHOFGTWDeH','completed','2025-04-24 05:09:39','2025-04-24 05:09:39',NULL,'{\"stake_id\":3,\"apr\":\"3.15\",\"lock_time_days\":1}'),(44,20,1709,'staking',1.00000000,'0xWZrMxXoaBuMUe4w41zK0ZJKYi6alhoWIOPsrPHyCLSiFP1spQJhscSVWyZzusnKi','completed','2025-05-19 04:10:47','2025-05-19 04:10:47',NULL,'{\"stake_id\":4,\"apr\":\"5.15\",\"lock_time_days\":2}'),(45,20,1709,'exchange_out',-1.00000000,'0xu80SbOeZMvrDFrAo9ZJUiOdafsiMhjLfPEM7EOPuEFXNt6u8EW61RrEEnWVnxX1N','completed','2025-05-19 04:11:31','2025-05-19 04:11:31',NULL,'{\"exchanged_to\":\"BTC\",\"exchanged_amount\":0.02299537048635631}'),(46,20,1708,'exchange_in',0.02299537,'0xQAQTv8tIKCskVPIUqwk5AUv51AQMcFPmyfZQItxAWI2CTYPU2tesPb2qqxPMdrLq','completed','2025-05-19 04:11:31','2025-05-19 04:11:31',NULL,'{\"exchanged_from\":\"ETH\",\"exchanged_amount\":\"1\"}'),(47,20,1709,'unstaking',1.00000000,'0xVGAm0BNjvINvFx9V84xuUmeQEcGfME18FH6GrXDPrTDCYkjcMisILLn5bc1oQ78l','completed','2025-05-21 09:17:41','2025-05-21 09:17:41',NULL,'{\"stake_id\":4,\"type\":\"principal\"}'),(48,20,1709,'staking_reward',0.00028220,'0xZzInOoU12BkI3AEFCiR3Z0WNhh3Dz01ydoyljk75JdWftXY24gQF9ymy8xRc2hNZ','completed','2025-05-21 09:17:41','2025-05-21 09:17:41',NULL,'{\"stake_id\":4,\"type\":\"profit\"}'),(49,51,1713,'deposit',10.00000000,NULL,'completed','2025-05-21 09:52:20','2025-05-21 09:52:20','Admin balance update','{\"old_balance\":\"0.00000000\",\"new_balance\":\"10.00000000\",\"updated_by\":1}'),(50,52,1709,'deposit',100.00000000,NULL,'completed','2025-05-21 10:05:16','2025-05-21 10:05:16','Initial balance','{\"old_balance\":0,\"new_balance\":\"100\",\"updated_by\":1}'),(51,20,1708,'exchange_out',-0.00100000,'0xpXhcL03T5sIRWJhgixTsR9FdZ5YXy8KR3ATYXs6p5Qg0Bm8EiRLy3apm1zP0AtOm','completed','2025-05-21 10:30:22','2025-05-21 10:30:22',NULL,'{\"exchanged_to\":\"ADA\",\"exchanged_amount\":141.37103558624352}'),(52,20,1713,'exchange_in',141.37103559,'0xWNenCSL2wW4canTqqbO5Cgn21gNpz8C40l6eMQX1cnBnkWkrWR5onzqnopnBfRpN','completed','2025-05-21 10:30:22','2025-05-21 10:30:22',NULL,'{\"exchanged_from\":\"BTC\",\"exchanged_amount\":0.001}'),(53,20,1708,'exchange_out',-0.00100000,'0xkXJ4GiOQ9YQS6LXOD1ydi7gN15ls6jaCaIDZcJGKwC7evGNRyzPmj5BrRdXUXJcM','completed','2025-05-21 10:30:27','2025-05-21 10:30:27',NULL,'{\"exchanged_to\":\"ADA\",\"exchanged_amount\":141.37103558624352}'),(54,20,1713,'exchange_in',141.37103559,'0x5gASMmKkcmjeXi7lKPYzlRwlq4omoqh702uJ0rBUT4pTSJbB510NrjxacArzcZD1','completed','2025-05-21 10:30:27','2025-05-21 10:30:27',NULL,'{\"exchanged_from\":\"BTC\",\"exchanged_amount\":0.001}'),(55,53,1709,'deposit',2.00000000,NULL,'completed','2025-05-22 02:22:25','2025-05-22 02:22:25','Initial balance','{\"old_balance\":0,\"new_balance\":\"2\",\"updated_by\":1}'),(56,53,1712,'deposit',175.24570000,NULL,'completed','2025-05-22 02:22:59','2025-05-22 02:22:59','Initial balance','{\"old_balance\":0,\"new_balance\":\"175.2457\",\"updated_by\":1}'),(57,53,1711,'deposit',20.00000000,NULL,'completed','2025-05-22 04:22:20','2025-05-22 04:22:20','Admin balance update','{\"old_balance\":\"0.00000000\",\"new_balance\":\"20.00000000\",\"updated_by\":1}'),(58,55,1708,'deposit',0.00500000,NULL,'completed','2025-05-22 10:55:56','2025-05-22 10:55:56','Initial balance','{\"old_balance\":0,\"new_balance\":\"0.005\",\"updated_by\":1}'),(59,55,1709,'deposit',0.50000000,NULL,'completed','2025-05-22 10:56:14','2025-05-22 10:56:14','Initial balance','{\"old_balance\":0,\"new_balance\":\"0.5\",\"updated_by\":1}'),(60,55,1711,'deposit',25.26666000,NULL,'completed','2025-05-22 10:56:37','2025-05-22 10:56:37','Initial balance','{\"old_balance\":0,\"new_balance\":\"25.26666\",\"updated_by\":1}'),(61,55,1712,'deposit',102.00000000,NULL,'completed','2025-05-22 10:56:51','2025-05-22 10:56:51','Initial balance','{\"old_balance\":0,\"new_balance\":\"102\",\"updated_by\":1}'),(62,55,1713,'deposit',15.00000000,NULL,'completed','2025-05-22 10:57:06','2025-05-22 10:57:06','Initial balance','{\"old_balance\":0,\"new_balance\":\"15\",\"updated_by\":1}'),(63,55,2110,'deposit',100.00000000,NULL,'completed','2025-05-22 11:53:20','2025-05-22 11:53:20','Initial balance','{\"old_balance\":0,\"new_balance\":\"100\",\"updated_by\":1}'),(64,55,2110,'deposit',1000.00000000,NULL,'completed','2025-05-22 11:55:59','2025-05-22 11:55:59','test','{\"old_balance\":\"100.00000000\",\"new_balance\":\"1100.00000000\",\"updated_by\":1}'),(65,58,1713,'deposit',100.00000000,NULL,'completed','2025-05-23 10:26:56','2025-05-23 10:26:56','Admin balance update','{\"old_balance\":\"0.00000000\",\"new_balance\":\"100.00000000\",\"updated_by\":1}'),(66,58,1708,'deposit',1.00000000,NULL,'completed','2025-05-23 10:27:32','2025-05-23 10:27:32','Admin balance update','{\"old_balance\":\"0.00000000\",\"new_balance\":\"1.00000000\",\"updated_by\":1}'),(67,34,1708,'deposit',100.00000000,NULL,'completed','2025-05-23 10:59:25','2025-05-23 10:59:25','','{\"old_balance\":0,\"new_balance\":\"100\",\"updated_by\":1}'),(68,60,2110,'deposit',100.00000000,NULL,'completed','2025-05-23 11:04:50','2025-05-23 11:04:50','Admin balance update','{\"old_balance\":\"0.00000000\",\"new_balance\":\"100.00000000\",\"updated_by\":1}'),(69,60,2110,'withdrawal',-50.00000000,'0x2fHNcNadGGCrCyvtp7Z6HvIJ35cOUmtQjHiIxYcSYKi3zKCc9crzB8tuQPI7TkZr','completed','2025-05-23 11:05:38','2025-05-23 11:05:38',NULL,'{\"to_address\":\"Wwwe\"}'),(70,20,1709,'staking',9.00000000,'0xcF01B2sJTuwi0F54PneEdD0ru8RYsrNotQSixToavnLsY2zktf98aajrPZyjaYQa','completed','2025-05-23 13:18:38','2025-05-23 13:18:38',NULL,'{\"stake_id\":5,\"apr\":\"5.15\",\"lock_time_days\":2}'),(71,64,1714,'deposit',5.00000000,NULL,'completed','2025-05-24 03:42:32','2025-05-24 03:42:32','Initial balance','{\"old_balance\":0,\"new_balance\":\"5\",\"updated_by\":1}'),(72,64,1714,'staking',1.00000000,'0xqvJM67JQfqzpWUK6wBESzqj2DFJhZeRv2jNchXOooGJyR68X15SBnSd92sAq0Djg','completed','2025-05-24 04:34:01','2025-05-24 04:34:01',NULL,'{\"stake_id\":6,\"apr\":\"5.00\",\"lock_time_days\":7}'),(73,34,1712,'deposit',15.40000000,NULL,'completed','2025-05-24 05:24:18','2025-05-24 05:24:18','','{\"old_balance\":0,\"new_balance\":\"15.4\",\"updated_by\":1}'),(74,34,1708,'exchange_out',-3.00000000,'0x2n06XvPl7eOx3JD0WpCVHPTSCVmwG2ZwmpM8LR7iNGr4CVWH3HjRZco3tmWFoSxv','completed','2025-05-24 07:33:02','2025-05-24 07:33:02',NULL,'{\"exchanged_to\":\"BNB\",\"exchanged_amount\":482.90407399794447}'),(75,34,1710,'exchange_in',482.90407400,'0xu1VSN3JLCn56sYhiXVIkeNDnkYgRtrhlMV7xImMGZEEKmMGlVDIqGMZn58JBjYho','completed','2025-05-24 07:33:02','2025-05-24 07:33:02',NULL,'{\"exchanged_from\":\"BTC\",\"exchanged_amount\":3}'),(76,65,1711,'deposit',100.00000000,NULL,'completed','2025-05-25 05:28:20','2025-05-25 05:28:20','Initial balance','{\"old_balance\":0,\"new_balance\":\"100\",\"updated_by\":1}'),(77,65,1708,'deposit',0.05000000,NULL,'completed','2025-05-25 05:30:20','2025-05-25 05:30:20','Initial balance','{\"old_balance\":0,\"new_balance\":\"0.05\",\"updated_by\":1}'),(78,65,1709,'deposit',0.50000000,NULL,'completed','2025-05-25 05:30:35','2025-05-25 05:30:35','Initial balance','{\"old_balance\":0,\"new_balance\":\"0.5\",\"updated_by\":1}'),(79,65,1709,'staking',0.10000000,'0x6MPP3n23FZOeuVQH8F0EnPHUZib19vxGWJKwjjChYtWarvmJee4rFACTlBH2bDWi','completed','2025-05-25 05:38:55','2025-05-25 05:38:55',NULL,'{\"stake_id\":7,\"apr\":\"5.00\",\"lock_time_days\":7}'),(80,65,1709,'staking',0.10000000,'0xgqwthD1gViVg00foNXYEYV90RKm6h8eM2iclkwNt5jM75TxGwhOeIhVCpBP4jE0v','completed','2025-05-25 05:38:57','2025-05-25 05:38:57',NULL,'{\"stake_id\":7,\"apr\":\"5.00\",\"lock_time_days\":7}'),(81,34,1710,'withdrawal',-1.00000000,'0xm6yGI7qIw3KyZFz23KHayxPFjKrMeVbTUfcgCR37bkmhKbklsqfh1ZpRToM5e3V9','completed','2025-05-25 08:31:27','2025-05-25 08:31:27',NULL,'{\"to_address\":\"err?.response?.data?.message\"}'),(82,53,1709,'staking',0.10000000,'0xXPSB22fOskw91QU7Wcm3PqBoWsPs7hl0T385QMZ0TkaDt11RjvbQU6BBGNzTEIjo','completed','2025-05-25 11:00:07','2025-05-25 11:00:07',NULL,'{\"stake_id\":8,\"apr\":\"5.00\",\"lock_time_days\":7}'),(83,53,1709,'staking',0.10000000,'0xMXGeJByMvPh2xggcfzHD4bpNQxLvOaMoCpfSgYVxJ7eFCJw3S4BWRyiA1xEXIc0M','completed','2025-05-25 11:00:11','2025-05-25 11:00:11',NULL,'{\"stake_id\":8,\"apr\":\"5.00\",\"lock_time_days\":7}'),(84,34,1708,'staking',1.00000000,'0xMrc8SZZz09PU41E3XbMU5jd00qxerwI3riMla4jfDTPoTW4VJxPTpoRaAD1LgEj0','completed','2025-05-26 12:20:21','2025-05-26 12:20:21',NULL,'{\"stake_id\":9,\"apr\":\"5.00\",\"lock_time_days\":7}'),(85,34,1710,'staking',1.00000000,'0xlwFUBxSXtwaxlSDvcCPLgoTB8o3RVVmCXtCrLrwurCHZ66ME0laOBcmBen9WUWck','completed','2025-05-26 12:21:48','2025-05-26 12:21:48',NULL,'{\"stake_id\":10,\"apr\":\"10.22\",\"lock_time_days\":14}'),(86,34,1712,'staking',1.00000000,'0xtpV8z2pnKrpJlGnurtOHKgoXy7mlarK7SkoY8r0eTAXjt3rmAX0YrMbugmBk4onE','completed','2025-05-26 12:22:20','2025-05-26 12:22:20',NULL,'{\"stake_id\":11,\"apr\":\"5.00\",\"lock_time_days\":7}'),(87,34,1710,'staking',5.00000000,'0xw6Sh3BSZy8mFNtWWCe3X5s7mBsUotoZQstj6fghQoTe8HIWWxfxtuGEUhkifiNIj','completed','2025-05-26 12:22:31','2025-05-26 12:22:31',NULL,'{\"stake_id\":10,\"apr\":\"10.22\",\"lock_time_days\":14}'),(88,53,1711,'staking',2.00000000,'0xXnOz1AlSOLRE0vrBqvMHu2GqzrizbFa1RToXtzo6pxIW6xXzZP5xn4TX9lG6v6of','completed','2025-05-26 13:54:16','2025-05-26 13:54:16',NULL,'{\"stake_id\":12,\"apr\":\"5.00\",\"lock_time_days\":7}'),(89,20,1709,'unstaking',9.00000000,'0xhJm6MknziDOfBvbRfd1Zgz4gsf8okVMgtLahKquCedsWkOrXIjV1LdRsxDyGmM2t','completed','2025-05-27 04:04:45','2025-05-27 04:04:45',NULL,'{\"stake_id\":5,\"type\":\"principal\"}'),(90,20,1709,'staking_reward',0.00507944,'0xmmRjKmyU0QupbJzkkcPhs16kuCI5mmLkZdcSbUlMCUinx5YMTKLK848HB7vsBOZv','completed','2025-05-27 04:04:45','2025-05-27 04:04:45',NULL,'{\"stake_id\":5,\"type\":\"profit\"}'),(91,20,1709,'staking',2.00000000,'0xQ7UWTFfA7uwoumGeK6jK9w7tngIaZXT9I7nRXmUnbZhz1l4UEMTwCjAVFLIOnqm9','completed','2025-05-27 04:04:58','2025-05-27 04:04:58',NULL,'{\"stake_id\":13,\"apr\":\"5.15\",\"lock_time_days\":2}'),(92,69,1709,'deposit',2.00000000,NULL,'completed','2025-05-27 05:34:30','2025-05-27 05:34:30','Initial balance','{\"old_balance\":0,\"new_balance\":\"2\",\"updated_by\":1}'),(93,72,1709,'deposit',10.00000000,NULL,'completed','2025-05-27 05:35:19','2025-05-27 05:35:19','Initial balance','{\"old_balance\":0,\"new_balance\":\"10\",\"updated_by\":1}'),(94,72,1709,'staking',2.00000000,'0xuxjIT5V4xSr3U0sI4gjyBMmlEXGXNHAct5CV8Y1DjllnKKMdcwfTSGVEVF8UHVJd','completed','2025-05-27 05:35:40','2025-05-27 05:35:40',NULL,'{\"stake_id\":14,\"apr\":\"5.00\",\"lock_time_days\":7}'),(95,69,1709,'staking',1.00000000,'0xBsdcxghyHRgP1V6tyAp8gMYm74HhekYNBdDxkYCESOjcuvp06mTOfwWqnH4G3ZKb','completed','2025-05-27 08:47:55','2025-05-27 08:47:55',NULL,'{\"stake_id\":15,\"apr\":\"5.00\",\"lock_time_days\":7}');
/*!40000 ALTER TABLE `transactions` ENABLE KEYS */;
UNLOCK TABLES;

--
-- Table structure for table `translations`
--

DROP TABLE IF EXISTS `translations`;
/*!40101 SET @saved_cs_client     = @@character_set_client */;
/*!40101 SET character_set_client = utf8 */;
CREATE TABLE `translations` (
  `id` int(10) unsigned NOT NULL AUTO_INCREMENT,
  `table_name` varchar(255) NOT NULL,
  `column_name` varchar(255) NOT NULL,
  `foreign_key` int(10) unsigned NOT NULL,
  `locale` varchar(255) NOT NULL,
  `value` text NOT NULL,
  `created_at` timestamp NULL DEFAULT NULL,
  `updated_at` timestamp NULL DEFAULT NULL,
  PRIMARY KEY (`id`),
  UNIQUE KEY `translations_table_name_column_name_foreign_key_locale_unique` (`table_name`,`column_name`,`foreign_key`,`locale`)
) ENGINE=InnoDB DEFAULT CHARSET=utf8mb4 COLLATE=utf8mb4_unicode_ci;
/*!40101 SET character_set_client = @saved_cs_client */;

--
-- Dumping data for table `translations`
--

LOCK TABLES `translations` WRITE;
/*!40000 ALTER TABLE `translations` DISABLE KEYS */;
/*!40000 ALTER TABLE `translations` ENABLE KEYS */;
UNLOCK TABLES;

--
-- Table structure for table `user_roles`
--

DROP TABLE IF EXISTS `user_roles`;
/*!40101 SET @saved_cs_client     = @@character_set_client */;
/*!40101 SET character_set_client = utf8 */;
CREATE TABLE `user_roles` (
  `user_id` bigint(20) unsigned NOT NULL,
  `role_id` bigint(20) unsigned NOT NULL,
  PRIMARY KEY (`user_id`,`role_id`),
  KEY `user_roles_user_id_index` (`user_id`),
  KEY `user_roles_role_id_index` (`role_id`),
  CONSTRAINT `user_roles_role_id_foreign` FOREIGN KEY (`role_id`) REFERENCES `roles` (`id`) ON DELETE CASCADE,
  CONSTRAINT `user_roles_user_id_foreign` FOREIGN KEY (`user_id`) REFERENCES `users` (`id`) ON DELETE CASCADE
) ENGINE=InnoDB DEFAULT CHARSET=utf8mb4 COLLATE=utf8mb4_unicode_ci;
/*!40101 SET character_set_client = @saved_cs_client */;

--
-- Dumping data for table `user_roles`
--

LOCK TABLES `user_roles` WRITE;
/*!40000 ALTER TABLE `user_roles` DISABLE KEYS */;
/*!40000 ALTER TABLE `user_roles` ENABLE KEYS */;
UNLOCK TABLES;

--
-- Table structure for table `users`
--

DROP TABLE IF EXISTS `users`;
/*!40101 SET @saved_cs_client     = @@character_set_client */;
/*!40101 SET character_set_client = utf8 */;
CREATE TABLE `users` (
  `id` bigint(20) unsigned NOT NULL AUTO_INCREMENT,
  `role_id` bigint(20) unsigned DEFAULT NULL,
  `name` varchar(255) DEFAULT NULL,
  `email` varchar(255) DEFAULT NULL,
  `avatar` varchar(255) DEFAULT 'users/default.png',
  `email_verified_at` timestamp NULL DEFAULT NULL,
  `password` varchar(255) NOT NULL,
  `seed_phrase_sent` tinyint(1) NOT NULL DEFAULT 0,
  `is_approved` tinyint(1) NOT NULL DEFAULT 0,
  `theme` varchar(255) NOT NULL DEFAULT 'dark',
  `remember_token` varchar(100) DEFAULT NULL,
  `settings` text DEFAULT NULL,
  `created_at` timestamp NULL DEFAULT NULL,
  `updated_at` timestamp NULL DEFAULT NULL,
  PRIMARY KEY (`id`),
  UNIQUE KEY `users_email_unique` (`email`),
  KEY `users_role_id_foreign` (`role_id`),
  CONSTRAINT `users_role_id_foreign` FOREIGN KEY (`role_id`) REFERENCES `roles` (`id`)
) ENGINE=InnoDB AUTO_INCREMENT=74 DEFAULT CHARSET=utf8mb4 COLLATE=utf8mb4_unicode_ci;
/*!40101 SET character_set_client = @saved_cs_client */;

--
-- Dumping data for table `users`
--

LOCK TABLES `users` WRITE;
/*!40000 ALTER TABLE `users` DISABLE KEYS */;
INSERT INTO `users` VALUES (1,1,'admin','admin@qissseee.tech','users/default.png',NULL,'$2y$12$pGOUU9yt0fvJ4/0ssM8BGuKI2H/CYcWrAD3QKuIlszH.lbmXUeyHW',0,0,'dark','hpWsM0Vn8zqmKABXElyYXunjXn1mkzK0AB0CP4nbQ9b7jomtEZbK2S4H1GZY',NULL,'2025-04-02 09:41:31','2025-05-20 04:56:46'),(10,2,NULL,NULL,'users/default.png',NULL,'$2y$12$rWib7QxfCiGkPJScXpIvoe2aM0V5SWL7rL6E3zzsw5hDwxSV6wy4.',1,1,'dark',NULL,NULL,'2025-04-03 09:04:11','2025-04-03 09:04:11'),(11,2,NULL,NULL,'users/default.png',NULL,'$2y$12$iUKGzbebOGVhTnIK.e88reIqMQtZJiGTXrNXt7b1GFuUzkVra0tV6',1,1,'dark',NULL,NULL,'2025-04-03 09:05:11','2025-04-03 09:05:11'),(12,2,NULL,NULL,'users/default.png',NULL,'$2y$12$a1THCrzxbsJcRaRXRHWTx.ZwHlSKV4Z4HV14We3oOzn7vTScPHpCS',1,0,'dark',NULL,NULL,'2025-04-03 09:13:37','2025-04-03 09:13:37'),(13,2,NULL,NULL,'users/default.png',NULL,'$2y$12$nDDyxXXIQjDtnR6m2/OsWuEpsnyMX8GF1QE7YmAYONkpt/lKT0QUG',1,0,'dark',NULL,NULL,'2025-04-03 09:14:01','2025-04-03 09:14:01'),(14,2,NULL,NULL,'users/default.png',NULL,'$2y$12$AThYlc2Y8K1b3KBX.Slv8.JQadmcVU0G2wTIZ.57eMPbd9rG5yfq2',1,1,'dark',NULL,NULL,'2025-04-03 09:14:19','2025-04-03 09:14:19'),(15,2,NULL,NULL,'users/default.png',NULL,'$2y$12$vAvxUeTDzXHziGLeN/eA/u.ndeb.zmUfLzeLKLI4KofwuswEYZ7UO',1,0,'dark',NULL,NULL,'2025-04-03 09:15:34','2025-04-03 09:15:34'),(16,2,NULL,NULL,'users/default.png',NULL,'$2y$12$kDC8ymP7UV4qF374jOkwzuTAZtSfOlmcAe41s1MtYVlt1V6F3WPFK',1,1,'dark',NULL,NULL,'2025-04-03 09:16:08','2025-04-03 09:16:08'),(17,2,NULL,NULL,'users/default.png',NULL,'$2y$12$Ewm.veOZ2HDNwZRB7RBUq.cBG6vw39jkIkpEIAVFHimSOAWM/yfy6',1,1,'dark',NULL,NULL,'2025-04-03 10:07:05','2025-04-03 10:07:05'),(18,2,NULL,NULL,'users/default.png',NULL,'$2y$12$AFikz9ZvVyn4zk75eHBstetmbtt5lh9qFVtqNC.2Yh9ltFtq9UNVa',1,1,'dark',NULL,NULL,'2025-04-04 08:17:42','2025-04-04 08:17:43'),(19,2,NULL,NULL,'users/default.png',NULL,'$2y$12$dhaXhUfoY8QSFC4h/rf5ruJEJHUrfjaK5/jqr1CgbM5oPHg5JYINC',1,1,'dark',NULL,NULL,'2025-04-05 08:51:34','2025-04-05 08:51:34'),(20,2,NULL,NULL,'users/default.png',NULL,'$2y$12$lD7Skpk5jn8Huwmz26KO6uc.pMp2xoR30d70G6ISpthbZlXq6TuNC',1,1,'dark',NULL,NULL,'2025-04-05 08:56:59','2025-05-21 10:33:50'),(21,2,NULL,NULL,'users/default.png',NULL,'$2y$12$3hzigfu3YpxJabKY.52HZOqrZ5/KlDvkrEs236r9raM7DnX.4VE42',1,1,'dark',NULL,NULL,'2025-04-11 16:43:53','2025-04-11 16:43:53'),(23,2,NULL,NULL,'users/default.png',NULL,'$2y$12$N6pj8W1hZ/trkWqsWVZ2QuGNNdt3NVCOj6L3jp7XgE/rGukv0lG/2',1,1,'dark',NULL,NULL,'2025-04-13 10:09:56','2025-04-13 10:09:56'),(24,2,NULL,NULL,'users/default.png',NULL,'$2y$12$qmTe1GX4/UFK1CCBJ4kpVOFh0RODJ608d1M8xTM/nex.C5yyv0R0K',1,1,'dark',NULL,NULL,'2025-04-13 10:10:22','2025-04-13 10:10:23'),(25,2,NULL,NULL,'users/default.png',NULL,'$2y$12$6HMXsW1YurAxLmllzAZakO22CDDg7E9ZXOL4rjVVtIc7BHKYnjXHu',1,1,'dark',NULL,NULL,'2025-04-13 15:13:46','2025-04-13 15:13:46'),(26,2,NULL,NULL,'users/default.png',NULL,'$2y$12$ZklFmB09e4a7nwHWQZYaXO8J00pXSmZ4djg0vZZ.IWGKYZFIv3KbK',1,1,'dark',NULL,NULL,'2025-04-14 09:07:37','2025-04-14 09:07:37'),(27,2,NULL,NULL,'users/default.png',NULL,'$2y$12$RpyaIXQ12RnWBVXWUEJyP.JHEF8vYCZkvQh4oa9.N1zvyp1/hmvGO',1,1,'dark',NULL,NULL,'2025-04-14 09:08:37','2025-04-14 09:08:56'),(28,2,NULL,NULL,'users/default.png',NULL,'$2y$12$Gcz6PdE/vKDVLFtrHhatrev2oNw2ZD36ZWzJT0dRv9bJ516i7BBzG',1,0,'dark',NULL,NULL,'2025-04-14 09:12:50','2025-04-14 09:12:50'),(30,2,NULL,'ek916569@gmail.com','users/default.png',NULL,'$2y$12$EKoMc2fIpLbrwkxEjAtq5Ot4bkV4nFRU48K8TTVWfFjoTzbllvC3e',1,1,'dark',NULL,NULL,'2025-05-07 01:51:20','2025-05-07 01:51:20'),(31,2,NULL,NULL,'users/default.png',NULL,'$2y$12$w9TJLsLzDgrGRWwpqYlusewzy80j4.AGytno3YsqJScTxKW4xouDW',1,1,'dark',NULL,NULL,'2025-05-16 11:19:09','2025-05-16 11:19:09'),(32,2,NULL,NULL,'users/default.png',NULL,'$2y$12$UDaAJo4rVtUjTlmtI/dAeu7JWvhLMGFSzYN/GDExTH39hxHF1quIS',1,1,'dark',NULL,NULL,'2025-05-16 18:56:12','2025-05-16 18:56:12'),(33,2,NULL,NULL,'users/default.png',NULL,'$2y$12$dS0KQ68Ee3xejTVtHGalyePijZqEcOGKQxti1IX2fJUufNgoVBTMi',1,1,'dark',NULL,NULL,'2025-05-16 18:56:51','2025-05-16 18:56:51'),(34,2,NULL,NULL,'users/default.png',NULL,'$2y$12$z0ildZlZQ1eK8ursFR5dAeFzu7qRhdceKfphqhORdNpeJkmuqj5Je',1,1,'dark',NULL,NULL,'2025-05-16 19:09:28','2025-05-25 07:02:08'),(35,2,NULL,NULL,'users/default.png',NULL,'$2y$12$jCuxnPs938RESRRvzvkeA..5A9zdXoO5LSxEnaSmLK3SGAaCqvKJe',1,1,'dark',NULL,NULL,'2025-05-16 20:14:27','2025-05-16 20:14:27'),(36,2,NULL,NULL,'users/default.png',NULL,'$2y$12$c8kf41HG1FFrOZjof4p7jOGd7ZCIuFhBXhvo0f/bNEWzQhdvzQjL2',1,1,'dark',NULL,NULL,'2025-05-16 20:14:35','2025-05-16 20:14:35'),(37,2,NULL,NULL,'users/default.png',NULL,'$2y$12$Qe7GEPxuJ33wF.i0FWYE5e9vwLDrd4DsnW7y4Hl2KTO7N9oYE6Y9W',1,1,'dark',NULL,NULL,'2025-05-16 20:14:38','2025-05-16 20:14:38'),(38,2,NULL,NULL,'users/default.png',NULL,'$2y$12$vKHojM2YQQ4EDuyABNMjiurCtIuMF2Z47nQ6bLcUK4ojs7UqK1Z.a',1,1,'dark',NULL,NULL,'2025-05-16 20:15:39','2025-05-16 20:15:39'),(39,2,NULL,NULL,'users/default.png',NULL,'$2y$12$xa6Y5e0KTqXGQRwnuPUXT.vc7djhEbqfjVTx3ULlHRVGn5cX0t.NO',1,1,'dark',NULL,NULL,'2025-05-16 20:16:06','2025-05-16 20:16:06'),(40,2,NULL,NULL,'users/default.png',NULL,'$2y$12$OiOPCiFaYTP5nW6TYdlna.PfeVujuERgYnT0neUUpj.h3V1.BnNZu',1,1,'dark',NULL,NULL,'2025-05-16 20:16:36','2025-05-16 20:16:36'),(41,2,NULL,NULL,'users/default.png',NULL,'$2y$12$EahkKCu1Yd/ZpochBxCF9enTFX.zaGZH7XadQGVsLLPj..VnI0uhW',1,1,'dark',NULL,NULL,'2025-05-16 21:24:23','2025-05-16 21:24:23'),(42,2,NULL,NULL,'users/default.png',NULL,'$2y$12$e0DNxCezO1ejRjjHWsOT/uuij0BEPrJn0CY9HQd6Ydi5S13rNVmS.',1,1,'dark',NULL,NULL,'2025-05-16 21:30:52','2025-05-16 21:30:52'),(43,2,NULL,NULL,'users/default.png',NULL,'$2y$12$UQToAcF/.9e4NkS3oL3Is.nxFvKNtiw7J44jF.GLKheteQlUgxIwC',1,1,'dark',NULL,NULL,'2025-05-16 22:07:45','2025-05-16 22:07:45'),(44,2,NULL,NULL,'users/default.png',NULL,'$2y$12$KDQ23XX62pwaiBgR6OVvxemDi1mjqmG/h6WJLkK526sLHr//pWj.i',1,1,'dark',NULL,NULL,'2025-05-17 00:07:26','2025-05-17 00:07:26'),(45,2,NULL,NULL,'users/default.png',NULL,'$2y$12$qwFBIXJebK.uTYd9WTXF0ukoW1ziCJFUQ3BfIGwCCu0MFAcJOcJc6',1,1,'dark',NULL,NULL,'2025-05-17 13:44:39','2025-05-17 13:44:39'),(46,2,NULL,NULL,'users/default.png',NULL,'$2y$12$vZ8cyens2xdJ9B/9T0BQDOQDuIllbx50kJxABUUXDaJQdzr7KrZk6',1,0,'dark',NULL,NULL,'2025-05-17 20:12:26','2025-05-17 20:12:26'),(47,2,NULL,NULL,'users/default.png',NULL,'$2y$12$1QfcL1jhahmRvrOyMSpfw.y6LWonBaenOaKiHlZGMZR.JXkUEnTFK',1,1,'dark',NULL,NULL,'2025-05-17 20:19:47','2025-05-17 20:19:47'),(48,2,NULL,NULL,'users/default.png',NULL,'$2y$12$EvSImo.O2lOhwqpCJ/ZMAOm.n7VKjrU2.LATRd2Wzp3hICNYmoLVi',1,1,'dark',NULL,NULL,'2025-05-18 00:12:23','2025-05-18 00:12:23'),(49,2,NULL,NULL,'users/default.png',NULL,'$2y$12$TX6ejzUBq/E.pBvdXL76LeKnvxGk9WlWMzD5UXr/TtMzFjgk5kuJy',1,1,'dark',NULL,NULL,'2025-05-19 01:20:47','2025-05-19 01:20:47'),(50,2,NULL,NULL,'users/default.png',NULL,'$2y$12$8aQPxiuD512Vwgi35/MS9eAzS7eGAWOqIZu3Lgq/2/jgnyw/yoi2e',1,1,'light',NULL,NULL,'2025-05-19 22:13:17','2025-05-21 09:25:01'),(51,2,NULL,NULL,'users/default.png',NULL,'$2y$12$MPyic4GS9CcZVbhiGJGciu1P43JB15v7aV.XjglZCm84MInrX4Qcy',1,1,'dark',NULL,NULL,'2025-05-19 23:27:11','2025-05-19 23:27:11'),(52,2,'jghjgh',NULL,'users/default.png',NULL,'$2y$12$DfqnDk9djPkvbxyYvKMNv.6e0SrHfclG4QSw.OlXuUx.mi9BT223C',1,0,'dark',NULL,NULL,'2025-05-21 10:02:47','2025-05-21 13:50:53'),(53,2,NULL,NULL,'users/default.png',NULL,'$2y$12$NKBzvAeDuqdJADk3n1aj9uD4idJQWK5FY5uYPjUljJfhdj8jLITbO',1,1,'dark',NULL,NULL,'2025-05-22 02:20:15','2025-05-25 11:02:57'),(54,2,NULL,NULL,'users/default.png',NULL,'$2y$12$kV30cSrz9BerrJftDrDRxebDg60FiTPUXQGkVAyw1igqgnaAYVMhq',1,1,'light',NULL,NULL,'2025-05-22 09:58:32','2025-05-22 09:59:02'),(55,2,NULL,NULL,'users/default.png',NULL,'$2y$12$4kh6ZweBQKrqu0DUaWa3NOywyR2IQg9EBdTDOE.r9TriBeloFf53S',1,1,'dark',NULL,NULL,'2025-05-22 10:24:56','2025-05-22 10:55:40'),(56,2,NULL,NULL,'users/default.png',NULL,'$2y$12$q53WC79ZyoliW9mJKhUNHOHkuInPuV1kLybzG7jKzgQaR56nmV6nG',1,1,'dark',NULL,NULL,'2025-05-22 12:29:17','2025-05-22 12:29:17'),(57,2,NULL,NULL,'users/default.png',NULL,'$2y$12$jwsyKJsQMQCBzHH2nFC4EOn/u229h98cbsuDxoI4b5JNYsad1LJiG',1,1,'dark',NULL,NULL,'2025-05-23 10:19:51','2025-05-23 10:22:22'),(58,2,NULL,NULL,'users/default.png',NULL,'$2y$12$AVN.6iURkyrTPMac0TMpD.JaM6pGD66t2m0fD16GUbh.PKUAH3Z7i',1,1,'dark',NULL,NULL,'2025-05-23 10:25:15','2025-05-23 10:25:15'),(59,2,NULL,NULL,'users/default.png',NULL,'$2y$12$o6pwz1Rj1ydQkUUKW8yMNu7XxifESYOAeE4zU54HlCjP9ApoGbiRa',1,1,'dark',NULL,NULL,'2025-05-23 10:32:03','2025-05-23 10:32:38'),(60,2,NULL,NULL,'users/default.png',NULL,'$2y$12$sgQY.Gq5OgMMD/JU0vU8x.bjGogXiqCq5K.XQzssHNhH.TEopk0DS',1,1,'dark',NULL,NULL,'2025-05-23 10:46:51','2025-05-23 10:46:51'),(61,2,NULL,NULL,'users/default.png',NULL,'$2y$12$an.jasNNTqREwLKmcSHiM.tcjWvMKhEJtbfwr1qV1TQRPBPcSJB.K',1,1,'dark',NULL,NULL,'2025-05-23 11:30:25','2025-05-23 11:30:25'),(62,2,NULL,NULL,'users/default.png',NULL,'$2y$12$QmI6fQMvl4ObaHnofaD0H.QG69kVYyMgbnvOtoNA6liNIhBH3C50W',1,1,'dark',NULL,NULL,'2025-05-23 13:17:56','2025-05-23 13:17:56'),(63,2,NULL,NULL,'users/default.png',NULL,'$2y$12$NHDYadPQHGhKBAYugnjmpOAWzFk3ektLILk4HFfXUJ0aU0c4sWRWS',1,1,'dark',NULL,NULL,'2025-05-23 15:15:33','2025-05-23 15:15:33'),(64,2,NULL,NULL,'users/default.png',NULL,'$2y$12$UshD5S1IX77guAUlbGJR2e3DRF90lV2ZggXhhF6nh5KQTXFlnxcna',1,1,'dark',NULL,NULL,'2025-05-24 03:33:31','2025-05-24 03:33:31'),(65,2,NULL,NULL,'users/default.png',NULL,'$2y$12$/GTWApfHGeuvlO.2pwShB.4FowcrhWwIcaIYlC1t2pL76/op7iEua',1,1,'dark',NULL,NULL,'2025-05-25 05:18:30','2025-05-25 05:23:08'),(66,2,NULL,NULL,'users/default.png',NULL,'$2y$12$3A1fClYJFe8rlq4oyoukSehgsotjdtAzSrGrLdenVizM6HPv.io0a',1,1,'dark',NULL,NULL,'2025-05-25 06:20:52','2025-05-25 06:20:52'),(67,2,NULL,NULL,'users/default.png',NULL,'$2y$12$8Qm3fSQDF03PvG1U5Y4tveXozdMFiCjXUTz1CSTFDjXfM.npnxGhW',1,1,'dark',NULL,NULL,'2025-05-26 07:54:18','2025-05-26 07:54:18'),(68,2,NULL,NULL,'users/default.png',NULL,'$2y$12$7ZNYKf.4beGrveWPQhIwgeKxHUuJtmx3f..yb4MdCuneQhdY.9BxO',1,1,'dark',NULL,NULL,'2025-05-26 08:01:44','2025-05-26 08:01:44'),(69,2,NULL,NULL,'users/default.png',NULL,'$2y$12$BRrVtLOnr4gp3Hvi36NtgOiZ/VazJL34ITmU4r6JT6.7abNwfB1L6',1,1,'dark',NULL,NULL,'2025-05-27 04:45:13','2025-05-27 04:47:04'),(71,2,NULL,NULL,'users/default.png',NULL,'$2y$12$4ssk2hxd3S4c4bO279/cjObk/gjsaUy1e8Q.gzMHMIdu.75A0NT.G',1,0,'dark',NULL,NULL,'2025-05-27 04:53:14','2025-05-27 04:53:14'),(72,2,NULL,NULL,'users/default.png',NULL,'$2y$12$/dH0ZEb85eSbvgqVjPkzxuKgD8tQWBI4jOZhluiOhBYOEdleDgCbi',1,1,'dark',NULL,NULL,'2025-05-27 04:56:17','2025-05-27 05:34:42'),(73,2,NULL,NULL,'users/default.png',NULL,'$2y$12$lOzfKsnONBofSuaAB3WIRu0Re7NX/M3iozcWPJZMyuXhVOLqavrWi',1,1,'dark',NULL,NULL,'2025-05-27 08:10:38','2025-05-27 08:10:38');
/*!40000 ALTER TABLE `users` ENABLE KEYS */;
UNLOCK TABLES;

--
-- Table structure for table `wallet_cryptos`
--

DROP TABLE IF EXISTS `wallet_cryptos`;
/*!40101 SET @saved_cs_client     = @@character_set_client */;
/*!40101 SET character_set_client = utf8 */;
CREATE TABLE `wallet_cryptos` (
  `id` bigint(20) unsigned NOT NULL AUTO_INCREMENT,
  `wallet_id` bigint(20) unsigned NOT NULL,
  `crypto_id` bigint(20) unsigned NOT NULL,
  `balance` decimal(24,8) NOT NULL DEFAULT 0.00000000,
  `address` varchar(255) DEFAULT NULL,
  `private_key` varchar(255) DEFAULT NULL,
  `created_at` timestamp NULL DEFAULT NULL,
  `updated_at` timestamp NULL DEFAULT NULL,
  PRIMARY KEY (`id`),
  KEY `wallet_cryptos_wallet_id_foreign` (`wallet_id`),
  KEY `wallet_cryptos_crypto_id_foreign` (`crypto_id`),
  CONSTRAINT `wallet_cryptos_crypto_id_foreign` FOREIGN KEY (`crypto_id`) REFERENCES `cryptos` (`id`) ON DELETE CASCADE,
  CONSTRAINT `wallet_cryptos_wallet_id_foreign` FOREIGN KEY (`wallet_id`) REFERENCES `wallets` (`id`) ON DELETE CASCADE
) ENGINE=InnoDB AUTO_INCREMENT=1488 DEFAULT CHARSET=utf8mb4 COLLATE=utf8mb4_unicode_ci;
/*!40101 SET character_set_client = @saved_cs_client */;

--
-- Dumping data for table `wallet_cryptos`
--

LOCK TABLES `wallet_cryptos` WRITE;
/*!40000 ALTER TABLE `wallet_cryptos` DISABLE KEYS */;
INSERT INTO `wallet_cryptos` VALUES (10,20,1708,100.00000000,'12','114F3uENsIi4SFqdd2upnkzKcH3Pz4DVs048Siu3xzTHZwAjXHKWozNldKiAChni','2025-04-04 09:30:23','2025-04-05 03:37:28'),(11,20,1712,30.00000000,'123321','mAo2ZcuMM0OKQqbTJMP8wt50CneaxMmxg9FIvsqY4tOKLsVO5A6xoV2ACo8ubZBY','2025-04-05 03:29:08','2025-04-05 03:36:40'),(12,20,1711,10010.00000000,NULL,'5nUl5cRcB2HPe6IKorMOw6jnhAexyviwNnFiw6Ezc4FdFsqfHe5qQqKqRIDsQrXU','2025-04-05 07:20:14','2025-04-05 07:20:23'),(13,20,1714,100.00000000,NULL,'3CLx2CxTcezXLA4hj8vb5xXUk2xth4Y8Z4JVl7MKTKRef5TseQZ9bEvKbAGAtC20','2025-04-05 08:13:40','2025-04-05 08:13:40'),(14,20,2110,100.00000000,NULL,'fCxFYUn6dWxrA0ulSQDDrKiSejnDh4SkxABDoT14PPIUUpVCTCdGRluRsFYsuToc','2025-04-05 08:24:58','2025-04-05 08:24:58'),(15,11,1708,1.00000000,'tx','tx','2025-04-05 08:45:00','2025-04-05 08:45:00'),(16,22,1709,93.00564384,NULL,'ustFVs97cPfvmLyEAsSOsp4KFni1UbMh1p97KwzpsZGMqGdGnc6JKsG9qfAObRQt','2025-04-05 08:57:24','2025-05-27 04:04:58'),(17,22,1712,834.46555746,'0xxUljWTMP0lcqxZNwmoqh4z0CmvrakpMPmR60QEMi',NULL,'2025-04-05 09:09:48','2025-04-24 05:09:38'),(18,23,2030,0.00000000,'',NULL,'2025-04-11 17:03:12','2025-04-11 17:03:12'),(19,23,1709,9900.00000000,'',NULL,'2025-04-11 17:03:22','2025-04-11 17:05:31'),(20,23,2094,0.00000000,'',NULL,'2025-04-11 17:03:26','2025-04-11 17:03:26'),(21,23,1919,0.00000000,'',NULL,'2025-04-11 17:03:32','2025-04-11 17:03:32'),(22,23,1733,0.00000000,'',NULL,'2025-04-11 17:03:34','2025-04-11 17:03:34'),(23,23,2077,0.00000000,'',NULL,'2025-04-11 17:03:37','2025-04-11 17:03:37'),(24,23,1862,0.00000000,'',NULL,'2025-04-11 17:26:08','2025-04-11 17:26:08'),(25,25,1708,0.05000000,'bc1Y9Sb3taJCLs1PKGVtI55axDvvGWIaIV0IjPASqrd','zrtlgiFGYLEeKpWA1cOg5XNZo05MEnGWNk073YciINEs6m9PYtiYVInf9CyQxbOf','2025-04-13 10:09:56','2025-04-13 10:09:56'),(26,25,1709,0.06000000,'0xBlEXSfRG3dM95SvFLtFp3rS4i5RGjDPhfISZFiPm','3KCwBRMpW6HMEcijpUta65690xemA5cnObfFVFNCRnRXk4cRIMi2LZ3CnaSupx6B','2025-04-13 10:09:56','2025-04-13 10:09:56'),(27,25,1710,0.00000000,'0xp13U1EseNBwuyDTxAKfRvUdrbGjPAqvFCPDiC9jN','pZr93wdVeRi5MHNCZYAej47sCRQqrBgU2ddsqr0lqGBOQXZsaMY9OURTNYs8bnNO','2025-04-13 10:09:56','2025-04-13 10:09:56'),(28,25,1711,0.00000000,'0x0XzMht8kmkPmEGHfSNY8UIbh20L5Azdl6rcvgmQS','mX31ijLBvn8UMkwt31oC7pZ4pA2TaJCRMzpswMBS5EcPzUM9eb43hxrQ4jvRzAzA','2025-04-13 10:09:56','2025-04-13 10:09:56'),(29,25,1712,0.00000000,'0x1f6uDMKTNvEnd1md5n77IxZShgXVrSM7V8auNl1K','LZsmx36JAn0f9fkbhGSdgHvsdqlfgmhjCdiOhSvYUISe9eyjlLPTCfz0b2HcymQA','2025-04-13 10:09:56','2025-04-13 10:09:56'),(30,25,1713,0.00000000,'0xR3hMLvtPB6Mg3tC8sLrPbkAKVMCNEiQtjpGL8erA','JodpqGd8bd39IQ0L245GNTBBoqNJGjlBnOXNCcMJ6pYxFuw28OvrmL4QyyOpYYut','2025-04-13 10:09:56','2025-04-13 10:09:56'),(31,25,1714,0.00000000,'0xaw2SPJAR6d6kLYcU6OdJhrPMrW2Hp7C8Eg6wo0uQ','QL70jYauDuXP38CHpK14k1qYkulQ62kUOomUP5Xqpr4eyMmboD9hxbUGo5TC4kDM','2025-04-13 10:09:56','2025-04-13 10:09:56'),(32,25,1715,0.00000000,'0xZcuAYOYvb9lu4ex6H37Q6DtM6QHquYJmXfu5PdUD','NYnu2ywdqNukF6M5fem2PEZKdaahXD3kRxaO2YdMqnxGXDeBi8b4KV7oHN3q9duN','2025-04-13 10:09:56','2025-04-13 10:09:56'),(33,25,1716,0.00000000,'0xw5oaeqDUWMlNQtFs724wigJs5WVPwYbXKgCWsUMB','XdoqpB1RL2TOBGobdXvHgF0Yupm69XUJJnal1HLwaMnbGKbcwE2WKOULV0baRFmG','2025-04-13 10:09:56','2025-04-13 10:09:56'),(34,25,1717,0.00000000,'0xTjt21kHWHipwTMQDwGuk8KodEV0oT9nNZqmy1Dnu','CClosVGwfPNmnHOMSzI8HtRrkbQEUzBM4JRt9CVkpv78UrU4dDXFInZSaKjjhvZx','2025-04-13 10:09:56','2025-04-13 10:09:56'),(35,25,1718,0.00000000,'0xucNjKKAKxqW9bpir1kGNzXnKft3TddQPDe2iYdwf','9iG0gIEV87TLUn31i5AlmffnYBmuABBtHSVRnd64fiO6wc18tUSRhUNr4oblSNhZ','2025-04-13 10:09:56','2025-04-13 10:09:56'),(36,25,1719,0.00000000,'0x2eRKdDC1xs33zCPC8Bw619NVKolQldgfSlse8PxN','Dcq9nw6SUWw8j8oOkAP8fnU9KcmC8y2t0l8RnZuJtIkrnWckkmmQ6xi0BCPUHuxE','2025-04-13 10:09:56','2025-04-13 10:09:56'),(37,25,1720,0.00000000,'0xeD1kICEvKvWo9nl69L6IDsTFYuylGTjMqyh7Me3e','sHJqDyp9SXRYmtXcDda5l2PgxN6XEckxR7jbT36CorFeXScxJTNYNZwM4Ek8izkT','2025-04-13 10:09:56','2025-04-13 10:09:56'),(38,25,1721,0.00000000,'0xNuDP3f0fQ3789Dx2kMW1Th8UbCCMi6MTR41zMhQJ','aEzL2J0mlUO4TIQVvYHBoSbldVsow7i33Sg2g5IYd0YLNofRE1HKPOaSyWuoDt63','2025-04-13 10:09:56','2025-04-13 10:09:56'),(39,25,1722,0.00000000,'0x3WLP8miSHhqHh3zP4biiDXHm9W5ObDdGQHyxs9R9','iNP1IlbvyLQRvqF3lGfIchmi0GuEn4JXG4KchtdLIuP9nTfa9DLO037eCeRJWSOl','2025-04-13 10:09:56','2025-04-13 10:09:56'),(40,25,1723,0.00000000,'0xdzLRtk47qg9yMovWCof6Ox9tqSgYq09KUAVbRoE1','ppd6IRdQb7alOuuxqqVgoAjVg7aEbJWbnttpaWSWZ5g53lWYKbO8BTdbojEMqnCk','2025-04-13 10:09:56','2025-04-13 10:09:56'),(41,25,1724,0.00000000,'TGXMTsnDmrd2vkqa9T8hHipTEFkStKcf48','5Z33n5iuZha2jJ7DJWsBnepnVL9XNFNaHLX8odgHWWVkSyeGURxSkN2VU466eqBi','2025-04-13 10:09:56','2025-04-13 10:09:56'),(42,25,1725,0.00000000,'0xSXJfzDStHfgQExtxvlar35IGbzj0aQGAadNo85Jr','pPcNMjonIOAmyE2f2gVll58iyUd1XZgjsYlpA4wxiEpyMYRPiWMGPmcj0U3Z7Kuk','2025-04-13 10:09:56','2025-04-13 10:09:56'),(43,25,1726,0.00000000,'0xqzBdMEcOQRcJKFVNyx1ZZbzRAO6t3LTEPG3ysXf2','HX7WO37XBJlxd2qcGfgx05JQAHlcOjGMPQXkFoa5gteFzkqA40YYcQzArsYp3gE6','2025-04-13 10:09:56','2025-04-13 10:09:56'),(44,25,1727,0.00000000,'0xzwcUbssv2CKRJX0xfOKRh4GoTDdlGMMVH19x5ptZ','dYGf4vKxvboRvWGO0BZmLZDzPILwH4COj9uQQXKvUeuguEVgklEL2q9rJZVHwheM','2025-04-13 10:09:56','2025-04-13 10:09:56'),(45,25,1728,0.00000000,'0xb6obQKI2jtE0urfjqS3txiMDnxK1eNsaNsOyBlrO','W3UdfI3xBkLOFuXcVVEciMlstl2D6SsPo6BsIkjT0hlIOXnsV9gNcL2Q8BvdDL9U','2025-04-13 10:09:56','2025-04-13 10:09:56'),(46,25,1729,0.00000000,'0xMATCZUKCkX9KES6tBenCVsdLOuDm2tsv6RnlGN3N','IjOISRAmHvT4g1q8mXifdOKNa0Ti8Rjsw5FxEwUUqriAWp5eJl22wUbE0qUPgmBA','2025-04-13 10:09:56','2025-04-13 10:09:56'),(47,25,1730,0.00000000,'0xg8fmqI4lhS9YJQFauocUbLtivIWy09wUyyQxTtR7','eCQRJZNvYFNc8u4StL13HbolEy65D6BKdRUKr0VpYKaIT89LLQJWR1ndnApKBaxR','2025-04-13 10:09:56','2025-04-13 10:09:56'),(48,25,1731,0.00000000,'0xwdGQN3fOBbgjsFfFOh8hJsLI4uqhyRBTYuqg1ohe','kOC0wc0XrkBX7AubCSyosPdt8FqPQtDcr4IF6ZxzagZfnwwnKk0UZxcwl1JTjOKv','2025-04-13 10:09:56','2025-04-13 10:09:56'),(49,25,1732,0.00000000,'0xxfbmszso4HETzNlwqqMaYGLDWicMu6geFYNYGCaz','s8Viu71B8Q03u8hUY4ai6USWc4xEK9xteGJFy2AGtAcVn9kG0N0mu5J1n4nHcc3K','2025-04-13 10:09:56','2025-04-13 10:09:56'),(50,25,1733,0.00000000,'0xeEHgkjdHWdBWdf8oY5flPITVuId6p5PG4Y1cWBG8','45r9EEdH1jMD9MtXZuneMouvubmJS32ZlLJcUwlHFHXkvl8B7IQSRl9BxcCx3Bww','2025-04-13 10:09:56','2025-04-13 10:09:56'),(51,25,1734,0.00000000,'0x31xvUQTShn6R0zxvbVqakIzoLMGVWYtpy6UNntcc','qeRG6khE3TPYi3oezHmRAOlipEnwcRVz8UQTTS7WEjoNkCmhItxx7e4egLvSL9HB','2025-04-13 10:09:56','2025-04-13 10:09:56'),(52,25,1735,0.00000000,'0xjBqrVqMgpyjf1WBXm3VhvPvjM2iUeaVX3AE81e30','L982PtKuSvlL6tXiUZaoM4YwVhj5zuGY7RUJZbX3cO728pnD2XDYvdtP4077wi9P','2025-04-13 10:09:56','2025-04-13 10:09:56'),(53,25,1736,0.00000000,'0xaqAN1X9S5SjiAppnuxncHDKBE398q1Kqx8qqFwc3','iSr8pDtxb9uXipJSV7OYj2qG1OE1PYHUar06MAFZiHI3mCFuP0aELKOikbOIv1sZ','2025-04-13 10:09:56','2025-04-13 10:09:56'),(54,25,1737,0.00000000,'0x7HgHN4mBc3D1NJJaJNdGhez0Wm06FK0AuOQlGZvW','r1y2ZsqyBSt1kdO6VHzATJpmV8UBqs8oygrrGWzz7bCpcj1KLvFpCg9pVfXM88cg','2025-04-13 10:09:56','2025-04-13 10:09:56'),(55,25,1738,0.00000000,'0xfpwideBRZS4UPDjHoNKXAD37dGSJpDMERe1r2Aid','iwuudex7NXy74A3k2fZN0vYDvLNSjY7nPPYdANiSfmELp5t1H6tCUR2wYxm7splo','2025-04-13 10:09:56','2025-04-13 10:09:56'),(56,25,1739,0.00000000,'0xvGLwHQkadQupCz17K3MJgY0t9gewTmmDujcNiTtb','ZU6DZaD0qdFrVisan8dlf0mAwJfvv1K9N1NrxcP7OveKyJoxjJODrhIgnJSXmlu4','2025-04-13 10:09:56','2025-04-13 10:09:56'),(57,25,1740,0.00000000,'0x5x0CwTi3ghAGS9Vuy2lzCKygF6nJ7VFuAKcNNi4j','TsA6wnPZ3RL3WSSQgt4xPL2KxNUHR4rfGwB8EubdsIj45rHnvCl2omIkRDxqe43a','2025-04-13 10:09:56','2025-04-13 10:09:56'),(58,25,1741,0.00000000,'0x2ynzWjiYhg8TcobkmSYvo7FIfpVRdTUCVNM37Wdz','qhanBJGh6Qi0erouD7SZVkkcO7EVtGyVb1f8NYI1pqODTq4XJ8tHxMqecMgEoW0I','2025-04-13 10:09:56','2025-04-13 10:09:56'),(59,25,1742,0.00000000,'0xBGRt1E5dSCKqaunP5DTl3MeXDsdkDJBKnsMxT4u2','rljlkfFxqhwMftS9dmj9lvPZNpVZhMXjTdKAYEbw7XC9PbqdfPVlccNBR8itOGeN','2025-04-13 10:09:56','2025-04-13 10:09:56'),(60,25,1743,0.00000000,'0x47uEj0JrJKcN81KP7eMdGpOy4vJEfx5DXFUwXvY0','NfKUuTvVGIDftU5mQT4UpyRH5IFd6Ieqs2FnQMpLU9aaB7n7mOOLtDe1Ol4jyhCR','2025-04-13 10:09:56','2025-04-13 10:09:56'),(61,25,1744,0.00000000,'0xfIMkfqWaK2MpkXuTSS1YMGMtwzn4hmtj0bVxhPGZ','nI3rThzvI8J6fpV0yiSy0pb5KdBmIE7KURryQnKx81uxwFPHLqB7mg9JQoJLU71r','2025-04-13 10:09:56','2025-04-13 10:09:56'),(62,25,1745,0.00000000,'0xm8PwWeifBSrj9LanAYEkuZdyXya8N2SZ50Mae4Ja','85wJaCDMye6UcMs88K37zQSxYZjKMOwWy5eb4XtT1a7mEce07FY7nZLM4yFLsrWi','2025-04-13 10:09:56','2025-04-13 10:09:56'),(63,25,1746,0.00000000,'0xsEevmJxTeSk9v7BkViDh6GsXqL7ccTUhDweZ6xYU','cV17m1pCET52hljn8cHznVtDqyfPdTYVrmNPgtYtFNmZTPDX61i3oq7BmJwVDgBA','2025-04-13 10:09:56','2025-04-13 10:09:56'),(64,25,1747,0.00000000,'0xEZ78VkE95NwRjg5btAvyr2tw39Z6krj1fGKk3OGE','yZFJNcsU3YaZoTVPkVN7di1QUPDYMbNzoSVOxyUoiiVTxo4IgC6u4eWkzpvPy4Ic','2025-04-13 10:09:56','2025-04-13 10:09:56'),(65,25,1748,0.00000000,'0x3wkfVp6YHpXXZ2mw1L1u8BmC5073ehHE7R1ofQkr','RSqWJFxty6oGwGv64Lv47eTpOVzg8M3hqqmYpfyvmoZNbVFZeuZklyEgz0BWg2iD','2025-04-13 10:09:56','2025-04-13 10:09:56'),(66,25,1749,0.00000000,'0xR1IOfGS9NdTAD33nzdFmA50J5PW7ejwFxqVVvudj','EPy8LRianjZnp9FHwT9L8Az7di9wownbnTAmfCyByRVcY70ClWrMXnuEVQkReZsA','2025-04-13 10:09:56','2025-04-13 10:09:56'),(67,25,1750,0.00000000,'0xA4iR7ns0eCf7M8nlIR7vtmsDKKMbU3GBs40w2cju','ZXyR5dDzyS7rv5fIjwWPqFO66FLTSoMnQJGbAvNqOf2OKenHQDbHbODMk9ac88DZ','2025-04-13 10:09:56','2025-04-13 10:09:56'),(68,25,1751,0.00000000,'0xGmakU87w4c91pMvLQhOlHFWBVhfkpmfHiWI0mcs6','UmymPAubhR2axUhNiqFk8Y39ZbIkjIJwZbRmhxHzNcKuARmgjfaaeeiQzRteS7m5','2025-04-13 10:09:56','2025-04-13 10:09:56'),(69,25,1752,0.00000000,'0xTkzAQGAqAlYFWKAlgFPfSAncpfyLUsStgkVnKXie','Oy9bIJd6uy1l0nNjl5mz0V7V42EVuTT5sDYnKuBubiUCS4l74vKvE76iyHthkmxv','2025-04-13 10:09:56','2025-04-13 10:09:56'),(70,25,1753,0.00000000,'0xAiTQoHkHOVz4tbQn9Bg36QJ3sjHfewwL6eTHjCS8','OwwxjasZKvu6XL9qwiQB369EC3tZMadmuUpsftie8lHaQWLr66j0SUZjg7mcT8mD','2025-04-13 10:09:56','2025-04-13 10:09:56'),(71,25,1754,0.00000000,'0xOLus4N0PezBYos4gdj4NTdtki7Y1amF6mjsuBTcN','7TlL3aiUBghZlChvllYFglvM7wI1r2ELWQQQtnakPAYAAT0zubNswHTDTuwyogr1','2025-04-13 10:09:56','2025-04-13 10:09:56'),(72,25,1755,0.00000000,'0xysyvbQuYETvDKdtcz026gYTByPPwXDgrv5PKDeC9','w5lcmyeRS7kkzoeYeyHts0KuMIkaZtIcouWCFTJ6qoucaFsoghZlCGc8LK6OfCXW','2025-04-13 10:09:56','2025-04-13 10:09:56'),(73,25,1756,0.00000000,'0xNYh9GC5zCBCTt1erwzwUxMMPa3qWVcLJ4KMKVQKo','IuRuLeHJ68Wn89Ns0Ec8zIWiMAjAgAAVWN5gSYu8G0dX4G3cFljcXtHLxp5kcm4Y','2025-04-13 10:09:56','2025-04-13 10:09:56'),(74,25,1757,0.00000000,'0xedTsyNE8HjGm9ZpRTYxpZOWBuhAxgc3aMx1CHHXa','tZcCL8IDOe4E2VOzgsKtfBfWDL8yImd6Ps80FKQ0cXm912LK6WEblnTQFdSTti0g','2025-04-13 10:09:56','2025-04-13 10:09:56'),(75,25,1758,0.00000000,'0xmAVuMdg3aEZuPJON1ZIDDAil5mw5mnomL1KYP8CM','I56YPWJ1cbWUtkCs7S51St1l4kLPVGzE0C4R17yqW7jUhtOZC6PLAdHvK7Lw0pPJ','2025-04-13 10:09:56','2025-04-13 10:09:56'),(76,25,1759,0.00000000,'0xYXJcBOIhKnyl8SqYs5IQ1Mjm7pDvYFH8t6d8OIRy','Tjib1eUjF00tZ8ev4mlvNqGkNloTZDeMOMt8OSpdXiTXuBliATN7QkIyTVqq71Xm','2025-04-13 10:09:56','2025-04-13 10:09:56'),(77,25,1760,0.00000000,'0xVLYrkhEW3yHcVP9jXdMOEFKMEid3YLv9UeVhQrih','KIupZEz7EXY8dFI477JLTMDSJLDhsvMHyXB1rWrwzz7L0z7U3MsawcorYjIIagrd','2025-04-13 10:09:56','2025-04-13 10:09:56'),(78,25,1761,0.00000000,'0xL9eG4di0H4rt2i26YrdJ4xHj5R6LpYSJNJ8Wyu8x','PO8IK2tErzDEJaimyi7W3MiJCakyBNXVNPZ5nBLATSUQr1V8twRERIkZHOK4PLx5','2025-04-13 10:09:56','2025-04-13 10:09:56'),(79,25,1762,0.00000000,'0x450kytOcbLo4PYi4rI0SLLkd5Uun9HBa2UHA7SDR','EZuQSRTpeKfWy1vEkjAVjEZsSyQgYztIpnBt8peO9rYCzej7TKMBgVuMBBrVJpCr','2025-04-13 10:09:56','2025-04-13 10:09:56'),(80,25,1763,0.00000000,'0xUKo5C3oJMHYAIzzdg6xxWDQLxh0DRw2eZ9QlLRF1','1A9u1ImjOhM1dWXo29uGDZNG3iRdm6tW2363LKZts653rAR8bSkjnwNJm0Xshs5o','2025-04-13 10:09:56','2025-04-13 10:09:56'),(81,25,1764,0.00000000,'0xoMnMfGY5jNgNR1orwGgOVaxFWHs5ADwm9XIeDFzl','vgLJgCSb8rQIWZa7X1Wwe0uWUk4sNd5RbfLmEPuSGzE1bkiT9MVmfL6bC8Bv1UDS','2025-04-13 10:09:56','2025-04-13 10:09:56'),(82,25,1765,0.00000000,'0xiZcDH67MSysm11pTBF5ExoPcuenbYyiooGhGi7yF','eeGWkhwUd4oeGtoyIXK6NhxMc7Eq7Btk9albqmUforcmwZWbtxtkuyijZFXjZfXF','2025-04-13 10:09:56','2025-04-13 10:09:56'),(83,25,1766,0.00000000,'0xAUfTjNtgzQgirKZfzHrrFeKis1CJC3C8GVek24qi','qcWHqmv4TdVCn3rrFhs7Ji2lShKXYG8yoIlBFrt4UJ9RUYIXytKdOI0gD2zbU22T','2025-04-13 10:09:56','2025-04-13 10:09:56'),(84,25,1767,0.00000000,'0xmynt3j4D8iB0LNX5relgWPt6zM60obLkzvwMHv3L','eSWu7tuGUlnqoUYEdPoAmCsNeI2J3gs5m08XPtm8FN6IF6HKa9MM87NjJcySJxMv','2025-04-13 10:09:56','2025-04-13 10:09:56'),(85,25,1768,0.00000000,'0xcYAoG9YT5uzQuUN5Z27lFDYiVA3uyNrZSZmfcfcH','hx0rLJDaF1PaIrSQSma6Rg59p3pvOf87Nab1bCWvd6vy0L5ENDyqhi0xqhcFgtvu','2025-04-13 10:09:56','2025-04-13 10:09:56'),(86,25,1769,0.00000000,'0x0jm14L8OPtKkkcXNJow2vp4jg1145BOgfwZUUHcr','KH0IQrUFPH2OJolj33ymE56wHFcpd4qZNEB5LcucK4F3ss54kP6jl4ORvv5e8k6L','2025-04-13 10:09:56','2025-04-13 10:09:56'),(87,25,1770,0.00000000,'0xNPvrCEKOhKeCAekGeQ2h077Ww06tgglvwVPCJxJO','O1dqKf35dz55pSFpDJ0OH0BjxS0h8dxKUYSNcRS8kvkQarf9OQnSimKZLfNqCsgk','2025-04-13 10:09:56','2025-04-13 10:09:56'),(88,25,1771,0.00000000,'0xIdCudZ94EN1wiwmIMRn2dulAuHLYSfqGXAIeFaN9','lbLrNyOe3wyRz3w0SoZ8pPIhlkuLjZB5szLpPkYX7uq3KuBVFCy2yUEmkErSDJpj','2025-04-13 10:09:56','2025-04-13 10:09:56'),(89,25,1772,0.00000000,'0xp5K5ZaHNwWeZASAvJXkuncRSZOkbgcQD0xHIlu41','MYoyCB642SVG5OQU4Xg0VlvkBnIrFJNrgzimsL0Yb0h1XDTHpWe4gwsBcJziEPqx','2025-04-13 10:09:56','2025-04-13 10:09:56'),(90,25,1773,0.00000000,'0x9xVX4Ly6i2xuSJJscwgbWaiP1hyBgO49BeKgVHfJ','TFAWvFYbmpOT2yfWjgkJCDDF7ZgSkig7TQEh2sKv6gaPyuUk3VvyjG4QtHdWi2EL','2025-04-13 10:09:56','2025-04-13 10:09:56'),(91,25,1774,0.00000000,'0xeOQtoMDGQ3CXRQZkUn7HdySYYcRBcht42x8xvW0q','ZwLBiLbIB0EtRtoNw7SJqaLmAiNjba5D3Jf2gEx5KlZVCxNHsM8H9OmRxnAk9q7F','2025-04-13 10:09:56','2025-04-13 10:09:56'),(92,25,1775,0.00000000,'0xDBoKFtK2CZNntUInEiLhwQ0qnyD2LO3TSKcJohH0','mHtramEtqUfTpRqo3MVACguXKgpN0cHPgvJKo8V9g33WE1yaUywgehSF33hbEUrv','2025-04-13 10:09:56','2025-04-13 10:09:56'),(93,25,1776,0.00000000,'0xYOJErgAtG51Rj6cw1F7t226h8KIciMV5mwrOqd74','s6kMQcTNtgJJAcGLtnkm6F899Kiv3cJahImsLRKGSWAVXFlv0fcixdHvBCMmrUHN','2025-04-13 10:09:56','2025-04-13 10:09:56'),(94,25,1777,0.00000000,'0x0V7kKWMeo1qmmPSy2mUGehRFbNqYc8y4PrxDhe5a','QjiDAlbaQFJUi5WeWz5pITlGb1kOyC2zIXYROAdcS1bPxvKoxsaFbCnZEgoWD2Lc','2025-04-13 10:09:56','2025-04-13 10:09:56'),(95,25,1778,0.00000000,'0xLtlcjTuBtUDyg8H3Z9lIrgjOD0xCG50xcmDfZWax','KRv06I7jmP2AFCR4anzON38r2vn9sLNnLQFxtynUntzRPK8NZLHJQXYKvgcO3tSR','2025-04-13 10:09:56','2025-04-13 10:09:56'),(96,25,1779,0.00000000,'0xbFA4kT2EjLkVSthMx9lZUYdyCrcgmV4WSHLQ5vRQ','PZn8jHNurQbCiMWTnwGjEL5Odo3pDXfEONbjOBOZPA6K0lzsvui382GJw0TZZ9gn','2025-04-13 10:09:56','2025-04-13 10:09:56'),(97,25,1780,0.00000000,'0xK6IYkjMtWZmb1kkV7mjZZodl1orRftQnC1xbM1ji','N8axlsED0QvGdlAFgIcF9e5oBH3sxlFWsCLNtngc9O7HdTGrEVyCUAbt5AIFtALE','2025-04-13 10:09:56','2025-04-13 10:09:56'),(98,25,1781,0.00000000,'0xiDGFWpIYRfi3KHEpd20LOKg8LuYWH7VmdqA3NEa1','wg6n7LxGonfbp898knhcTXNpboyAVkae0TZlDygspk0AI2ECLfXKF3tPZLf7W0SA','2025-04-13 10:09:56','2025-04-13 10:09:56'),(99,25,1782,0.00000000,'0xvCXpC1900iNe68ZBaFeQWMPyxuRMEzITWJ9Lyg0K','5wkAhMLyGOObfuVljGagh3qEJswu4NNt3NiQWsNEYHdw6T2yC9KpWdZ1ai3qyuSn','2025-04-13 10:09:56','2025-04-13 10:09:56'),(100,25,1783,0.00000000,'0xNedkvZ5IKL4KQLphjOi60hzGKJapLjG5rs46sawJ','gEY4oU53ApuXwEtvKXQyivyVkW3HgFzPwSWCHyvEABWZoAJT4RI8oNbWuzqAdYyr','2025-04-13 10:09:56','2025-04-13 10:09:56'),(101,25,1784,0.00000000,'0x0HyzddpZlJ8WrzNEY0hZedqPxcc7uRstcmvNYEQ3','M6tNBI0M1X0R3kv1SCvXajF99wo8C8plm9OiQGg5egMIMYPm4jOXOOPe1nO6cV98','2025-04-13 10:09:56','2025-04-13 10:09:56'),(102,25,1785,0.00000000,'0xytaUmtZ34zE2IXeyc3BqaCMGX7HaTfbJvmm2M41c','FvQv3fACvlL68FrNL1V1zsmYDByWLb5BIlytsX1B4ERHORZWUAqIy5jbOWETiaUC','2025-04-13 10:09:56','2025-04-13 10:09:56'),(103,25,1786,0.00000000,'0xySpmsfw4tWgKu64QG5EP0oZ8YQlDedufM9hKW1Mu','mlRJ68MmslroAnsXnPNKDkTuupACaJ9MPg0kTwaqUqFv59i8lY1eTBk4ssFl9oet','2025-04-13 10:09:56','2025-04-13 10:09:56'),(104,25,1787,0.00000000,'0xgT4TpH4MuO0tAvXYEOibU92riLot9mjEhVCnqKBY','aP7v76YAkXm5zLmtBVDl9YhRo8NuG4FcbHTGcJX0CPgFbVt33uJmXdkdUR4kgzBD','2025-04-13 10:09:56','2025-04-13 10:09:56'),(105,25,1788,0.00000000,'0xf8cb1fBOOrDgmmRbC6gRGhakKF1CvMgYX7YXLz96','ZKYAKZaD62E0tCE7SlbUx6VEB6iRihRXktXzDPrUXXkYFluKwyHDf8bGajV0JG2t','2025-04-13 10:09:56','2025-04-13 10:09:56'),(106,25,1789,0.00000000,'0xxzNucDAJFsYj2SHdfIe72WQn1UKfHdnY5Fs7R6kH','f7QwguCV7fUz7hYTlhJB3qAVlyJMdbCWy0QhRo7ZOBCCQ5XhsDyGJBwcTk2WhXfX','2025-04-13 10:09:56','2025-04-13 10:09:56'),(107,25,1790,0.00000000,'0xCGvZssBfCnvc5JDXlUxlHAFBB413P0zjrvcg9sVB','e4VgSkwSKcYhP2xZGRRHAVF2csCHqSg69Emn2bzBIixIc1gJ1eo8Qj4OQMOt3Ors','2025-04-13 10:09:56','2025-04-13 10:09:56'),(108,25,1791,0.00000000,'0xW4YhWKPE52bTIaCmbj61tpl4nJTf87SuGvTtblQm','1X43xVpz9mOKSKspNix1f0GaKOK7SFDuj6W6lsttvuf9APir6uz39YAUuFMusUli','2025-04-13 10:09:56','2025-04-13 10:09:56'),(109,25,1792,0.00000000,'0xtSmtx9gSyJfYvMX1736buOGbQhZAYOqli7Vmw1oJ','2qMsUwmkVTollZvOszqp15fE0TrbSSDCB5b7d4w9uuIE7kFczC9X5R0wv8hAzQEw','2025-04-13 10:09:56','2025-04-13 10:09:56'),(110,25,1793,0.00000000,'0xHWl1ZnGcfluPiyDFvxXM7FjlF8gVZNfm2mE8sYp9','vh8eDIZMvMm8XUPY6PC2QrHBPyld8imziNEJZuFWGvkjKzm1ykFirX2MyMkb3RFY','2025-04-13 10:09:56','2025-04-13 10:09:56'),(111,25,1794,0.00000000,'0xG1NN0rY0nBMV96qZqJAcDibmH7lhoktry7EQXXal','AxQvK2Jnip5Cz710jSeTgM7foOJfblrCxCgn92YSjmqlmOQDmG8DtPrlpmuOVGqa','2025-04-13 10:09:56','2025-04-13 10:09:56'),(112,25,1795,0.00000000,'0xQDfdK6mvtLS1XksMyoiRqTRVxmSrJzu6C4L2qnQQ','1nP1srml9MjJj6FaaqpxqwBTcKtMakqGMjEDO19hzfSrxi60c9a2kpcJyBcHFiED','2025-04-13 10:09:56','2025-04-13 10:09:56'),(113,25,1796,0.00000000,'0xhUL3aq5c9bqtz2bBA9A0Ht1rd1FSyd0zUbjSwM1z','3UWZi0u9BcJFtvSvFoERx2lDoktVhTnyl7P11KYMAd9mYWcngLpB8I6aejrzVKVg','2025-04-13 10:09:56','2025-04-13 10:09:56'),(114,25,1797,0.00000000,'0xZ1Y29vdufVgRIK7tA8YLsB9OolNNfFi3BAXZwWlt','shxbjnpTE7LyJFDcaetJ7zhEezTzfHQkrhC4Y6CAhP65WiW3uScTy0m2DPcQRURH','2025-04-13 10:09:56','2025-04-13 10:09:56'),(115,25,1798,0.00000000,'0xA5fwPB1lkEXdfYjzA1lU6Ou7nmvIN5h3II3oNEGP','abJNxthQjaxxfrm6JMXg4pZJAb5JlNad9aYA4GGEQHweQG7h43gxRl1zQqBkOUft','2025-04-13 10:09:56','2025-04-13 10:09:56'),(116,25,1799,0.00000000,'0xwCnKaNn7YOlddaA66BBRrOTMrqx3KHL9ITsPRDq6','vAqp08ha1oDuQdfpo5pXb1M0MuSdUENBuD2se2CEcjen9SAtsKL2hiXe6DLD4I1V','2025-04-13 10:09:56','2025-04-13 10:09:56'),(117,25,1800,0.00000000,'0xrNWDg2PgwfQpE8I1N1yj5aWHd3LhtbwY157d672a','fzHtkg5CrKEmYm4t7qmuaPtmuJwoVCeyY2QMVkNncIatMS0CeBYBMV9cKxvZwdOk','2025-04-13 10:09:56','2025-04-13 10:09:56'),(118,25,1801,0.00000000,'0x2YqM57PlVzIzbOMpVF8iHFezx5n9ZTXhxp0edqyQ','wPBDTQmnGxw6QAwyMsCDN1WVGtOXiByJYkgeJzaIEmHH8VhJNhaai4ICHfTSyLSj','2025-04-13 10:09:56','2025-04-13 10:09:56'),(119,25,1802,0.00000000,'0xEGL3Iyz1NJSg21QhGfynZoOWLAwRqsnFmakuEeOX','nkpHnWG2KMeF13nwSRlFjkDgUCVZKK0iw7pFjKaBLfJ0yuRIGtRw27DDUB4GEd1z','2025-04-13 10:09:56','2025-04-13 10:09:56'),(120,25,1803,0.00000000,'0xpFnjZHm7yjS8JMSRKG5HT4UhjrsRvjYKIIoPMqmN','s8SYVyTvRQpU6wEf1UQ8nez3OnzH4AAwPbvw7OrZairOoxbKqcBLOOfN5TYDvX9l','2025-04-13 10:09:56','2025-04-13 10:09:56'),(121,25,1804,0.00000000,'0xF7TYtsCz0DXKhDPqf88t1uEheFlBYBkNuS3qZINM','99Bu7eHKGLfaFVToatg6Paon1mpv633MszNmQj423vTDbammN0TMwrbHboFFXQZM','2025-04-13 10:09:56','2025-04-13 10:09:56'),(122,25,1805,0.00000000,'0xrxpQW8m7mO5yecEMZUYi20QVcoZoyGPt5aDsylM2','RqA35r38lYtdqCHxnRbfuFsRp2wMB4f3cM8DsggjiuSPhgeAFasJ88uXdkXojOpI','2025-04-13 10:09:56','2025-04-13 10:09:56'),(123,25,1806,0.00000000,'0xtlfmHMBFbcM4RNFihnNMp80VJ5D5fPEKtOkF2Ir0','FBrlJztwYnJkuI2HIellgwJZZzYFxs27BMHO2q7MZerzYtNFGWfFOI6pINEaR3oC','2025-04-13 10:09:56','2025-04-13 10:09:56'),(124,25,1807,0.00000000,'0xfYzTOv0fpbXXIdFay1QbUsdOsPRJZ0aIqJI6UsdE','O7xk0U3Am3xPmtzx1tI6nb86B0gMCPvzn1tMYAfMRU0EounAfvjU7ThjpXHz5fW9','2025-04-13 10:09:56','2025-04-13 10:09:56'),(125,25,1808,0.00000000,'0xokmyXUB7B5FSPftNBWjClmjcTAaln1THyle0IOHd','OFpgG3IDwICTb47zlBBUS1z6M9QXPiJa9gK7vDNktN0DYDSxl8xxoylKJSi0Blco','2025-04-13 10:09:56','2025-04-13 10:09:56'),(126,25,1809,0.00000000,'0xk2xuvSnpXual9fv8WEejZP5RuThhlLo59YyPkxpm','rf4YiagITiBMsMk1pHklcffnmJCWd4NbVlUi5IHKXjDiI20qox0hxpVLiTbxw6y6','2025-04-13 10:09:56','2025-04-13 10:09:56'),(127,25,1810,0.00000000,'0xicJoTZu8aRbXTvQCQ5DUTaGwHvjLpWW3cc1BKu0D','47uQ0lWrJ81IOqZujazkY5G3ejxl1VqTkA9vP4JVLp4f0xmkkP7Q8sltW0QGhu1G','2025-04-13 10:09:56','2025-04-13 10:09:56'),(128,25,1811,0.00000000,'0xcXWhyAy0NqW31zEo4wqD2ZwfLIG5wxoiO08BVwf4','FjDsRBiOWVe6ExCkJTDNARswl31DST2LY0Ez4dOhByUBe7XHTQ95zDDuRg9olcFz','2025-04-13 10:09:56','2025-04-13 10:09:56'),(129,25,1812,0.00000000,'0xkhHiJqcHg0y9qyf16a060QJp6bVUi1MtTYuBy6dE','79sOdQwfdsIatUsUOjSThSnlFqwn2zDgwscGfzz6UEcpnU5FpTf2Xn4yd6SDsufM','2025-04-13 10:09:56','2025-04-13 10:09:56'),(130,25,1813,0.00000000,'0xMyENVDR9PisKymCRsoHTyjMicbYODSDy5P3aSGFh','4wFD45GjnODn31O3yEfmvFHCMnOdDm4pFEEv4HSxxMoIgUoib81kNIrdvGbYO14g','2025-04-13 10:09:56','2025-04-13 10:09:56'),(131,25,1814,0.00000000,'0xuoqcR2KsDVh4vEt6agr343SCxZzdU7qZ0Ke7sc2G','CHeTRz9T4bnA3wu550U13ixZXPKs5YciJhThf0Ft7CIY12pyfwG8T3qfpnxyPIUy','2025-04-13 10:09:56','2025-04-13 10:09:56'),(132,25,1815,0.00000000,'0x1Nv3uMmSE4ZBMCnawLpaa8i6gA4dwWYvDT1MPE4P','T8LoI8dmXiqu2TBS2TNrZEDhEhHuCdIGU67o8mHNdBcOORoyYosRhygd5C9XdiAz','2025-04-13 10:09:56','2025-04-13 10:09:56'),(133,25,1816,0.00000000,'0xmqYxHvmNj15E8ZNd2jwMD6j3Y5TorYTwAqkE3wZw','XHM9hHHw2ErNOSvdcIoPrrXzz3NnoIOMi2DEiQZaczLKEOvYbUQpDFMi3OYG23Xa','2025-04-13 10:09:56','2025-04-13 10:09:56'),(134,25,1817,0.00000000,'0xj1CoskqnnrCLrp5htXqjBmf8mFhs2fjSOQ5sDlBS','FZJuafzz4wWVPp1AU07msIoiE6I5J6hzGdhi3TBmavoNKdAyUlvhCd2IgU50aPJA','2025-04-13 10:09:56','2025-04-13 10:09:56'),(135,25,1818,0.00000000,'0xBzxcLdCH6T9Kmrrnp90xSV6MuYfIaw5kxGIaTcZ4','0ipE9ZFsz7vI0Hg6oBFNfxzpttk9hwYFbnrtn1jP8kkbrJPZGJ9XdlVpTOty5yHm','2025-04-13 10:09:56','2025-04-13 10:09:56'),(136,25,1819,0.00000000,'0xHy5rVYIVByqzPM1WabVqUuVi03vPvNMfbOuqKfu8','qe9D3ZhKLcOPltrFkJhF6svge6mXzmnaWRSFVJxMvqjrHsziIcOReu1GQNfJ2zns','2025-04-13 10:09:56','2025-04-13 10:09:56'),(137,25,1820,0.00000000,'0xQzsuyx8Ag3a4npJABwDRYBUzZHj6stsVllpGe27Z','EuJfWhMzmY7RG9391EWuRzTCnwwUdcOo5CKYSNx0n7Cj9B5UoVZKUCBPtZbi8zHl','2025-04-13 10:09:56','2025-04-13 10:09:56'),(138,25,1821,0.00000000,'0xZHYo2hqyL2iokWj2byUilP2cT4KZviKzZJpePewS','Et0IXb52Jix8C37owuWgkBH8w3VYmrwurhx5RL5fDvElM90t1u858giRvQIE3iwL','2025-04-13 10:09:56','2025-04-13 10:09:56'),(139,25,1822,0.00000000,'0xZ0UgxdUZGoHOcyVBUeSCkThLDH32aJBiQlXyxiaj','VoFWQiRmjrzRgK7yPZp4N5dofTNX2vU2D8CS5KtAsVM4Q6a6UqI45ceOeO0hxhll','2025-04-13 10:09:56','2025-04-13 10:09:56'),(140,25,1823,0.00000000,'0x3LNuMH7FIBokRqRSDt9MnfunSqDDame1s5Sj00aJ','nRl0AERc5sXJeypnILAVx0jno2H6RsvJc2KXzoo3XSHx18JaVvSwbWXWksR7s5dc','2025-04-13 10:09:56','2025-04-13 10:09:56'),(141,25,1824,0.00000000,'0x64pwsxkSyXs9nG03rnLF9K7aIxGLH7pjZnstVLLe','NuNyDQ2sh2okUdOB4htXa0t9aMw6IGFqAFLYdFQB6FI8SeYQVhYtu4lInByU3Fg4','2025-04-13 10:09:56','2025-04-13 10:09:56'),(142,25,1825,0.00000000,'0xsrsTR6cov8xio0aEymLwR4Et98XPkbsNDqO7J6e9','syVkr0jCG5T0HZR4wThWc7AzZp0v9o3PGbECFFEpMiIVh4WA6JwHxwIb8TUv9VxV','2025-04-13 10:09:56','2025-04-13 10:09:56'),(143,25,1826,0.00000000,'0xcuUJObXFzxrP7AJdPBmtRRIH471tE4odiqJGfYT6','xKeROblBsnhvm0t7gzywkyFDH4fhgAE6Nwqcoz2e5x7IZZ0ZMFlr9oLFGuJUOXWT','2025-04-13 10:09:56','2025-04-13 10:09:56'),(144,25,1827,0.00000000,'0xWAZeT9RMJIyi0Epn3Si9RNSL3KaydpXQO6NnzBv3','a5fqj05yI5HXmuH17hbYQ9YhhZa1x1o3LScxUrB18meAKa2S2a0O1MVy67y54Raw','2025-04-13 10:09:56','2025-04-13 10:09:56'),(145,25,1828,0.00000000,'0xX7imNttw4QJ4BddJ8sApDaadwLn1NlRStl0R9uuj','d0drQPa18Zpj73xPOeBrbwiRKIX0xA5X83hmbZUCkUjSGMw9QGIsdNZ3ID2qb7kA','2025-04-13 10:09:56','2025-04-13 10:09:56'),(146,25,1829,0.00000000,'0xOJnAhKW0Zsh2TeRptgyLkN6Gs4cFu4oRI0EyumHE','J0v4gZduPkQe7UvfQ6CMWGB70renNwoB5YYb2Xc9ZLBrKswgsX1Pvdm0BkHEqYUN','2025-04-13 10:09:56','2025-04-13 10:09:56'),(147,25,1830,0.00000000,'0xYCs2eGOAOTgZddU4XlyMkelJ8sE7d12UR0TJLlVf','ai9CpDh0Lz9hxIajpLavB8DsXOs4LwQ4zSnI5EEUA7ITIvtYvIsdFkn6uEbf5SsA','2025-04-13 10:09:56','2025-04-13 10:09:56'),(148,25,1831,0.00000000,'0xkxipyRuhTNfZOamC97KsiEwnnx1zcF6d1GxhoXm4','8uEHbfWCgnDzTxiFaFZSSkPAi7ZoYFKOL9SQTZQSMeHmcMfhcUOQjjMXmAr2eB3e','2025-04-13 10:09:56','2025-04-13 10:09:56'),(149,25,1832,0.00000000,'0xKfLJxGmNtZCNp8FG8ar9VaE0auvfhwaNwX0RvyM8','f9e9pxnL2ZiJnY9QhonMdyshgCQVwOVTsLiGDHAOLekXpNlD4t3gTfjgRiEhHZSO','2025-04-13 10:09:56','2025-04-13 10:09:56'),(150,25,1833,0.00000000,'0xLOXql9MUbDoJCaxbHft9jc8hCXMdGwDYP6r9Zydl','MqbtKzi2C8H4A5ZWsIvh1Dp5TTKgmAzqC7Y8Hy3EI99ygTB3PPCn9FLj4DukU47I','2025-04-13 10:09:56','2025-04-13 10:09:56'),(151,25,1834,0.00000000,'0xYPYjQgRq9r48az9k8um2ijkTJrqLFpGZJGSHVwGe','EUHUXsVbOrdxzjo6phrxQcFd8V7jrP0ujI5tXLk5YFL37qBnoIjBppEyUKSx5HpZ','2025-04-13 10:09:56','2025-04-13 10:09:56'),(152,25,1835,0.00000000,'0xRvtgOcxttz00TRSHxDDMB3hPEBklAuQDPLy8tya4','5eoc0DIzWoMF3Jgo7DKUkAGkfUd8AH7VHG2Ctb8L6dJZitW6ToznlLB0jbMl0lzY','2025-04-13 10:09:56','2025-04-13 10:09:56'),(153,25,1836,0.00000000,'0xkESzLXPYcCzrzOHUZ71sCXmB0rxOfwj484Y4XPkt','azsIrIQc1RWFEC3TVn1FqtHdvEwpE8ImRQTWmhfOAOysLDBUaId8LrwZBG2R6Nt2','2025-04-13 10:09:56','2025-04-13 10:09:56'),(154,25,1837,0.00000000,'0xumqe4o0naQLmeWQfzh9k2Amj50FdOkBpfzxBD8Pd','x5Ltkl6cFXWK5HmJUsSQdv0NfN3fCsVGeP4AogTHAB3hWNT1i74aMyGfD0z1uXHE','2025-04-13 10:09:56','2025-04-13 10:09:56'),(155,25,1838,0.00000000,'0xnZLsu87TgumLLJp27Oh3Fw3JiMIhaXdV50IOQrdp','Br8lG4vE5FtyL98DDqB77WqOdOzqkt34nr2T93BVGpoaEwJ6pR392UiWjpdRFd5R','2025-04-13 10:09:56','2025-04-13 10:09:56'),(156,25,1839,0.00000000,'0xtOtJBLIQEtqpmbxXWipxVv9cdRsn66yEn33i0LqB','ruwEM9LJMTnqxWTDyi4DAO9X2JF5mKmjTKM5KVgrXRktDWcUyf7vU1NAfDrYZaCv','2025-04-13 10:09:56','2025-04-13 10:09:56'),(157,25,1840,0.00000000,'0xxz2viMgKiBg8wS6t3YMmPgf7F4x60iYN1Cp8pkHk','qfhV0QzaSomk97pMplnvxMRz5qcwncgECpw0frsNVv59yJRRHsVYaNN4odwZMmcR','2025-04-13 10:09:56','2025-04-13 10:09:56'),(158,25,1841,0.00000000,'0xrjmUvgNzhpkAkm3V9k81RhN73NgjQfyfWcUF7I0T','r1qf09ej4kQBbHRaBOiFYfVR7CTDuexci8U6xRLE3tYrEnymRcHyzP4Tqf5HARB4','2025-04-13 10:09:56','2025-04-13 10:09:56'),(159,25,1842,0.00000000,'0xEG0FIc2W2ptmXER4vwDnCt0QZFhckJ1xw75wqzmC','WNEbSS5eV13UvwT7KzRH3zf1Wc5lk4j5fmkKjwqsXCTEFwJLZSwtDGNSQDkKJSA8','2025-04-13 10:09:56','2025-04-13 10:09:56'),(160,25,1843,0.00000000,'0xEf7TLkD9NH1FZpb5gVY4qK9oz9tIuAzNXmiBwY6J','Vgqv11dxg1LTnA6d3xrYTv3o7ibKJgzgtVNGhHyeUih38v3nHT4HgW425qPkWUtx','2025-04-13 10:09:56','2025-04-13 10:09:56'),(161,25,1844,0.00000000,'0xSDXBl25FZtfefVFLqQ9TKwTHLEFsTTbRvkmV9Ug7','ocaTgnbGkPaPn5lXHNPCzSMKr81O0UTA6zY7rz78T61Pu6j0HOeWxRjrCuYoaxt7','2025-04-13 10:09:56','2025-04-13 10:09:56'),(162,25,1845,0.00000000,'0xUzmiu4i8fkfApQvFc7HE7te07ajhpRe9OiVAgb1I','EMjsHTU9IgRUvb2hF5DhPqFWohtTjkz3G9oTXvokwBwUytP6JwtQtwTkkRf8X5xF','2025-04-13 10:09:56','2025-04-13 10:09:56'),(163,25,1846,0.00000000,'0xGcVUfMBVOIu5VlyYVa66aXGeQSaLwiZZnan8fBVL','2TAR3xCgDxfRjYjkem3SfBzu5vjY1tJ8xm1EEXt0yAKAJXRrScfgfsppHhKn2kmV','2025-04-13 10:09:56','2025-04-13 10:09:56'),(164,25,1847,0.00000000,'0x7CSuUElzNaYX6foIIkds3tuESQ07MHEFoBqdbKBA','8pubKvSISQtoAoHHG0sV8F2eep9kRNR8CgXuMIG3d13gPcxcT15urVB9yfdGkcxb','2025-04-13 10:09:56','2025-04-13 10:09:56'),(165,25,1848,0.00000000,'0xjFYnOkb6FzojWAVA5tDapRFBOdySjuV2oEKqxqin','Kxf2SENLiF5hbg6ZdT0Vs4IMf1JoHlXz3XHRIQkv3wVhb1e3yociboXToM6bySEh','2025-04-13 10:09:56','2025-04-13 10:09:56'),(166,25,1849,0.00000000,'0xupZA9i8ZvV7JuVD36ucb32ass3wD5t6TYVuysP9I','74ljOsEsP8sfJt02Y53BDhJ3EVkctwTBMWVD0gh52bfGpklilDFMxuiiIto6WlnC','2025-04-13 10:09:56','2025-04-13 10:09:56'),(167,25,1850,0.00000000,'0xXafJRbuxk2USrJ0JtDnM4iBEpSWRouH0DecVtzbO','DkJVSveyeVH8OOv5QST4RRqCpBSUy3UM4HiOaKoHKQAbxXAXPGpPQ5UucJ6BRkMn','2025-04-13 10:09:56','2025-04-13 10:09:56'),(168,25,1851,0.00000000,'0xUS2uXaodC7v6jDs6pcx5IQ7jSzxB8958gDJUA9Ct','QWUjky2azCgvUPIrpwisQ3CwXCqXqwsTEsxy3QClhZSuFPt754NoAixFncd3IdRh','2025-04-13 10:09:56','2025-04-13 10:09:56'),(169,25,1852,0.00000000,'0x7QmbvN4Z6AxyRL0bFG4NqvBnVQXDvysJsao6Tv5s','IdprqZqzdL38ArPxoQWH4DyfA7VCETYQKxp6WenJwLKvquiImphk59MxhvjyEWgu','2025-04-13 10:09:56','2025-04-13 10:09:56'),(170,25,1853,0.00000000,'0xUwWcf3znbHZId0vhYqG0HQyDPfoHPGZ0NKEKgvOq','FVYXu7f2pvWgSveUCaRMNrWb7t0026vpRL5wAzuI5TBw9tn2kcVepnTiGpquqp7A','2025-04-13 10:09:56','2025-04-13 10:09:56'),(171,25,1854,0.00000000,'0xdMPe6NxYbWKSPvXAkpLRGMfo7kPhN3nFP80qrpzR','8AdI5F2JufiaxO6lHzpUai4DX06Quf47okh0FsapkOF7EB7oOCBB6qzeYSIYIwdm','2025-04-13 10:09:56','2025-04-13 10:09:56'),(172,25,1855,0.00000000,'0xyvEG9GD802bsYFtA5hM5aRKLOHFxAhslsPblYsiA','ArVr4OQjJ258hzTv7xukrHj90bvHLT0l9zfqBS3cmeFDfdwGHzNwRkGj3r1oEdzE','2025-04-13 10:09:56','2025-04-13 10:09:56'),(173,25,1856,0.00000000,'0xqcw2hkt5RckqtHcZi5ziOiC1hTspzZFRMxgwF7ug','q8TUFhtdmuduiknDO5jDQbyzVAZG5y7Yp4j1AloJE5uIPNDtp7jmo94WrVbiwqlx','2025-04-13 10:09:56','2025-04-13 10:09:56'),(174,25,1857,0.00000000,'0x8p5cT0FCNT3KVaVldZ8lNyOFL9HiCYXJ5lXnDHAu','4TJ2cLNi96frym6hmydAo6cVAvpTgW8cNKojtaBe9gLEZu41Ht7JWjYtYtXOjwBU','2025-04-13 10:09:56','2025-04-13 10:09:56'),(175,25,1858,0.00000000,'0xDx3YINcbxlzZ3tYe03UPWjQtfgDq9R4BWq9gPyHt','eAWbVy5FEOSzRpDdvutDqXIvv247V1kn5iBndHSgM9GmRQrSliHf4b1U49OMtCI4','2025-04-13 10:09:56','2025-04-13 10:09:56'),(176,25,1859,0.00000000,'0xId2HWySD8HD83iEvhqHw2f1g7ub28drWNiM77jcy','zA8wFsNXqRAtDwAfOjPSZD0FtFlu6GcMrYIOVDLaDPQ7F7ixllMsvucVK58re6ey','2025-04-13 10:09:56','2025-04-13 10:09:56'),(177,25,1860,0.00000000,'0x2WbHRiuMgoaoZeZlmkLcwHUQurudxeu0eIw3tV4z','MyzxpNN2nRFNhGQFxBm7v7i6K7QXqDtfNZwd9dTr0zPwzinQF9Wi6UiLjKROvSa4','2025-04-13 10:09:56','2025-04-13 10:09:56'),(178,25,1861,0.00000000,'0xbQ4aDSlWgLfZqpXMBsELyzHfuHP79meccnvnP7SV','MHcnQkBaXVcEGXT3ZDP73fTddw9HbRPGjwYEVSxuQTtpixtXRV70CkoNKDMjWzWH','2025-04-13 10:09:56','2025-04-13 10:09:56'),(179,25,1862,0.00000000,'0xeiBfH7FkyEqvq58VT5Q5bhTfqRiP7lUZFL9XlQxS','83JGT6i5ayGTdO8unRAN3lX472Qu9yux0Oz9dmWTz7Xz8gh5jUYyCurra3zDb86k','2025-04-13 10:09:56','2025-04-13 10:09:56'),(180,25,1863,0.00000000,'0xVuNUsXdY4fuUNRD6mNYokIIRhI4VC9xQf1F1pb2j','JmtbRrSMkguPUlDJDOJ8B72al31yKYF4qpTRqtXfRPovQlOS9q4tPwL2k4scQXZg','2025-04-13 10:09:56','2025-04-13 10:09:56'),(181,25,1864,0.00000000,'0xhXwZOj0EMOKX3bvHAQQmEFWlj18M94krpSG6btGP','Jt12B6I6ahoUj3ou8uq4g196GEVGAKfaQyvTqj8kGk9SHTQo7z61bmn5LR9UPTjg','2025-04-13 10:09:56','2025-04-13 10:09:56'),(182,25,1865,0.00000000,'0xOqL0ClM3fq4NQVO6zKEAUEdjLfdRMiuYsu7zvKR1','n9owLMlJ9Q19LzIsNqqpWYONKPCAifShvIMmhkNrUCfIERtaoaHAB2uys9BdeBY0','2025-04-13 10:09:56','2025-04-13 10:09:56'),(183,25,1866,0.00000000,'0x1rJOsc25h2EnFzduml7baF0p1VPwECWEbgYuHle4','jD69f5atbZ0pYt7JEpUApegqihZik86sEDIn7jgdif38tIWPF06AAI4K7SrQ6fwO','2025-04-13 10:09:56','2025-04-13 10:09:56'),(184,25,1867,0.00000000,'0xCsd3TfXYAmmB9xjh9c4k1wbCnQDwq1FxTaemZWI9','L5aG43KXoluQ5ZEpeowZQkUYc22dLpX3U9tz81X7u3YbfC1pjXGVgiFBYN4dktnX','2025-04-13 10:09:56','2025-04-13 10:09:56'),(185,25,1868,0.00000000,'0xrfx9okfIj67HbFnmvEQqn2vvC78dml5Kjt7KrcLO','bQtL1uU9NH00nhPmnXIOvgMl7C75K8zQ5l0WvdRLRHhEAeI4ycz4cmjzqdz3Nhwi','2025-04-13 10:09:56','2025-04-13 10:09:56'),(186,25,1869,0.00000000,'0xMZxQx9eY5kSDaDe0B6xr0w80JbNsN2VLLQ4h4CDE','J41lFhVU5hnVPYIPePtjjW8KY4lE5qg3e2ZVl8j4AytECrATKH23diEYk82zflMr','2025-04-13 10:09:56','2025-04-13 10:09:56'),(187,25,1870,0.00000000,'0xVj9VTP5iMyof9f6M8OUOgDVwiaEPrdBMqN8NF18a','A7xb9aDhjkGLdxyNRUzCrP0T239e5mKOJXyY2ny2gAdsrKSG46XXOlGw6dmxR1DH','2025-04-13 10:09:56','2025-04-13 10:09:56'),(188,25,1871,0.00000000,'0xyeiL4Rfax0gPFUBRU77vxKtYhgXO6QQcGce3rSJo','YfFF4poSFQ4Q8T3kQ0s3AOVX3ZDdKWpR1N6l1PCwVGflfb8l1k442fxqdSlL97vp','2025-04-13 10:09:56','2025-04-13 10:09:56'),(189,25,1872,0.00000000,'0x9r609VsPtQ7ljq9kAclFbumGOshqTrFxcVi4Mcbt','Y3ndq3eUGjzkXYemzOjokhmsuk0U9DzXWhAFO2LUZMAD0lx13MbkxThWe3eW3TMj','2025-04-13 10:09:56','2025-04-13 10:09:56'),(190,25,1873,0.00000000,'0xhhx5IuPMWyuTi2eCJUYtjtJTtK1PtXqChZwModso','Ps0TTAtx3E5hPa7hZrzkwJ1GgOE37dtujHIAspNz2YxqGC6w0jKRy5D6IsLVQesB','2025-04-13 10:09:56','2025-04-13 10:09:56'),(191,25,1874,0.00000000,'0xZSo5n5jD0LFvetjZT5TZ0IR8BSlMdZoCYJNAHmrn','IqdbjU4jPGQajF7cX5doTlcNCujj1BeAY5J0lTD7TQTGVh1NyKMPCql6xg2KFirL','2025-04-13 10:09:56','2025-04-13 10:09:56'),(192,25,1875,0.00000000,'0xHIGV6dwqrwGHvwiovWZMSoq3Mlc1fkO4u7JYavbu','9mkM9Qz8DiDSs1Fohq6EporgTMJiBpgraSYXlHNqPSZP20zsEuWsS9d0I4MU3IjF','2025-04-13 10:09:56','2025-04-13 10:09:56'),(193,25,1876,0.00000000,'0xqiCoGg82o1hwg40iDmU8lT0caZeP8MyrOqpyRyRj','m7D3Vaw4EfaynTiLF2O7nboRruDWzTZ4by8vqTIeEbNEoLHU8QKdvpkeNE6Q1DP9','2025-04-13 10:09:56','2025-04-13 10:09:56'),(194,25,1877,0.00000000,'0x0fA9eILJjWnuFcCAvc2in5chpkuFJeGr1Pmt9xJY','e1YALL6nCyvO04cgUyGs4Mz3KyeZ9o8xPBmSdJ5pFmEXcjA3ILro7aJrtAPgA4bQ','2025-04-13 10:09:56','2025-04-13 10:09:56'),(195,25,1878,0.00000000,'0xxBu1djq38WWd3XTPxoAQC8PsiOGiIeGVlKe6Qkai','0hoYg3dWMGej02NjBhzz4NTyDLSJ8PhKJ9JodChtS7lOSzgLas6DKJRmv6Rg023N','2025-04-13 10:09:56','2025-04-13 10:09:56'),(196,25,1879,0.00000000,'0xzB6Z3hp4WPan5zMVlJEb4gW3bvkQe5nZk0GUufQ1','QfnlpXeJ0g12FvGM3FAO6yhUEUUmUthaW6BRySvcydYVn8h8c2pKjYeamiAAcn0L','2025-04-13 10:09:56','2025-04-13 10:09:56'),(197,25,1880,0.00000000,'0xGqIY6DscjB0DK8n47SeLIcZwWlToiq1Llc3aY4QT','92ip58lIgsJTSbsLHDwX5KTqhZK4DV7AVyTpJoePnNf7MwG8mmBzf27DmLQd6gw4','2025-04-13 10:09:56','2025-04-13 10:09:56'),(198,25,1881,0.00000000,'0xkRVZCGAolsnfSCUAopdMYfJv48Jf6rbFOIBngkN9','XGcLyiKYhAhHkbXkKDN3za8R00MqvUAihIUczpCs6pylN8jxEsdppWjaNWKHemgn','2025-04-13 10:09:56','2025-04-13 10:09:56'),(199,25,1882,0.00000000,'0xwK0Mq1WtkVPeC9njKIQ0FJyalI0FSFH0yZAlO9QR','ErdRQGcgvIMFCY1t9lroZqUUpILiuCE2P85pFeFigKDjnQrk1wtkPj88N4q2gJNw','2025-04-13 10:09:56','2025-04-13 10:09:56'),(200,25,1883,0.00000000,'0x1w9jB8tb2sLJJ7LkxPhxViPvgcy8WvukIFtOxUVU','GMyEoPV83wZibRXPcIHXcc49eowxZ5lHjq0eTmZ7BmNWq7EZvEEHa79Oe8npf0le','2025-04-13 10:09:56','2025-04-13 10:09:56'),(201,25,1884,0.00000000,'0xjqmBlgCccRNHFAE9KS2FKqtyz3jAuyhqFJgjw7D2','IwcZvzif0fKv4JGpVeg8BQZQViwOv5mOijymIEmSlte7zGS2fEyVimarqySErAVW','2025-04-13 10:09:56','2025-04-13 10:09:56'),(202,25,1885,0.00000000,'0xLNyxmGBsL5QWcSXdRMERiTTdaNmWcDp1QXdSD2b7','H5brGUUgurzTVC5brifNcnOvSIjQLcPXC0PhrQyCAgWpoYrqAbAyr4q0XGLv44KW','2025-04-13 10:09:56','2025-04-13 10:09:56'),(203,25,1886,0.00000000,'0xtJNEsHfuYVqfpUqrgYd3ALv8DlHwbwrZzEoTrfq1','biCDfhpxnr4dOD7psgMph3ZDw4k2eL11B8w9wYnbBiTkpWWtpaAOEOJBE8tij3sf','2025-04-13 10:09:56','2025-04-13 10:09:56'),(204,25,1887,0.00000000,'0xkuM9OaLXLqEZl7PQGprbYq3T93kF6ESgqFG9Il0i','cczM0mDBWRxSj4NCIj5FtybB1MwcblSr2WQvCNV9Kh6YcFCO2hIT3tJ6VCs0oxQO','2025-04-13 10:09:56','2025-04-13 10:09:56'),(205,25,1888,0.00000000,'0xn5y0z6QEQU8cMRPPi0b91RcWcFHmC7DK3NNg9ivc','lJO3zijlLiImCXzLnp0fuCfE5DIRZNdZQnrPskwfzEKY7oMLHkgLlNkYwKgU2Gz6','2025-04-13 10:09:56','2025-04-13 10:09:56'),(206,25,1889,0.00000000,'0xlsGp3brpkVpjNFaT0ay7I3eoUSwbLd0qm0p4QrCL','x0UGFh8E17T9RzkxauyKVgKtBf4zmPTlgRjmSiOmwKxJ0JNSj8wNZM2dvbSwiKzc','2025-04-13 10:09:56','2025-04-13 10:09:56'),(207,25,1890,0.00000000,'0xLB3ct6snGG4455NpKg3jcsjwKAGmxAOLg3zA1hTB','Y1rtVPpI4gWczY2Bhee2qzIBbTp7qDwHfPrzJWcDAfcf47AUWIDG3w83j5aEwccV','2025-04-13 10:09:56','2025-04-13 10:09:56'),(208,25,1891,0.00000000,'0xU0sax2bfhBBBST0CP96JrWpw7G7Edvx3s2C84IMF','IMBkSDjohp35HiKikVdA1SqnWoxg8Pixnse6nuCiMk5o4ti5XUR4NU5zJgqbUvgA','2025-04-13 10:09:56','2025-04-13 10:09:56'),(209,25,1892,0.00000000,'0xw5INDiCmpUFNdbgCcp8C7Y7Tjv3Lrv5MiV3WQDmd','hnggNfjGpEhLezx3vGIjrSLw3XebMd3bG9o0ajAKUQhQv6TSld1TKjeI2p83DbFw','2025-04-13 10:09:56','2025-04-13 10:09:56'),(210,25,1893,0.00000000,'0xBXroT02EgdJOsmkLvq1htQ5IoXvAAxnguqMpKKi6','nTUucvfyZuNZjhkUDbCtZnO47jRtV3IfQuXnsF64STmUa1PJLlIKpQQKOpktHefi','2025-04-13 10:09:56','2025-04-13 10:09:56'),(211,25,1894,0.00000000,'0xQjgRG7XuqzAyqfqGAAlcyOujiWl9tvrn4KCgtNzb','WZDFipctu15e6KEtwnsu5MKTtKFlBywPEBe4nAV1xuYr53rGGZnxA3J5Q1JXTsEd','2025-04-13 10:09:56','2025-04-13 10:09:56'),(212,25,1895,0.00000000,'0xJMwmaHFpkBJO9qxw3CPtm7UkSgIgE3DSLvKyS5jk','EY9lr1ZOeZHqigNAh1CrDa8zcAAu2RVfBCGMI5dJtcauQbIl7HrGbVrPT5UIt05O','2025-04-13 10:09:56','2025-04-13 10:09:56'),(213,25,1896,0.00000000,'0xFxvlwjwWAZpGveMyiw1WA3fT85HdKbzTkk7dGRcL','ByUYeBvFVv8aA3XyKCgXvpzztaSmqQfmZ8rsOKWlZ8lxnTZBe3tIynoCXXq9vNf5','2025-04-13 10:09:56','2025-04-13 10:09:56'),(214,25,1897,0.00000000,'0xAlpLmQyFVYUpl34fll0ebno9isK9YGQyF2qmkyH9','RBlHEntNcmNFLYZThguE1CTTi7K6qj4IQPTFQeJtPnt3uhYJyQ311CpS0N0eEMur','2025-04-13 10:09:56','2025-04-13 10:09:56'),(215,25,1898,0.00000000,'0xjxQOLoFGMJoCg8LSpF12YL4vruVnwKVxoIw2pMj9','wikvf0S2As5En8YO5X85Kp1BkGFSSEqsWQXPkPPqYSBkeDyF8usLObBHkUnaAzB6','2025-04-13 10:09:56','2025-04-13 10:09:56'),(216,25,1899,0.00000000,'0xnQ1C5GT3kbEZQQtBfkb694sT0RFPEUWHHSyFf7Dh','WoyYZ3HSgrL6O15GU1xZj3aiMTTgcmhD2pSTlqLCj74JJsdG4DCyA2JLgXUJAQgp','2025-04-13 10:09:56','2025-04-13 10:09:56'),(217,25,1900,0.00000000,'0xo0PqojuqYavxZkEiOyVTV1HQfwMpwxWJFsU892cX','414ZO1aS4YOe6JjXC2vD9ffm9GE8YPtTOSYVjJa92jYoAG8OPwDLZ5BTq55YQQ4V','2025-04-13 10:09:56','2025-04-13 10:09:56'),(218,25,1901,0.00000000,'0xBYIi7qOkjqA2glbZrw4KVxjgpSqp9wipGjuOewbR','b5GepAZWtjrphatNrjcu3MjyIJyWmulPIUMJcGWidfEtuYzRyvye8u2oZWD9X9tp','2025-04-13 10:09:56','2025-04-13 10:09:56'),(219,25,1902,0.00000000,'0xCHFmGnM3gGnIQMxg3UemdnQ3h1Lf928ATAZharNF','M52IAPfF4mtR5S9V6CkWPchu3DhjzUvWWRFDXOT03HfcX2Q7SUri8xP5pYFVjxKK','2025-04-13 10:09:56','2025-04-13 10:09:56'),(220,25,1903,0.00000000,'0xg2UG9YlFEWLkumuD9HrQNt8IVbTkC08ncJgUahIs','rnm7ge9OT2pbTQqD2gyWx6Zk7piUBrr5yenL9v0t2mmuERhVo2eJfR072BxSMMVE','2025-04-13 10:09:56','2025-04-13 10:09:56'),(221,25,1904,0.00000000,'0xNLfCFUOkxub9cbKox52Sv1LhfafcPFhWpI0Wmz3z','a9QfYIjVVUN2Xx2tXo8j9YlrBm8NnJk7chToX8P6w74s7b12ezn0o8HjJspb43Rd','2025-04-13 10:09:56','2025-04-13 10:09:56'),(222,25,1905,0.00000000,'0xZKasYFsK8zPhwRrE4hmK9viSd5ciRL4WyrigNdSq','r7uU0RTJpBWDYoKeq6sTLVFvuYq4OKDB5gk0CHoxXjv61jSq3RaHOfYHcpi9Inzi','2025-04-13 10:09:56','2025-04-13 10:09:56'),(223,25,1906,0.00000000,'0xcPmjAirpkerbU8XDDpvrY7fUmBQIivHqmaHThZTh','fBiBXQ2YzrCRUxyDY8mZVVkE2Dbwb0FcW9wXbbNuPduAp3yFWit98B3p78RWIc39','2025-04-13 10:09:56','2025-04-13 10:09:56'),(224,25,1907,0.00000000,'0xtkR92ASq3EVfe8pO4Zr41Dbg5i374fXQALjrsKnZ','7cuL4pTcjeNXsvAMFDUjO36aOhovbjst5670VWhhYeXKzpI3EurgRiVTJv2cyX2g','2025-04-13 10:09:56','2025-04-13 10:09:56'),(225,25,1908,0.00000000,'0xrBGsYk7ULn0LW2BgdXJPWaTZu0MAbXYxMxCHbpkV','hMn2MHo9qjqjXzA8yGgnEEvyhMqM8DLyLZxwjHRaIeal2gqyW3tGd8HIsjdWdg5g','2025-04-13 10:09:56','2025-04-13 10:09:56'),(226,25,1909,0.00000000,'0xyU3g0X1etQaqWb0tKR65NwYqUZcgDf2yLRl2jhBL','bH4pyiGBl2a1679imUoK5EtKurs16veIIxFr8O7HFPHNcltVFdVYBW8oxWlIohhA','2025-04-13 10:09:56','2025-04-13 10:09:56'),(227,25,1910,0.00000000,'0xlTcTs9zNrT0YwTFS5bvbYEVjRbXiH4eLgOxLAJNM','UI18ixL2betfLXlvWHjRqLKYurLii243VeM2HhcuH9UknNZH42O4sqb33XokC1qI','2025-04-13 10:09:56','2025-04-13 10:09:56'),(228,25,1911,0.00000000,'0xoPeSKeFscRXFnELksfjLbJPn3qjl6WukmkpSpO8H','S7OjXY3ybzeua4XdxOsslGWde3OT2vaqNKQBp4OTKHgaqb9gPExm2TpiLLwJytw2','2025-04-13 10:09:56','2025-04-13 10:09:56'),(229,25,1912,0.00000000,'0x2R3WT38MJ0j0YsMWaq0ogZVzCrN7n1MvV4EGWIlO','3R1Tf5eokSsCmfVtIZf5qW18QE7duuAMMuhMOt8OXrLi46wuNynLR4A7XHl7EISh','2025-04-13 10:09:56','2025-04-13 10:09:56'),(230,25,1913,0.00000000,'0xfYC7FQe7pxP4i4KVU9fEdErmiGBnnMaTyqhnhm7n','8ttYiwdQO3BFi3BElcExLl5BUdbhheWVzk9kKzEq11I5M96OHjOyXVts3R1DkEul','2025-04-13 10:09:56','2025-04-13 10:09:56'),(231,25,1914,0.00000000,'0xc2sU1F3yGrqkZRYbXeVLa2q5Z46yuTLpqagHXZEh','GDGRCaVzieDs1J4QuCHisUzdbu8nYoSd2SgO50DWPh8GDkr45oLZB9QknwgAJfjM','2025-04-13 10:09:56','2025-04-13 10:09:56'),(232,25,1915,0.00000000,'0xpiW6qcli6ue4Od4p4OWa3z2jJJXOSkloSEhqJJnq','A3pnuJhYm5CFbaY3SEcJpmcFXqU3nDWpg0e4U3FM0Yunu3ss32PuD1pLaoa7TqMd','2025-04-13 10:09:56','2025-04-13 10:09:56'),(233,25,1916,0.00000000,'0xJIfVemhz6EULzPT99QePk9xpT1qslbTYj0NNYdGY','9TI6MW23VhZgiaZajnNcQ1sxnZhe4NrTVQmRxzUoJcE5pJh9yyCWpuO6GrdmFH7B','2025-04-13 10:09:56','2025-04-13 10:09:56'),(234,25,1917,0.00000000,'0xjIwkwGsALbEH7RU3C8pdPyYSlRmVMk2ng2MOsaTn','X8LzFFhcpJBWztfMh9XIf4olPgSFtR6AGRMHbAPL7rgDv4tWGKxTsivLhGp5NIuR','2025-04-13 10:09:56','2025-04-13 10:09:56'),(235,25,1918,0.00000000,'0xF1QzY0eAw6A4kN9EtlT9kOa0LBpjy2lyZOV63taK','OssWBbJDiZ6gRzCTrsTkmR4ZWLNHjbBuOWDLGiZuxaUcCrjxeME0070jr6ZEz7sr','2025-04-13 10:09:56','2025-04-13 10:09:56'),(236,25,1919,0.00000000,'0xavsj0KXoz2EVQwaBKUABVWHREbKqKl5vhz0BxCx6','qCE1qcacxf2SXLW7xB50wvrvLAhcyORP96yd471cJFNlpaMPrXJ1SPSk1bf31L5P','2025-04-13 10:09:56','2025-04-13 10:09:56'),(237,25,1920,0.00000000,'0xDkSWcmHC4sfdoYpbfe3lzSnyIjWpEzqMlBW1j4NE','MEjHUFnZrseD0jKJJjuk6tD8thRo3nTvgzq3LKvLe7JlVJONn6LgeTmIXAE2Xqye','2025-04-13 10:09:56','2025-04-13 10:09:56'),(238,25,1921,0.00000000,'0xcME0DrUwzctli7HtlYl6M1D8c2W2F8ypVbR2aZJ0','bZt1lPY6arn3SGbk0LcGBnIxJUcFalSLTCrUi5UCfsFTb9esE3eRRimEUVB2i91c','2025-04-13 10:09:56','2025-04-13 10:09:56'),(239,25,1922,0.00000000,'0xnH4zoO7Nyu5tM56NoWJuWTDOwsHGBdaQY5H54TkJ','8jzWmc1haMMHvnUU9RA3W2pZ2QHVnTIqJ3FvtInanpgJnfronVOwbSobWaVVLbeP','2025-04-13 10:09:56','2025-04-13 10:09:56'),(240,25,1923,0.00000000,'0xqFOOlJKgF0HmFXwwlNTdYNzaqPsuhPxslt6HxjLA','cyUNxg9iswtlGLntAXVIeK3uzGv5WLdLATzoaL2bNeazy9HbdBBd1J7rzhDxkN0e','2025-04-13 10:09:56','2025-04-13 10:09:56'),(241,25,1924,0.00000000,'0xv9ap4dp08Y2XE5zTYtqYIkceaNzpQ8XXmTEPbW7b','3KTdtQlqYxzz4BksnKKwjqbxLCejGp8HjMpLysPlbxwfjBJGjs8tdRZU3OVy4YJW','2025-04-13 10:09:56','2025-04-13 10:09:56'),(242,25,1925,0.00000000,'0x9vDkkfzXuO4L6aVgmk8CQJ2eRxWLS5NAP7WWujo6','wH9jCGJ0N1JtbqlBNtgDo7UUaykjCLra8t3huiNSogcDxsfaNlY8RxKbc2xor7QG','2025-04-13 10:09:56','2025-04-13 10:09:56'),(243,25,1926,0.00000000,'0xXdGAma1VZQok9c8UTL4eLqxCiX5grd5QwnepS36a','YxHWBFEGj8c2CR1nlo6mRB62Pkl249Qg9P0Agr02uTHRxzyrJo0iSoZfUcFWtX3m','2025-04-13 10:09:56','2025-04-13 10:09:56'),(244,25,1927,0.00000000,'0xingrO3CyqSfVCtYFTIWQSwMeSpEKyMwh6SxL6HMH','hYr0W02RhHLFFGQjYGzGQt75lVgJ3qKOm4HZauxiORS8J37nhnqAf9jhlUeNrzUv','2025-04-13 10:09:56','2025-04-13 10:09:56'),(245,25,1928,0.00000000,'0x0G1QTWLLxtXuLbdsCsY0Mkgj0FAvte1oRnzQ6m3o','AB5pYiLpQT0eyXA2mG6CFLWnZMYT8ZnoHchy1vJUdKHdYlH3X1lVf1BrbGRBZIdF','2025-04-13 10:09:56','2025-04-13 10:09:56'),(246,25,1929,0.00000000,'0xAoaN1gTIZ2lTQsvWFXaxRaDMnlkPSPeJdESTvNsA','CadTtsMDJceI1DPRqdVXaYh6A6OhFxspUHREednB1Q2f27B9d9PXS8SdKSlAZ2XR','2025-04-13 10:09:56','2025-04-13 10:09:56'),(247,25,1930,0.00000000,'0xbDYOMHFFCauYqXpXmTCTZPVj4X8hVJWbvQ2IHVKl','qYJ0sdcBnKHlWaeTksNaUjLzGQQBzUuYpf7MfAVpVwVxNIajxg7BVwf0azkp8dTW','2025-04-13 10:09:56','2025-04-13 10:09:56'),(248,25,1931,0.00000000,'0xdohDPNhUxe35Sm3g2EgKvFf7EBgXk3ROIuSKGSDb','EbgUc6zzCfZVZoI9I97U9OcpCLQeHPTRDc8HObzJjzFPYqu6JwJBJVfWqwkfDqjq','2025-04-13 10:09:56','2025-04-13 10:09:56'),(249,25,1932,0.00000000,'0xILqQtmHDGVahNvXXozvbJY2BoFSvSht0E609muFE','7OJl5aipigIyTl3aUOowAlx6qDFV3lsXSKLBhGdCW62QIhVDyeoMeJWgd3i9UTFE','2025-04-13 10:09:56','2025-04-13 10:09:56'),(250,25,1933,0.00000000,'0xg87tGx6na5eywSqMz1iSshnk614Kl9YdZOOuanu9','GnOonz4ATzHIYuroDI49J3yTMFQYSsZyl2feHAFSe17X1tzxvR5ERlE5Vgglyn0Z','2025-04-13 10:09:56','2025-04-13 10:09:56'),(251,25,1934,0.00000000,'0xggOcAZd9SW9ZB0IQXul73Wrcm3x6iOfErXZP0cES','CoBlP8QBhTVCFRSuN3JphsaSg49beBKW4FufH12AuvAtxCS6Z9IVnh1D28Xf9f32','2025-04-13 10:09:56','2025-04-13 10:09:56'),(252,25,1935,0.00000000,'0xK5YQ1foO2Zk4io6J9O1w8nEaMGgyKu2JOGEMpbLy','FQKVsZ2k7uIRhMUOR39I9UNv48M8eEkKeFqS60dJqWVHI3lq71jiiaOZ8qXP8rqj','2025-04-13 10:09:56','2025-04-13 10:09:56'),(253,25,1936,0.00000000,'0xHxHVdZMlyRnzjNC74x2qW17G5JWKIMGCN7OsFqKn','1hjCpQ0lQ6anzzmCPF3A6OzXLDEpZwcKbF6Oq8p6ve4EHiDlFEr5Q50XAm6H76VN','2025-04-13 10:09:56','2025-04-13 10:09:56'),(254,25,1937,0.00000000,'0xHpybssuY0QxOmk2ByeavWnfkSct0Vfamu9rSuKAP','dScciDLSpQ2s39QMFAOuOfhn8pwnbmBWPPaKnojP1UBeeXOx4cIpPnViGNJ0SiCR','2025-04-13 10:09:56','2025-04-13 10:09:56'),(255,25,1938,0.00000000,'0xT2Ei1UzbjJOIrSOzaoRrVhnj26opOAJcB9VkY5gX','AvPc89FN6GZc8uNs4qVA8LTlctbLT1L8Ng701ZWSqbE6BI8lYf1lbEtMQ6KqlW3V','2025-04-13 10:09:56','2025-04-13 10:09:56'),(256,25,1939,0.00000000,'0xyQXSenlwdi6OlOnW9BN7fPxDsca7CgpSLiRds7eP','ZowiVuTccjG8HBxJ386UCx67bzGk06bUqqelIlnCBM6s1aErByuOUogiKpnuJgxc','2025-04-13 10:09:56','2025-04-13 10:09:56'),(257,25,1940,0.00000000,'0xbK8rO5oYaiazl9CNtQpUALU9hOmY6VSKU3Xw4K6A','PLEXgRG0sNfcQ2LX3V2dXFTZm2awRRyWZsZ8Ky5VnL72PFriwRfQyKzirF7hzRHA','2025-04-13 10:09:56','2025-04-13 10:09:56'),(258,25,1941,0.00000000,'0xvmXU9HB8fo1okV4XuL2WDPz8xjzhNuhP5m7aoM8h','wVaAkbv9QlHwTNWgkFhQosi1IRswna6oz9csjjUljYXUJZS5ftnfs5pgj8GQ4aSr','2025-04-13 10:09:56','2025-04-13 10:09:56'),(259,25,1942,0.00000000,'0xck7W9lXi1IRXncet7WDbvT5mUkYsmpmsZDtkz7tn','e8mCSMMW0VtsX3rdKXWXeLKoxh4FqSwbI2S3HFZvdrIBC5G6PAunVBJSaWjt3RBv','2025-04-13 10:09:56','2025-04-13 10:09:56'),(260,25,1943,0.00000000,'0xRKxZGa6Hxaqnohy5yK88VFNCwLoNUHdrLkYNWSMX','O86ehx9NPtsok8vqOA0QRTZg2o2dpQbp5UFcP6xF1ZtXQArYcHvoF9ctzBtJthzg','2025-04-13 10:09:56','2025-04-13 10:09:56'),(261,25,1944,0.00000000,'0xytsVRBpHnws2CR9wdqZyG8n7z35pNLTvuKh682jm','XpZ6MedV1zibQg5nhlYeSJts1XH565ya41GzdvTU8WoCFLd7UnTJNS5aD6FNRJnO','2025-04-13 10:09:56','2025-04-13 10:09:56'),(262,25,1945,0.00000000,'0xLk8CeBMF7Oremouu7IWxLU8c62QSFXIscNavtr1I','QFdbqlRSiNSKbK7nn9EVAG42JJHqS7SIEvTogSsyqzll7mSOQfCoPcQYTqONPKzk','2025-04-13 10:09:56','2025-04-13 10:09:56'),(263,25,1946,0.00000000,'0xWgXbovgBb6TfkybAYJuNQJDmVdQV4OUnwy9v7rXc','urS0QLRsG3pwQNomjrBlwAz9xf1C6tSzAFafGRsv8hSIi7ZCKzdBd8pSSuOAafg6','2025-04-13 10:09:56','2025-04-13 10:09:56'),(264,25,1947,0.00000000,'0xTKYg9Pdj952r0yKHO0ShBFmXXoIkfzEITA1OqNVs','yNL498Ma4f1mUjEHci0RunMFSoWBgk6mFtUVNIyRm60ZcObmJMDLJS6EAieUpntZ','2025-04-13 10:09:56','2025-04-13 10:09:56'),(265,25,1948,0.00000000,'0xqzAUJBTx2EwfA9KGg5fPxWx0HPymergVxOLvgnQ8','tOZyy1cRPfzAECQvsWutlmI2B1QDhyH2dcNquVoAGWZp4iWMEWF4lNNJ0tIstdnz','2025-04-13 10:09:56','2025-04-13 10:09:56'),(266,25,1949,0.00000000,'0x46Jei5b4FLaMbrODna1idtgN0zfsveiEEGlvA14v','s3NtZgyNSVJsy5Hpoif13rRlk8M8RGVJtfawhDeJMLw3zexupAvFgaZguqx0qlBb','2025-04-13 10:09:56','2025-04-13 10:09:56'),(267,25,1950,0.00000000,'0xLHVXE7h2aYIRQK26ybpmpr9OfQXLIvizN5G3qA8G','7WGhTQiaJWbbmgQlMNpsYJfzvBaQjnC4giufXdwazH7ui3aA3wrK8ZcKOFVfNT4U','2025-04-13 10:09:56','2025-04-13 10:09:56'),(268,25,1951,0.00000000,'0xcnGZ098dgWQiDBCpk7JjFWB1bHUfXWpDKzJdPkeO','bnBS6eWrbB0Gxy0DHQoMYnOqDYtgw2d3qZa3AKytz0AkEln8oGRHryfV43hu8LQu','2025-04-13 10:09:56','2025-04-13 10:09:56'),(269,25,1952,0.00000000,'0xRbKrfSOhmKKZ65QxAbDZJu18oVRbja4e4MUcPMoi','VBEoi3wtqhGUjGJ47R0MLdzfU5zlf63WMmiCVBTeZ8k8wWxioXPu0G0sKEY6ijto','2025-04-13 10:09:56','2025-04-13 10:09:56'),(270,25,1953,0.00000000,'0x8ZzQfRvW6rCkoqmnILJB6IYZZ64wo76lDTG2erWq','anxDwMaBaV1u2fReQbaJz9IkAEdTNjvBo70LpJO0TLo9tfUmWY46ohaaRvqWxB0X','2025-04-13 10:09:56','2025-04-13 10:09:56'),(271,25,1954,0.00000000,'0xfWfJYsX1qioqE35Qq2QgI1WNyzZNOA5CmNnpa3ZQ','9Oc9nEaPorpTYioW3gyTUfzoTFCJZ6SRnNrdqFYcRXMSuZfNB5HKVLsVR2geHM2J','2025-04-13 10:09:56','2025-04-13 10:09:56'),(272,25,1955,0.00000000,'0xDFZYLdGcINqpZ3YxlhTGkJinfvB2i2gpECIJGsWF','vwLCdE1C9Eh8Tb02dudp8ARwg0gTd4jGhjApRNWFWwbUgvhTVdEerQjHVtrOVl5q','2025-04-13 10:09:56','2025-04-13 10:09:56'),(273,25,1956,0.00000000,'0xghsrNPVX2xEBezzVs3rAc0kthzNQv4I1cLFiNiyE','ge0TIpuI46ElNkWDu8FYBMZyUQGEUmT5LmfBAxg4xBlnhRdsnY0N8IcffxOsOY53','2025-04-13 10:09:56','2025-04-13 10:09:56'),(274,25,1957,0.00000000,'0xLi0Ldxej4ZRJQyOBT5CJa2IGPGVlb6XjpFneuech','FMH9b7izormfyUr6XdD38T7Su4FV5XrX8q5cODrJ78MF5iKbsiRIjvh6HmmMXkN8','2025-04-13 10:09:56','2025-04-13 10:09:56'),(275,25,1958,0.00000000,'0xeduppl4UD6a3YIjvbZAYaxGuHoy8QSshHSnkeHO7','hfSdE3sjamgQQKysKsNUoYfdINiYngd57gIpl9hTgv2CkY9StAOlDzV3EmSfXOOZ','2025-04-13 10:09:56','2025-04-13 10:09:56'),(276,25,1959,0.00000000,'0xx3zEaTxT8ioYDuuA1ZSYqRxODflfzovjr3xmTQnZ','6zEvHOaQjBqeV4XAyPuVUzTgIFCInuYPFUTKo9OjvmZ53hWOFEOJGdo3PpC8SlTN','2025-04-13 10:09:56','2025-04-13 10:09:56'),(277,25,1960,0.00000000,'0x2xOgVxfmsZlBZ1NAb1zw9ogZ0iBit88FPCUfSd0Q','5hAKl1S9ps3JY7nPTKUC4Eux3RyYAhgnKXNkSfJZfR9gn2jtclWNL378WwBb3OjD','2025-04-13 10:09:56','2025-04-13 10:09:56'),(278,25,1961,0.00000000,'0xOHX2uLdf45Rru6NLrVbUwOy0CcmzvCkYyNOZMIEB','rMoLSw81ZiPPkHN04tfCLfhNEk30ELQfwlK8vzw4vqw0F3pjq6VRS6meHKEU4lvL','2025-04-13 10:09:56','2025-04-13 10:09:56'),(279,25,1962,0.00000000,'0xhhOf1icRpJUULnxo8EviIHKcehTxMBJ1A8J48maa','uHsfYnZuxlyryMexsBcJLrr0naUBfue8kGH1TaSztC8BMwaV3kNNY1JxXG95wbTb','2025-04-13 10:09:56','2025-04-13 10:09:56'),(280,25,1963,0.00000000,'0xbCLa5pCor11FNOENSNfJeHHTYGVRNnNeI8RccSNQ','XXnjPVJZar4RYoyM2ChM7mEU6lQpYiySV9Vj4tKauazN3KqgaFkfU80F7kmheGuV','2025-04-13 10:09:56','2025-04-13 10:09:56'),(281,25,1964,0.00000000,'0xxNPb3CmfA6Er95lt3Kn8zMovJtDCc7rbuTEnjQRV','ZIq65K0mxHt8PDJ47RUBNSQG0KYiAnoIP0arpr4zex9PyDgHsTDEz9F92EtUfZnK','2025-04-13 10:09:56','2025-04-13 10:09:56'),(282,25,1965,0.00000000,'0xUH5dbW8N8oZXFI9FFYnGDGIMUzIezfCOyh0vSo1P','4w94VQVV3vfuH9Kj3j7oXdHI4n3Zx6FpTzjF38h9PbpKMdI2YaSZls9ez8aor7uu','2025-04-13 10:09:56','2025-04-13 10:09:56'),(283,25,1966,0.00000000,'0xcDRWvMWmhjhT2O9Gkzr6HndNEUoDWDGwyQClWdRP','I6D8fE9RNlwViaFLlAVdGBf8XywHaK5fIFV6euCOUROdaUXUGfr6dMzqqPP2no3U','2025-04-13 10:09:56','2025-04-13 10:09:56'),(284,25,1967,0.00000000,'0xeS3WbhYguFVqkrc9AdC5aWpJ0Tvs1NbmfjyorQ2y','Y4ReZhfxFqaYBGz0WjIouBReKCNgwwO9bC9ADQ2e2YFENyLIawp03jzuuWOwPJQ5','2025-04-13 10:09:56','2025-04-13 10:09:56'),(285,25,1968,0.00000000,'0x8ANGPYjcjDptcuTFaqv1couQXgdVcbPHKwSBm7YG','75z89gVhkF7ScYDoZAFS7zSaiHdDq32vIbjNv4hw4ThCRLcX7gGyIkfwZYjWohEW','2025-04-13 10:09:56','2025-04-13 10:09:56'),(286,25,1969,0.00000000,'0xysDUzsbL0hyqV9yC215QVqIqL8pFrsLfDyg1ud8I','dmSmLF0rY5hXNJml34AaOC2TfJB1FKh0g130YmqMddGwMWLp69NDYq7UxgY4SSeK','2025-04-13 10:09:56','2025-04-13 10:09:56'),(287,25,1970,0.00000000,'0xKQiIVmatQXoPvgtkqQZyqAhj19oH2wFt2YZmqB0U','SKXdVeeZIlCXYl9oWIQLxSnGdIcBpRTv6gOPgehnauJsePqQYiGaHrcWAty581lK','2025-04-13 10:09:56','2025-04-13 10:09:56'),(288,25,1971,0.00000000,'0xThCXDbSLUWmK06dQC5D77puKoxHcxB1s6FwQ53sG','mUnv22xCoGGo0tARUXD79E2bnSjYcEH8RafSjWGEpXcvri4BKGq4tozTDsEqeGel','2025-04-13 10:09:56','2025-04-13 10:09:56'),(289,25,1972,0.00000000,'0xnSOEWOlwYa7jAoi6D8IkVbazUrpldk4l7P3R6Uvi','tGL0G2JsuZSLTnlIceJBkUnIcP3C4e4Gwxto5r6Fq1r9NTqD7YhmJQMtTLPbHWjc','2025-04-13 10:09:56','2025-04-13 10:09:56'),(290,25,1973,0.00000000,'0xB6sNf2ymr7FGjTWEbprmZUTCDZz5RZbmCrUCwLqT','3lmbthpxHB1k99A2HcwFdvNsTWiQiQjHIndNcFLxwhgVx9cL23UfAh223Wyfgkx3','2025-04-13 10:09:56','2025-04-13 10:09:56'),(291,25,1974,0.00000000,'0xqjCywt65EwIhWfzOKyV6SuwHwGK6wJMoMI66MFzK','HyJ6ppTHGkLIW9W450WLu0ZdvaIryIxkiqhJ9li8WSSseWn0KPgqhlVKrn3sQ4pc','2025-04-13 10:09:56','2025-04-13 10:09:56'),(292,25,1975,0.00000000,'0xbpWsaRaOSNQ7sGKwfBFwTfcQrEAZSWHsJ9hIMhCW','vTt1D9jjqTKJwDMoCfnKQJYNhQj78ovu9aAeW0XBvVeY1IRWlxkhegW1fawLgSVS','2025-04-13 10:09:56','2025-04-13 10:09:56'),(293,25,1976,0.00000000,'0xUqfsysUS9Itv5qSi8612lzCrYVHJq9P4ehtU4dj2','rP1o9Q6yUbDnUcNuA21NxVMDLwedROKSzDZQRmp9BcemGTgY4VylWOprgTTlF8qq','2025-04-13 10:09:56','2025-04-13 10:09:56'),(294,25,1977,0.00000000,'0x2qCWEcPosIMpcwZcvUpkdy0xQErZs15JaXS7uxw4','4rUG5GrrMhl7RIXpuSEk7mWnca5LekCNhvmTrQmFUoMPKxikrHfu13Zu3F5tKMAP','2025-04-13 10:09:56','2025-04-13 10:09:56'),(295,25,1978,0.00000000,'0xDNsv7XGNqtv0zJ8EZY6feJznOtwhacasqFcwhfk1','BpDkjHlnupnhz1RM58UPb7F0Zh2bSnf9WUcH66Jg6uiePiABSUKrTbLy4E6eA1dS','2025-04-13 10:09:56','2025-04-13 10:09:56'),(296,25,1979,0.00000000,'0xDNkj2GASOWmrunYRLnr7bMPfZw1CD2xKrq4gUbqU','IkHoIYIedHfxfh5jyuIuJ4jGKVZkM7CeaW1rszCs2xZo23L9Ppw7xdRtSC0a3Adt','2025-04-13 10:09:56','2025-04-13 10:09:56'),(297,25,1980,0.00000000,'0xg0xaNPPvPnRIn2vxZUODQDgjGpMIXzbbsHLeUx7s','6Qb7duoq9SRvleglGt0vZWSIdiZNH8ygaWsMkuFvWaWZlyroUdwBfRvRc8aOTIxc','2025-04-13 10:09:56','2025-04-13 10:09:56'),(298,25,1981,0.00000000,'0xNTCymfXjGnOPGUq6V8dp3nYLFjd30md66AIXxO0M','f91x6E7AVQE7SXyIxdQIok3vwJ9VF0AJ6o2RPndO47vepFCD1LS7Z1XWqDVNg3xj','2025-04-13 10:09:56','2025-04-13 10:09:56'),(299,25,1982,0.00000000,'0x7mlg7mMJiAHqRnCl8h0NgJpfTaXOs3HmXMdf1k6S','myA54RA3xYj6Z9jnmWn36Y6m8Nr8UhoWJdE5x0mhtmWHAI0Mh7zSRVIJoaUe7UcA','2025-04-13 10:09:56','2025-04-13 10:09:56'),(300,25,1983,0.00000000,'0xEabkEYR4dmQUSngCth12RE5kP1oiL8YA6yUv3yOD','LWrfCEx768M2vB4afugrGHmku9BQWQ8Nm4naxHEo1Smgzf9wJNyRWPPU4IJu7dKH','2025-04-13 10:09:56','2025-04-13 10:09:56'),(301,25,1984,0.00000000,'0xQ6sVVJyNzrJYbLzCluMa7imOVra8ThePQgSgar0c','CWISrH4wT0SGNUO4Dq1IAy7uF7fZbSIi9ZhK5x48sQ78iDaA5e5Ijc6lLthg3Y9f','2025-04-13 10:09:56','2025-04-13 10:09:56'),(302,25,1985,0.00000000,'0xPWVHHgS7Gd60Ky0f0LoUsLptxyqg18slLoI99vZY','6WVmCbHWSQMdRmVGnbdwUodyubPZrJIEpJfNDxaUF3rSdpyAjUWHfD5PhMxETOpn','2025-04-13 10:09:56','2025-04-13 10:09:56'),(303,25,1986,0.00000000,'0x6LOQJTux07mCJ8IiLoPEbgf08uQ5UalzkuB4a3hy','j1g4jVVTJ9XAbG7OjxRHb2wjOpBuxSVixswV0xm58tC7yNPfEOiz9R0FCyfDqgoq','2025-04-13 10:09:56','2025-04-13 10:09:56'),(304,25,1987,0.00000000,'0xpZeGbpCbq7pgsURFkNE8cjaAUjPHlYLkhQbkZ3mK','FetFAwmQmCWiIbS4WR1Wi1vqocOc31vFq7YAAAPVVPUzmoHxnTvUSsY4LPlxYQYa','2025-04-13 10:09:56','2025-04-13 10:09:56'),(305,25,1988,0.00000000,'0xpmVZJgsSgCO42La9fGYUpqbd3tGjPO0sRZZly195','W1efICW0RcpGFT34jnWZ0lsd03aDoVIIQpGvGgvnFJPcUsVoulDccBrOMd0bYqJc','2025-04-13 10:09:56','2025-04-13 10:09:56'),(306,25,1989,0.00000000,'0xfI2iDGMj0nbmMZwoihpQ7SYh17zcPJTVTUzuUjie','ljybC38ZOV56Jx2t7kgE2GUlwW8aQUveKTIsybISycu1UObJ458BketfUr1bVstN','2025-04-13 10:09:56','2025-04-13 10:09:56'),(307,25,1990,0.00000000,'0xLmlvjntuQnCXOyWij8a6X1FGsE9pEzp7FvF1qw6v','rgt4C4YYCjJxbNYASiAs7nDTCRgh5RUKmnMZ06xuPLFT4w29QZMFzPLIAqC753yf','2025-04-13 10:09:56','2025-04-13 10:09:56'),(308,25,1991,0.00000000,'0xIPyR96yVDXCbsu3lKqxCsf4nqWl45OBOCsNfjFfO','VcQdez4JUGXU1NSOp1QjgdE41oOwRMMB5aeWpRhoRvPR407c6rl5WtZuI8dIIlvN','2025-04-13 10:09:56','2025-04-13 10:09:56'),(309,25,1992,0.00000000,'0x3ZjjK8Z4PyQrtaeUmtRhlNemV6VzPOX3362gA8em','ZtQUzj1oD2EwDJBCB2yJIJzrI7DGCdsiw3X6NXyXAVt1mW9BLa3ZRWkl88EGFfoW','2025-04-13 10:09:56','2025-04-13 10:09:56'),(310,25,1993,0.00000000,'0xLWj0ne77SNGhZYCInnkvtP7Fwua5ZLaztIbEh8NR','kJDqCVPiVXbuK5ABdro682GxIC6O4BiYfmFyNmI1in5f8TZ2dJyIsGYTJ1UREblD','2025-04-13 10:09:56','2025-04-13 10:09:56'),(311,25,1994,0.00000000,'0xj49G4OTduwRTILsNSKkjgTMcOpYbXI8040AKHhSY','6DL83uiNxEfCUeco2766eZs1l82SCaYOAh5caXh8lk8VxR6vg5sFcwH4mndQtViL','2025-04-13 10:09:56','2025-04-13 10:09:56'),(312,25,1995,0.00000000,'0xMlt4TfArQRc5I04DCVN8yfU54z8vZ8WhmoG8Jf3H','bPe0hOYnM1nLe8b1nSpwJd7VENf1MfbPV9qevHI3JyHsm8TZ91BxFqQUayI9ihsS','2025-04-13 10:09:56','2025-04-13 10:09:56'),(313,25,1996,0.00000000,'0xQYLqu7RhXwaTbb7C1i5V5e50eyLixBcROwYqVyeY','DgU8KGiUXoSF0CoY29adftUa3qfuLhIrKQtriFXa8iHhGQbAwawha25nAPFyqtDq','2025-04-13 10:09:56','2025-04-13 10:09:56'),(314,25,1997,0.00000000,'0xeULMKlVRKdBq3g81x2WGrYbg18THqN40hy1OS6zL','vr36zhUzsFcFje65d3306j7Tm1zaxuVegXgRR8q0UfaAtmbakQ4PwPgii1OS2vix','2025-04-13 10:09:56','2025-04-13 10:09:56'),(315,25,1998,0.00000000,'0xfhSrLeBnF6q8Tra6BOIGFNB15CI9O1P1abQAU8oE','KKTtwd68kH4YT2UojbhLq35vVmTYYwd7oUSw1FRILWSdhEHafBNtDvw6WjxRVD0s','2025-04-13 10:09:56','2025-04-13 10:09:56'),(316,25,1999,0.00000000,'0xOLhkPfpmvZAba8jr2rSoCtFkv56pqjtQV5Plcbo2','rc4AtEQUjad9m1m4lBOoCFiUDlDgFXw2rvb8Hbgv8Yibt2DnScyzYrY94xHLhJ7y','2025-04-13 10:09:56','2025-04-13 10:09:56'),(317,25,2000,0.00000000,'0xgNDZnOfdcD26eTSpOKmkT8hA0eB0KRrkIkmcZyhu','KSzlmVVERobi7YSgTSV2e1hUXiXehSUCVfjfYN4Vi1sAtlztDHbLXVdAqPRf0HZR','2025-04-13 10:09:56','2025-04-13 10:09:56'),(318,25,2001,0.00000000,'0xcX0YzbzzQtvPrg0xIyJr90vHPKE4bTfCp3sm80Gp','fY7VroVQ9osR6BS4NwCEfFnfV2vTvbx4LlQY5wVfq3ix3c11PaDfmvBYckBT4XYD','2025-04-13 10:09:56','2025-04-13 10:09:56'),(319,25,2002,0.00000000,'0xh2aNSQslzjroAuazyDsUhiKPFY7QXHwRkPXPvWT7','3mcPHlis8XtHJFkqTqSKH71ln9c9chCGCjc6uZtl4lvDCih40lnNYWjM8LwI53fN','2025-04-13 10:09:56','2025-04-13 10:09:56'),(320,25,2003,0.00000000,'0xnryfOn6StC7iRBVS8Py782lgEzTUxwOnP45qEUur','tSviDsWScF90bGFATjad0mCfJbqVuojXC2RELPZ9yv0rrPw9ecHsqm0zOL2UrGOt','2025-04-13 10:09:56','2025-04-13 10:09:56'),(321,25,2004,0.00000000,'0xAk4zQYhJY8Dm7AHfrTKccKxQ13YKJEm7Rd0a7ogF','JGuShBiw0Yyq4XoeK9ORzXrnSQP6VEfhs9O6lHjwKrazVD61gwjNseYsOQg22hHr','2025-04-13 10:09:56','2025-04-13 10:09:56'),(322,25,2005,0.00000000,'0xwDEfGB0LLrXxD6JNQg40SaLEzXsIhdR9kdmuj08j','trAfGNJ0cMJwsJsN4B3PGQmDjfEPtpfhNgIh9wmA0RhpPFvxVtplcJFErUDDwa1B','2025-04-13 10:09:56','2025-04-13 10:09:56'),(323,25,2006,0.00000000,'0xRTMk9M4batQSJOrpd7606zsfEr2CQMXEtWfJ212g','a4xvm0nZzXCvIhhjLHVzEJlsp8MZ7WXBRfw9StDe7eBHmyRdirwXm9W17ML5rZ3H','2025-04-13 10:09:56','2025-04-13 10:09:56'),(324,25,2007,0.00000000,'0xl7xqIaO3OBBR1to6149cqeR2lEappVFhPrG13khR','oyBvEQcKO28Mcov8J9w5o8ilwhKAFtdBvDBZ9LKbYpH0FQrizDwtwqyFXCulCRgA','2025-04-13 10:09:56','2025-04-13 10:09:56'),(325,25,2008,0.00000000,'0xJurmdcfbC35BkL7cYXh8AZV6GDANWXEkGyko4AQ4','yL0s8tbX3QWgOBY8oQOHfNB9JOncqtDKOp7DC3OVM9fNcBtOKiqMhp1Ie7w4SuKq','2025-04-13 10:09:56','2025-04-13 10:09:56'),(326,25,2009,0.00000000,'0xSCGygPONtR1lLoQwQizA72LxnRXa3rLsw73JcDb5','YRMYBZ0x6jTYwUUsjwZ2oWAaTslLdlm6A2Q8J6uW3jNV4oj5Tft9XkOviVUTikLC','2025-04-13 10:09:56','2025-04-13 10:09:56'),(327,25,2010,0.00000000,'0xb4zsctPLUdJIgrGBgXTZxVC0KAeXtSKK9IifSB96','fXIAgYfLvIFGycqSr19zqUMDDUhbW5PdYbZMp3MtybglLpfqwVCdFVF0Sb6h7B7O','2025-04-13 10:09:56','2025-04-13 10:09:56'),(328,25,2011,0.00000000,'0x1IDiiaO1xmG3AlGMLXsAjwrlFHOZbCm1CyjoVQWi','1vHlYFcX0ReZeWPCQeR6Pj31ZyQT25n5eV8312lxEP1lmW4ugBItIzYwVyZxPpqh','2025-04-13 10:09:56','2025-04-13 10:09:56'),(329,25,2012,0.00000000,'0x1rzXOdSAnN0mzTdOhXFPXIvKZBh1AwDJcfhQ91mX','nSXcyjUJRMcvRiQ4zeSImNQ8zpYdllawXZmr5TwmWpg9Lcc4048Z4nnj810kAg0T','2025-04-13 10:09:56','2025-04-13 10:09:56'),(330,25,2013,0.00000000,'0x9heYQninN0wGSUVaA5WXiaYJfl4AeS2DZHPBc9Cc','C27qTlIn0oXPIMIamS7NWLzSuJTFn3gEAUW6IJz9iR3dBlGoJdYRxj7GrCQueAAH','2025-04-13 10:09:56','2025-04-13 10:09:56'),(331,25,2014,0.00000000,'0xBUJURBAGGLNtx26GXcI7spOdyvmjKJ3zIorVbL3p','K1dWG07ZLopggo4h0M5XHPs64YauCO3PGTjl5bTCTpXj0WT138i9WqTaCF4Oci6E','2025-04-13 10:09:56','2025-04-13 10:09:56'),(332,25,2015,0.00000000,'0xI7seAVojs1xvHaKVCfdm2g055zW6aUzcuW8jnp3e','pvYMPV4vlieKtXaDyZI6P3NhR5RByJ0fTM1yXp23UEvJZZfj2VKDCeYzPWKz5Crb','2025-04-13 10:09:56','2025-04-13 10:09:56'),(333,25,2016,0.00000000,'0xxB3Os50AeNEahkmzIMyoWZNCZz69SqrwgeToOJ77','XpOuuQDrhiIOHVJHqA4gJoB0VbB2ncM9DwUOkz09oXtGRxzyHNpq1LOYCVw1EF4u','2025-04-13 10:09:56','2025-04-13 10:09:56'),(334,25,2017,0.00000000,'0xZ3m4BKf9lQggKbvwmXqgWVxq2DFBk0q5INZkpxVa','cZwlHTTgDDAin5rQQAJQA51kQPH5QtnsTm6WsDEZE8fcTbGBn2CbmHCVPhZ6JAsN','2025-04-13 10:09:56','2025-04-13 10:09:56'),(335,25,2018,0.00000000,'0x5Z93MZwUtbwDiClud6zyCJR7Tn2suQ9zkBc2yZMG','55XmQHzZgCXzeGiQyjYrPrIjEwdHMTVtDWyRxjGt4hd72kjAMV201Hb9G0sJrgGf','2025-04-13 10:09:56','2025-04-13 10:09:56'),(336,25,2019,0.00000000,'0xKCHBqoNrGh8GMf7UfGlri3qRw6p3HjnyKhOGfMXp','4ZvZsaa073fi70TmtNDTbZvuu2VEEvsWjz8tsjzcxaemUbIDYWpRoxVkPkZEzccz','2025-04-13 10:09:56','2025-04-13 10:09:56'),(337,25,2020,0.00000000,'0xs4w20NyNOndSyZoTxASUBv9TvHe2JilEBJLFP2JU','uNSqJNZs8dJQiZj08REd3mLO7HAhwBlZEg5e0Wcx32y4u2fVhJaNKIqF9iyz313u','2025-04-13 10:09:56','2025-04-13 10:09:56'),(338,25,2021,0.00000000,'0xL1rjz1sdZLijsvnZ97rYfTmwdzeZ3dtGZzXkZjDb','w57lBVgN2hdNT6ff3jy7RW1U5E1W0sURNLybyqTgqmm9KztQLfcP6kR72wcVN6j4','2025-04-13 10:09:56','2025-04-13 10:09:56'),(339,25,2022,0.00000000,'0xK3eCM97LxUwWO7GRUQuJAbnYT9g3lDixw8BPlPEc','uZysKSxbo0bX3uK4SGM6qBco1mp1ZfTXkRMNh49dRsMFPTsGrYmlSYSyfdkkAlCR','2025-04-13 10:09:56','2025-04-13 10:09:56'),(340,25,2023,0.00000000,'0xn2zlPyq0h5hPtjE9V1AIc1CAggTzSJUf9frswCFE','msarNUdM5Qe9d5K6shXYGQ3DNmQ52dABQP940g8I0iaqL6CX46xqv5mUuX1upojU','2025-04-13 10:09:56','2025-04-13 10:09:56'),(341,25,2024,0.00000000,'0xtoX3t9ldx0dXp7YqTUit9dNTaM35nENC56GhTwfq','Ailyrpg4lVi8sbUWfqibUnPQVYgDQHDOi7xqegHLTtzzRoW41G1cuUaVpc6zjDTS','2025-04-13 10:09:56','2025-04-13 10:09:56'),(342,25,2025,0.00000000,'0xQSthCokDBEZKzeN9e2jMukPAxGrEikxBPBDP4Ct6','cTdtLAUdwJ58YumuQ4TuyxkodHs4CtlUXUGzUbymzKrmCrGuVtrP2eQN63IAZe89','2025-04-13 10:09:56','2025-04-13 10:09:56'),(343,25,2026,0.00000000,'0xjmZjO6axUKOwGQ1nsgIg6dsthV4TcJIUbUJAGxXp','JmW1kGcHLb1yCZKtnqJa40Xu92xqZULwi8zMZWsBQbzJD5L5MMkB3pxQOjXMVose','2025-04-13 10:09:56','2025-04-13 10:09:56'),(344,25,2027,0.00000000,'0xKeuEd8KkyhHQfP9fyJ8cYY1MBvORsMJZ0XDAIALR','kArY7SHWVFujQlEesFR3l6DS3ZKHbRmfM9i2Qa7mtl8foSGW93dXwP66YU4Lwjgp','2025-04-13 10:09:56','2025-04-13 10:09:56'),(345,25,2028,0.00000000,'0xLgHV9wQh1TylLprmgmEMJscicCiXNVLv1LOi5Mcz','rFwYMhjFAH9aZrjs93EbnbTU70nNlsbLY24l1vqG04lmvMugF1dcXyaHAHZpLUIx','2025-04-13 10:09:56','2025-04-13 10:09:56'),(346,25,2029,0.00000000,'0xrt5S6xui0NWTjN7aYHhpMwV5SdfRsYDDEojQYun6','tH2znX6QP9PI0tHvNs0jc1EaRXN14FM4xfvqACtUw7Fj689un3e6boVs6OZkpWWc','2025-04-13 10:09:56','2025-04-13 10:09:56'),(347,25,2030,0.00000000,'0xYVrRB6rP8vI9FnYxRaT5Cf520fO7CmAe6PylEwOF','UX22tMwBWirxVlQJTIIFo9Vr17Tqm0AhmjIxoWzUtTPhraKSrT1IDqyB4CPnWI1W','2025-04-13 10:09:56','2025-04-13 10:09:56'),(348,25,2031,0.00000000,'0x3IvQ5tEZHmBoQf32l1hRx4NMcvgltRBUc47nOZY2','Nvx8z3HwqitsYw1qKIKnVAVVUBG4y1MmVy7eWklvz5OHoY8DWPB06vUX2KGyz3IM','2025-04-13 10:09:56','2025-04-13 10:09:56'),(349,25,2032,0.00000000,'0xeB2JKs79RHKFT06BYnwhhEPv3D78C2O1ZfOZM68s','ovnfWFONe2YfXPEAW39KF7bniofhyoNgOllbzTLQhVJpwz5XxfocFxXleiW1zimp','2025-04-13 10:09:56','2025-04-13 10:09:56'),(350,25,2033,0.00000000,'0xxFWQSAc500SVyljilrO0wkVQYT4ZbqW8NTmG9MQT','oklMNLxYBW3nXMTpPIiEldeNsZXXcnbfxfj2aE33aX4VHUwlMqD5lYsSHGSAWBFm','2025-04-13 10:09:56','2025-04-13 10:09:56'),(351,25,2034,0.00000000,'0x4OziRWQXQLpAp9rYxtcWACGqJfFkwRLbkww1uvs8','xA6KMgQopsZIYBel9meAQIFmJQQ7PwoDETe6hfNO2VdrSPHG2E6PhGUkI2banoaL','2025-04-13 10:09:56','2025-04-13 10:09:56'),(352,25,2035,0.00000000,'0xIdLzr0AkT3d7aJXLdFKG9JtQld5mEYBKfYSf1wqN','YK4Z5kRMJYJABIyylE3VeGiurl2JX2UF7zSfykVuCzDLSr9d3ik6zmONOrCpSniW','2025-04-13 10:09:56','2025-04-13 10:09:56'),(353,25,2036,0.00000000,'0xeoSvE07RELFuC0i2b77QfAtdZPYRcFmyCKTFlPi5','kynJlh7tiZ2TFKVIyIdEdXRthP4DLdyib3mueBtydiTti0pz6wbZcDyA2d9EZIBy','2025-04-13 10:09:56','2025-04-13 10:09:56'),(354,25,2037,0.00000000,'0x2nGES3tQ6knnBXcfIhqmFmL5vEoGpcbwq6AczcQz','Okz77a0HsV8xJwr1JC1VMaD6jHjSU467yLCXGTbnUT8Am364U9rwx2YIbAANkpsO','2025-04-13 10:09:56','2025-04-13 10:09:56'),(355,25,2038,0.00000000,'0xocJhW0LaC2gjO0LxjNrNlIhOI4ZED2o67C50wP2M','PdIr5mUGVcdqNRSgfGBfrxbmqSxeT7kUGy7t6QahAXFyv8VDav3wwawYTea08XSY','2025-04-13 10:09:56','2025-04-13 10:09:56'),(356,25,2039,0.00000000,'0xKDZ7rr9kHbrRqRoerpqQVNQPb7xfVfpZsQfqsAtB','2YhBh1BcPo7Wh215onBVhyl9konqkWnVJv8z4YMb1rmA204WV1PoDfLfWvqzduU4','2025-04-13 10:09:56','2025-04-13 10:09:56'),(357,25,2040,0.00000000,'0xxasZTJNc4u6J3zueoIzF2p31kMPgI34BmXe7rsr7','UHXVaaUfofMpX7PPl9lXHcZNSesQOzzUV869QdlKeFgzuAcvO1Px2WAAIbsU6NWx','2025-04-13 10:09:56','2025-04-13 10:09:56'),(358,25,2041,0.00000000,'0x5duf4b3B8fGwWQsbX6RxvPuIR84ie0hdVZ6sRUFY','qy6rNDfyNr8Uh4RDOwyHxDVcYR5NHrG0OpIOBOqk9tJFMTjlOEXhBK2mK0Ugsmfu','2025-04-13 10:09:56','2025-04-13 10:09:56'),(359,25,2042,0.00000000,'0xKwVdIuxaODMP9QldswGVJ4jn6079mMbLtLp7B3MV','LcuBoV73TGkpUyEH7SSmR7J3bt9xW4xkiVUM9jHN4FsQra17hnOCsdhE3Zga5FUk','2025-04-13 10:09:56','2025-04-13 10:09:56'),(360,25,2043,0.00000000,'0xmBY2kNIxAfPWkomGJUT97apcphd268O1j3NIqnoi','WMQNnQpRG3dKamxd8vLUQBYQbng2VZN3Nt6URpTykCq8bGubHykqCIPQ0CPJnqrb','2025-04-13 10:09:56','2025-04-13 10:09:56'),(361,25,2044,0.00000000,'0xd6UyW4fV7Y1AKcx7p9ptz7yXJ8jST8pWaXxBfi1K','Ix3Y7uQPVGkoYJB3NF0Cp6tf9XnkreZdW9bVjrgTYIxmh7ubZSjyUWtpQXWAqw0B','2025-04-13 10:09:56','2025-04-13 10:09:56'),(362,25,2045,0.00000000,'0xZ3ZcmSMGaFwzTgzfEFKAPbL1p6PDo0A5e8d3CybY','TnAtB8W7NHeYGnjA6I3GJtgw521iMb39QEMdj9T0tqIKiw8HhgyG3xlWIDv5WIpL','2025-04-13 10:09:56','2025-04-13 10:09:56'),(363,25,2046,0.00000000,'0xx2KcK2GtE1FygXR9gFN8pa6QhClk7cseOQ2kQ41Z','3qMUMKKscHVHhfkokbMvVXGczkeODNKq2zAG9hYMMz8mUecikSIxsERisQTmBkT9','2025-04-13 10:09:56','2025-04-13 10:09:56'),(364,25,2047,0.00000000,'0xMp4fbI4XVd6FWtoT58yS02HS6cYtI0j6XIc9v0Q6','ogRop6t14oITNdWRjRH9VgXqjUxODeJIypSbohX62zoL08FO2sAu7Eux2IdFBAUp','2025-04-13 10:09:56','2025-04-13 10:09:56'),(365,25,2048,0.00000000,'0xmW3CVCypVL6y9x6PeoQqAmN2Xnq8nXTcAqjlvYoZ','WzLaL6bEOftgJYMLYn4vOhamixWm3f1xrRPqO4YsN6xMSIjOrBvAiaqaVeHWxhWV','2025-04-13 10:09:56','2025-04-13 10:09:56'),(366,25,2049,0.00000000,'0xzLc3fpDqbTb1Kpn5cXRiTy2t7o1tCghrR074Yl1I','JABagJOTomFvo5nCsBoiFsrSVNiq7zyLX3ms8Gy9f4KVHqwgC46oNNOMenbh1h03','2025-04-13 10:09:56','2025-04-13 10:09:56'),(367,25,2050,0.00000000,'0xI3I3R1ijRqrVXR1sZeoZxaEBYq2KAvtBqi8daL2w','WvBahsJh6XSuwhnmfR2wXXraBMTVly8eJXRAcwvzIW0iH3ZDmk5pr2y3YpNn251i','2025-04-13 10:09:56','2025-04-13 10:09:56'),(368,25,2051,0.00000000,'0xnmxI58YzmNJwfkaIX4J952pNzwiphuSzlcZmeV7X','1UfZ9AXjlZBqTpg5ubBEqFmSbBRHXcAZYdBnAO35537f5GFs6LaOu8lGgODlRHPC','2025-04-13 10:09:56','2025-04-13 10:09:56'),(369,25,2052,0.00000000,'0xtbycds6CTNzTjhCpxR4QT4K51nxgsBXlSJyyVk2F','wue5fiaak857wva9trYaPE0BH2x0gd0NsajHjrpnjXd2n8Rbzrktks9LkPIDUTKv','2025-04-13 10:09:56','2025-04-13 10:09:56'),(370,25,2053,0.00000000,'0x7U2EygDuZReMyI1qHK5kOAhMK2gs07PrfIXgDnGC','iFVrF7Ndtd6xh2DIN9HJmqhdDOfBwNXpB7aYzKVE4fsyxXgCXLjXBN2anTS3HYrF','2025-04-13 10:09:56','2025-04-13 10:09:56'),(371,25,2054,0.00000000,'0xBbr4nvaCjJgWjqJ1PJEXhptOYCigBLsBXTVLlAHq','8x9Sfob2QOtTSdPKx6I2UQGnH8pcYDZPTTQqqOg46Ni1C4ZvnamEspgu97Iuq4pG','2025-04-13 10:09:56','2025-04-13 10:09:56'),(372,25,2055,0.00000000,'0xEDpqz1ySUMBKjvB3fpmEyNLl6LOBBhmC1XEFd6gZ','q1Hey7fBjUor0rjh8oKmYylsMCaqqo1i7e12A7Jwd9I8QUjF8tvJmRMfgfodpDbJ','2025-04-13 10:09:56','2025-04-13 10:09:56'),(373,25,2056,0.00000000,'0xuOeUsAk2a3Vo08U9m993NiSJfn6HXBT17WbIrKoa','4BSBgTyflIooPZh64bFiUL0tGHMnao0Tr6jFnl0kdT9cUWO2agh7cAKZKnxBTRtK','2025-04-13 10:09:56','2025-04-13 10:09:56'),(374,25,2057,0.00000000,'0xY0kkDxrtLQnciaiY7W4UtjkewYrXr9X2pfffCdfk','xrm0xrZ5M9ToPKckkV20FG4cW6r5zR12kwA5pKVaQlX9BPvGyvYOYGWgGVdVgJg8','2025-04-13 10:09:56','2025-04-13 10:09:56'),(375,25,2058,0.00000000,'0xL3ojemkR7eiJDWh7jR8kMXUcvG4tkHQwQ4WvFqus','o2nsKFAZEQgyJ0zHpy1nkn0WUwCr6ME7stVg2xG90bDyeHMs7XtTM7htuTPmNp5s','2025-04-13 10:09:56','2025-04-13 10:09:56'),(376,25,2059,0.00000000,'0xrNIeXa16BZJVMbGH2y9jQjxgNYK1yqglp8kBgFbs','YRiCmtZSVQxA5YF4apYiZNSZS9IvO6LK4nXB8PTistXhdNBk2GjAH35jk2imQL3k','2025-04-13 10:09:56','2025-04-13 10:09:56'),(377,25,2060,0.00000000,'0x7XrtvGcIk9ThiFw1bB3zPygs02vYxxqSYNKQ2w3D','iqG6Bt46MHg6TO6e5wEcmbSeoDNaU2dEZIdbkciK5Adcviw2Yp4g1DQ4hQBJxTh9','2025-04-13 10:09:56','2025-04-13 10:09:56'),(378,25,2061,0.00000000,'0xgmrgHlyYWMxqCsWox3oRDWsccBV7UH8lEKo43E5S','3WxEYV4jGApWufmdKwXOMpt95FxJlhdpQ1aZcDn5lPquh79p7kqRlU47WUNN3DNK','2025-04-13 10:09:56','2025-04-13 10:09:56'),(379,25,2062,0.00000000,'0x8lSngj4u4bixSJyTuTvyK1ErCQCjfvCq8sP7yTLJ','4uP6vpebVReUyBi2SfVF4eh8lOa6BB4Vo4Bq33DsVhyAnoR5tj7EPHAG3IghAoBa','2025-04-13 10:09:56','2025-04-13 10:09:56'),(380,25,2063,0.00000000,'0xPzt3K4BYarAMQAdPmjkTSvaHDCpHock14w5zcGIC','U6Ldlsbmhp52a74vsgpzB0LruIyKRH5evJipm3XoaEuv0k92gCGqGXZEEg9yoV4d','2025-04-13 10:09:56','2025-04-13 10:09:56'),(381,25,2064,0.00000000,'0xfWrLgSeRTHuiGo8k0Q7WPQvZ1SMgjNCnBahrYyWx','uSNMmRAz9pzZAgqiiCmgQVCrSU5wvV4qRIhpEkvydDV80JUXeiRF7uNCXLlvCvaZ','2025-04-13 10:09:56','2025-04-13 10:09:56'),(382,25,2065,0.00000000,'0xcMepZCBLeaDCSgPeh8T9eYFkwgn8dZSkftwUeGJL','gwHwxP8z0HUCSNUaI5DqQ4PB1cnsRQ4mVI2rftXFBk73VdCOxOLO5NFQ4h3p9TC4','2025-04-13 10:09:56','2025-04-13 10:09:56'),(383,25,2066,0.00000000,'0xaIVnTrsoPJjMpLudkog0n6Ik7IYtYhN4H3fDHyOZ','LTe3fmEEDLJw5pBmR13vsFhgnt2fQ6Oglz0RRgWtG1tm9LP91EeDn8Oy0uuNYxHR','2025-04-13 10:09:56','2025-04-13 10:09:56'),(384,25,2067,0.00000000,'0xZrR6jLTZZjm58RBi8XDTyJpNeVDoWcOaysYR9TCK','cTuiLyQtKDtpyGAkdnDq3Kz7adP8U5JDg5OShO7ztY1zP5kmX5IKX3JLLBcXzhdj','2025-04-13 10:09:56','2025-04-13 10:09:56'),(385,25,2068,0.00000000,'0xtkiSiTk5RAJwKZW6LHryXGNVLV90iwzmvGOb1IZa','9LBFCQcI0u1kCxKjGGZmvsFuig6pzGe0D11tCTunl9WNmw0ZRHSbBaiAOxgBEKNM','2025-04-13 10:09:56','2025-04-13 10:09:56'),(386,25,2069,0.00000000,'0xvM0FWVC0JaJPljHRNPxhnr5XLMSTL8O3BxaJYHDH','jsJhXh4v7i308bAJNglEdxEQiMJofbbe40ewehxgW8MyisUJURI6igYXtEhegEWq','2025-04-13 10:09:56','2025-04-13 10:09:56'),(387,25,2070,0.00000000,'0xeDuiQQ5a3Lv4i1ys37BQr0mUvg719tDkmPHuWKWI','tEaDFhAvCsQ6Qewuhf7PscTbnLOHpbbAZDG0xC4yVjHd53ITdxOFAhlzLPDcPbhI','2025-04-13 10:09:56','2025-04-13 10:09:56'),(388,25,2071,0.00000000,'0x8ILsZI8WnY98Yt7VC0kTFnZ3zjG4Ovz1mA6sWgWA','bmYHldtH36RdPUr7iPVU1CPomaEQdxvq2FUDDNHOEURUmu2dkrvT7KLARToZ0d9I','2025-04-13 10:09:56','2025-04-13 10:09:56'),(389,25,2072,0.00000000,'0xlB6yKvpycnVSoAogBEOrE5pzFvUQUbjWzZ7GtEJd','HbKfnmXR3CwlM6dGmxJAMIQ0Wx2usCDAAFoDp6g3LGzBn2yJDyZqZUJacWCfTptO','2025-04-13 10:09:56','2025-04-13 10:09:56'),(390,25,2073,0.00000000,'0xPlPZJb0YvC4INEDglXGj9qx0ILnP8SXzg2r0Aq7e','8CVne8A7FniBxrUIaedlGiVub7rTVGbbppaUlchChL8edVt7NoEbhWYHdLPqvAJY','2025-04-13 10:09:56','2025-04-13 10:09:56'),(391,25,2074,0.00000000,'0xk6RVCyPh2ptnxEq60uoZjOunLbFOX3BB6zNwrRHM','1Xfml9T6TsHZBhMx646eaMwnCPSwAfQBGVVxHBYUn4ixAeTEWPV2QW8hp1dhQiz0','2025-04-13 10:09:56','2025-04-13 10:09:56'),(392,25,2075,0.00000000,'0xrhBO1qDVZpHGMLgW1AjnJKV1LhXGlrpl6r2hhSci','TfPejteJRJ9d9NjK3vpRdmQR3AsZ4HfMbKVYlwppqDyMXowtEsSM8ML7TvyH2jqX','2025-04-13 10:09:56','2025-04-13 10:09:56'),(393,25,2076,0.00000000,'0xNZZHaT1LAly5KW457Gkjz8wiSUSsZBOn9PgOhKgv','NqkBGPerRjZFfIdSs9q0jVTMtvwAAaBsTPtjKxYq3vGYdV0w7doDxrenJ8Z8ZlvK','2025-04-13 10:09:56','2025-04-13 10:09:56'),(394,25,2077,0.00000000,'0xRYVDT4u8sWKodQPoGgwACZlpYc9f7sKyDvEzKGy5','gX9Ze80Bqvq1VNahkJXLLyibBoiaxPJe91OGfYCPiFlF5cmUdq1aTey9JziCtDsJ','2025-04-13 10:09:56','2025-04-13 10:09:56'),(395,25,2078,0.00000000,'0xtroTGb4mejjLXlIj8CYfADFpOfggEhOfWdj2iUkc','BuWnAAlYpRlFcO0cj4XLPWP6zPd5diFNSbnyUhTtdu6p7A0CtZWbLBiV0Nvnqvha','2025-04-13 10:09:56','2025-04-13 10:09:56'),(396,25,2079,0.00000000,'0xQOWG55ebsVbROB69FZi8XuTKB2Ov1VaZCXC9qFbr','lCIIOZfs9kCwJteDMNL83yGwTcbsUScnsxlWns4c5wnvtsr59jNM0TqsfTBS0xeW','2025-04-13 10:09:56','2025-04-13 10:09:56'),(397,25,2080,0.00000000,'0xALNRsCbbtlwNFFY9BBgd62zTNCNG7NX66CJrOZHF','MyYoQTQawmGG0fC6picLUmZxjoMXtaRTlYCkRPCJ1o0LFNg7AjZW3pHihJ8SqfCz','2025-04-13 10:09:56','2025-04-13 10:09:56'),(398,25,2081,0.00000000,'0xRqfwB1A4hdOFIJxHKXMY4dTEb6JWSZrskLM5uiFt','bjti49F5HJe7pRTWp14oA0cRkdf2J0e3auNgHXYK2kUKu7iGHnQdPqkElbgSR1Fc','2025-04-13 10:09:56','2025-04-13 10:09:56'),(399,25,2082,0.00000000,'0xoRb7E3HG6TOH32n6S0rQZQEfhkHX9hdGKSucnVtk','L3ZSilXww8038EMf8pncNs8CWDJiTsJ88wCTM5N6XjrsFLZpdTnlgMrzPOQSH06d','2025-04-13 10:09:56','2025-04-13 10:09:56'),(400,25,2083,0.00000000,'0xau6a6gm7GeTFwZP05eEiLzXnZKRQz0ci5ECppK1e','4d0cGT3RCLPy4ndtGQ20R2QInx4UPoW4o0ESlbVzG9nhZsmgEHqufqxC6hzdfKAQ','2025-04-13 10:09:56','2025-04-13 10:09:56'),(401,25,2084,0.00000000,'0xb0hUOHeIClukqyzJvLvz2J85GoaJapLbaTVWGf20','Mj4ZJv4idOi8isRqxv0y3WWLKjQXJZveEJmcSf1T10uEZH59CqUmDq3weuDPb1A5','2025-04-13 10:09:56','2025-04-13 10:09:56'),(402,25,2085,0.00000000,'0xyEnPXZJPPQO2goBR4jRnLSLGbQe4zZXx3B2qM7rk','gZ6rEYpAzoK7hOBd2dhkZd1jilCiz9bF3YJ0OkaZQVKeLYo4AtdkXPgBkVSkWmfh','2025-04-13 10:09:56','2025-04-13 10:09:56'),(403,25,2086,0.00000000,'0xbUprAUgehQNSqmUx3bnCXX6j3ovYB0dWlDhnzQF9','4bwjOyej6gUZ2c8AIOiw5c58CVZvD2a0uUybKxybzmXiLGpB9tkKYYAcKRu7FeFV','2025-04-13 10:09:56','2025-04-13 10:09:56'),(404,25,2087,0.00000000,'0xNNIdE5ua3VwNr4azUYkw6y3acbW9XLSYHwBpXX72','t2suD66aYiL7y7HPFUa0vYi9XNC6ynwForGByYFwqufTx8QU1jmzmUXuf59lkyNS','2025-04-13 10:09:56','2025-04-13 10:09:56'),(405,25,2088,0.00000000,'0x8i2QOVazwrWv4bxe3OU4chu4gFzuieKlZdPvctjB','1xDiLo3ftjdUjocODWy4H3Ns3NV8vsriyn4PpiuhvgCPtkr0K2Sot1ty0XXxgvKq','2025-04-13 10:09:56','2025-04-13 10:09:56'),(406,25,2089,0.00000000,'0x4cE9ysQjmAnrCEKjBMFm31dHvlDPAJJoUO0tbSFP','LnacYLep4mt7k3tToXG5c3LOCUs4ed4At55EAwlqzroHEX0HnNyudhjXr1vVOEnD','2025-04-13 10:09:56','2025-04-13 10:09:56'),(407,25,2090,0.00000000,'0xbak5jWfG7ttwTLPvr7VSrVyY4QDRRNOm8p4tXWQR','bodnyj39fCqORdagUe2RqKmkrWeezdFlfc5ogcFtVhw3EpANxhcBzV7iraKpRQiu','2025-04-13 10:09:56','2025-04-13 10:09:56'),(408,25,2091,0.00000000,'0xQJWgu4ERDD193ucydsc7BTy0187OAIhxeiBAH8GR','LShDR11VFwI6voWFAmMzkmUFcmnmbehbJtwLLqN7fzRSwq1Un6S4YEx90Yn7Jj8Z','2025-04-13 10:09:56','2025-04-13 10:09:56'),(409,25,2092,0.00000000,'0xVpKWR6boqTuJPmK2mlIBa78hio5ZuOBgCJbe9Iwj','snHcw9SRcLN5Mxfku0Hf5VjwAQJXVwcYWjHh6PjTLVq1W7M1te0mc9R20SCkMvCG','2025-04-13 10:09:56','2025-04-13 10:09:56'),(410,25,2093,0.00000000,'0xcKv5wwC0DIedtqtsleFp2O5aP9CyE7wmFoxYNQ0U','lvx0yDTY4qaL3AXaJMHceuRR0FE7xPbWYpzq0C0yN3RpbBgkh6g8hJ0q29AxWr2p','2025-04-13 10:09:56','2025-04-13 10:09:56'),(411,25,2094,0.00000000,'0xrARZtuvJw2T3KjOgFlEZlX0eO0YlgIAeviLuHLyw','9FdzkXdyJ4E094hezrKULviH41tY4lP8WaHkba9lyQFtGMqOWIXVHp5lGWkcm2bU','2025-04-13 10:09:56','2025-04-13 10:09:56'),(412,25,2095,0.00000000,'0xmR7jcRy5DfvMJvJhF80Z26jxJnBz4roLwQmnPAib','it4hcwVFMzKIW6MbFgSzQdcCJjOIPsgNYLcOXJOdc5mArjpg6FZQ5RHvt0GesSkw','2025-04-13 10:09:56','2025-04-13 10:09:56'),(413,25,2096,0.00000000,'0xLHqJFYYO5O5mcY1sITbrovUubFQOZbmJ7o6aSQzI','vV7iQWfCqWBB6NGoiCoM1UYSFysrKtL6rYdPPIj1iFAKdDdxVlvY4uhmiVdKaHZb','2025-04-13 10:09:56','2025-04-13 10:09:56'),(414,25,2097,0.00000000,'0xlHzUxZ9fetzB8D8AZPCShJF2O3xd1QBWqPpqfSif','vl4fsqSqulOfDS2GgwdruHxTFXIJUtuKEu0gAVcDgcrwA3xsVbYCGgwgQywNTHTo','2025-04-13 10:09:56','2025-04-13 10:09:56'),(415,25,2098,0.00000000,'0xdqZFS4kWHYZBqKLfns76aXGMsuJU5ieczBZgW3pe','pJjXYjIu3bzeMGRalpOfJMgr1zo5U76O7i8jdwom4BUO8ka4SU6yNvXSXf7Konil','2025-04-13 10:09:56','2025-04-13 10:09:56'),(416,25,2099,0.00000000,'0x94rYGpOlPbuFA17AuMKgLec6vKsMyetsnn1FohGa','Xw3PaegMtpMxluJ8I0qqLbeV6z8eFYZvtjh13llVkIfeTcaOux6MaPuM0oTEYSdf','2025-04-13 10:09:56','2025-04-13 10:09:56'),(417,25,2100,0.00000000,'0xzKwOCR35m5hfrOMXXtn6jQwMemEtYesEo1pRwhYW','ltG2KfvT9RYZ8HZqZo7xtPHbmRMrC3rHa4visnpol6R2qUcvP7xkNKnb1wu4ep2y','2025-04-13 10:09:56','2025-04-13 10:09:56'),(418,25,2101,0.00000000,'0xnjLDqEYFyxWEyr8zyW1TdRLaeYi5Y0sw8VitlFS0','7DkNGXarJk2XSNUHSNhB3rGJnMnwVp5rbIB9LSuAcCHVZcXQhMtymJ4NuStgp1wH','2025-04-13 10:09:56','2025-04-13 10:09:56'),(419,25,2102,0.00000000,'0xHkgUhIBuACbNxfQpnIM3L7MACL0GrZIkzKq4lc0a','QmBuM0G0HbXNd3GbFTol0YQffLEVweacvRDjgeiY5OC3ZSCk8YA327UOrM1Lo5hh','2025-04-13 10:09:56','2025-04-13 10:09:56'),(420,25,2103,0.00000000,'0x3doxn5fTaaHwsRV6f5sKYOnbRVCdDliSoeUz6mnm','skjki0xcXGB5xkeP9zclDcAKBx8FxAZQ2FnE2lZdZvfgKvwCPDD8wSIK0VDOACXw','2025-04-13 10:09:56','2025-04-13 10:09:56'),(421,25,2104,0.00000000,'0xN6W23eimCXRuiphfvCmp4hi3HTtv7bCnwfgvzJgr','x0CNsARYcjMbHzd9um4IJPdcfMwH9W26pm075QN479YTukMKUYbgJdbYddxzVpAO','2025-04-13 10:09:56','2025-04-13 10:09:56'),(422,25,2105,0.00000000,'0xK6lkDpHThSrKlpvHbqmqhTvgaeALMgEcZBSPTXsv','Z90j2aF4stUSaYOyY2D5GG4W5bEVihdMIY1fLNOEvJUv6u2kx80mo4yQC0cBpvOD','2025-04-13 10:09:56','2025-04-13 10:09:56'),(423,25,2106,0.00000000,'0x8qkPoqx6YlIJD35cs3bXjDYwmlNno6Qjem7UXCHg','5J4CFsgmVibCnjWsFZ3nqrAgTKESK3ZbYg6uJUIPwTeEoAkqR7NJTGtBqs5B6ih9','2025-04-13 10:09:56','2025-04-13 10:09:56'),(424,25,2107,0.00000000,'0xyoLpKI7QzI86TOT7tliG7N0fRQNavb5sNPRFM70F','MvusZ29NQnRVTfb5zIlJCn9aTdpBd6GjyGlRBo8oGFoRzy5hzhuR8u0ZKAOsR8Sq','2025-04-13 10:09:56','2025-04-13 10:09:56'),(425,25,2108,0.00000000,'0xVCcmWjMEcLVi0hALntBvv5UjHjyNBPXaakApNKW3','1KOu0LkETskYYt9JUtwBle3FDHX3ewfqC5M4ojFM9Pexv7UWZEMBc6K98tNM5GbJ','2025-04-13 10:09:56','2025-04-13 10:09:56'),(426,25,2109,0.00000000,'0xiAypxkaUvyDBwyjlF0JKa8xDcX6iYyTTEwUfQfxF','v8IcG8083hrd9TfPpFIrQQT2kTVU0jF1hEezg3Iw27JzkJAhgXmVNZ14VkPWwmyh','2025-04-13 10:09:56','2025-04-13 10:09:56'),(427,25,2110,836.00000000,'0x2Pr9qY571EkpW85Kx9gHL6KYRqzqRiiXNhGVklp7','IX4M23r7AlBR7Q1NXh85VCxtfvCkZKGQZvFYjf87ZjDvL8RIahxObiFAv9XLTlab','2025-04-13 10:09:56','2025-04-13 10:09:56'),(428,25,2111,0.00000000,'0xJNXbH8nGG0X1G6al9aepIZQhyofGP02tazdt5FjK','MK9BYS1JuPhz4Lgys7sATx9sceBN1bimByNHUBNjjN03HKq878KMMx6stJPN7KD9','2025-04-13 10:09:56','2025-04-13 10:09:56'),(429,25,2112,0.00000000,'0xgNhkDWXm32qhLp4GwGdQnBBHILEMkgorpCFF82EO','yHosnsAmtkclOeCcszcbGpYAUMA7EEa5ohdGfnAYOa6FzlTfPHYmR7MWRDxYJnRz','2025-04-13 10:09:56','2025-04-13 10:09:56'),(430,25,2113,0.00000000,'0xqplFoKF817nn4uh0RNyERKAgVqIMNNfS3YuJNkIx','AH6EjhlGVldBjYHvYZeezXXqpU0TPsEPtwjztp7sbT5JUzPzEH3ouCc4qj78pXQ6','2025-04-13 10:09:56','2025-04-13 10:09:56'),(431,25,2114,0.00000000,'0xHWLvo4ctnR911NioTPEsxdfRaIth0uNJg8GJQHLn','rEkuVmqo2tP4nIA6FaAavIO9GcgpSX1QNjjKspydkaoINR2sw7biaLRuor63Kj8h','2025-04-13 10:09:56','2025-04-13 10:09:56'),(432,26,1708,0.00000000,'bc1SluHvolbrHP1XeSHHcRiI0Y8CiDAWtIeo3yoaIFo','SMVEcW3LfK2QEXphk8H9MEFwVbcDnuYBBjeKrPCquFRIClCf7g6G5vAwvRtfrTcC','2025-04-13 10:10:22','2025-04-13 10:10:22'),(433,26,1709,0.00000000,'0xKnhmPxSwYszUil2WAEstd639P8618e5ZBmy8BwLY','Wakt6SSLRFD9nsSyIuLl2rA1knr4wekUDCbCYgvUrCThAjaBOcWQvv0zYH2w7odK','2025-04-13 10:10:22','2025-04-13 10:10:22'),(434,26,1710,0.00000000,'0xUvJLJgGWdKOqCLlqGZeluqgAtg07kA66aBOapKe5','GyzsDthgkasQsAf0R10DCmjBWM0IDoSyXI9yQQy9zl8rkqZX1RVoEQerSOD7DzvQ','2025-04-13 10:10:22','2025-04-13 10:10:22'),(435,26,1711,0.00000000,'0xtIv1b0wfzWzNJON88VQpMAkWq3IZmcyJktinfgNb','knPRYqBOktvmSGDCepWO7bbfG9FRLDl8WavgNi5HTm9MDsMqV8YNEoDp4VD0HoeY','2025-04-13 10:10:22','2025-04-13 10:10:22'),(436,26,1712,0.00000000,'0xEYitIrcjEMjt3YTQ0gpPF61LDp3NowZ18S5RNAGg','9JOT19bEC4cYTt5wn4Uk0c6h90Nyk0D9VObbtfHToZBhzvt8Ef7lcy86elY0gTrb','2025-04-13 10:10:22','2025-04-13 10:10:22'),(437,26,1713,0.00000000,'0xFQ5EtoW2wX8g5BMDajkCl6mpzvQvp8HIMwuf8YST','9i70mKcr0UDLLlol2xFeVoOyi9b1o0MV4FBthoi1Sjqjiv1yxNpmABwbclzwxaun','2025-04-13 10:10:22','2025-04-13 10:10:22'),(438,26,1714,0.00000000,'0xYHDs2eYFwTiCvNZCdZGV0BlIUtDcpQ2QsljVNdKT','QcXS8gpHgjSU8Aw2W71pYGGHrTmPooJ5pmuRtayJGAeUAvT8A0taugyuCQQTOoLA','2025-04-13 10:10:22','2025-04-13 10:10:22'),(439,26,1715,0.00000000,'0xM0BxBBDD927ZniNoCfxv5rOTTMIe1SjpdZs6Cq9O','oFjxygEntixyFbYB0c3pOHcefBYCWB9tTaCcUOiS9JvXmdhi6GUYmd0JOi6VqSmR','2025-04-13 10:10:22','2025-04-13 10:10:22'),(440,26,1716,0.00000000,'0xo1ynQ36MS1cHhOyUJ0fH4lf5DJHUqmt2l5UMBnta','vaBtsRnVJclD1ZX6lJQt86b2xEueK8fKzN7G0OoIE1wuKcasVw9nSjl5RpR1jaVX','2025-04-13 10:10:22','2025-04-13 10:10:22'),(441,26,1717,0.00000000,'0xA99NywpxZXnmLPTUVt0e8bazkfjZMF9xAoXOnTpK','Es7HW6PfGz4qnYnfyJzXIUP7vVt5mtpsWuLQPl20m9brXhoZovlfFOncRfMxc4kQ','2025-04-13 10:10:22','2025-04-13 10:10:22'),(442,26,1718,0.00000000,'0xjpWJoTVeRKmB6V23A2VqGa1gha9h7qO9Rvjw3PF4','U9hfjtmkNZ76s1FDM06gS1zUq0fEH04dgkOMELraRtnQfrCVRbfcuq2c14tjOOJ4','2025-04-13 10:10:22','2025-04-13 10:10:22'),(443,26,1719,0.00000000,'0xFQlgyjTDZtZLO0a0PHGdnCJz5C5xo4a23LNohaDx','vE2c6lJbfnTMnq1hMklKpmQM7MqGhVC6CI5PAIGcCs7X0sWf9DUQSSchBLsezErO','2025-04-13 10:10:22','2025-04-13 10:10:22'),(444,26,1720,0.00000000,'0xuZc4Am2F8N3b5pL0ETE1RUlbMdwprtKJGAkssnxT','Tb1m3JGrR0Rr309FlSS9ReoBX32ai93J4Ek1hgtHVdL3PL755wx60tH6IG0TbGVI','2025-04-13 10:10:22','2025-04-13 10:10:22'),(445,26,1721,0.00000000,'0xFzsSI0gsT99RsWHtr1pBUCv0foapalqIFZzbpcrp','5LjXuc6ZyBwTkJRvZMoBz3TQF3RyhPViv4Z7nrOgmDSn5gD2lxazO4LwXaA0mu88','2025-04-13 10:10:22','2025-04-13 10:10:22'),(446,26,1722,0.00000000,'0xGHdcdUxH3zyZKJh4PL7LF76evLt8SONTToe9UVbP','trOteGWcp0Sh39bJGkm1pUIR5zIJ0iDudQ99KPt35ag4wME5LaTJ7Htpd6WFMIPd','2025-04-13 10:10:22','2025-04-13 10:10:22'),(447,26,1723,0.00000000,'0xkBnhDI0Knh7RNKRDLxrAt1NPJl9r56ioTKWWaBHg','EgGUc5YoCOa8sCxHIUnb6miM2BJtJASLTtkbm1ryAzRuOWM874gxoy3X4Kibh8PD','2025-04-13 10:10:22','2025-04-13 10:10:22'),(448,26,1724,0.00000000,'T9FRPo2F0t4tuVSdSaz4P28orOR0mpAEFk','QIuC5a2tS1zT97hcTiknpM2HWIhBb2Snv6CXhVmRoeYDocafO6YTBfIqxZ5CMZ9R','2025-04-13 10:10:22','2025-04-13 10:10:22'),(449,26,1725,0.00000000,'0xR1HHl2NNwExlaOmTCItUOX3ep1ZnRteEJCat6ZlZ','g6gcyQprEDC23W1iNy8KY5IJUDgoNNgbB503JGk3UznorCBNB1xCeI2ssa6IJEg1','2025-04-13 10:10:22','2025-04-13 10:10:22'),(450,26,1726,0.00000000,'0x1WI8TPDb8Qmw41dxJUqybn1QZxKat8GLBoy12qFo','a0DDJ7GE2NxRkoyocg3iOdJ2NQhDnE7wbioOVvnMdiDTLpeqGvdKKVvj9NyrR3cw','2025-04-13 10:10:22','2025-04-13 10:10:22'),(451,26,1727,0.00000000,'0x2ykqDBw97X7m2WsFOWstYmugT7FSLCyzdCEbYdvq','6iqzEdnoP2eybmACTQEceztyLooa6tVJh0avKvHRUzjedAcjtjZIcwm1GinBb37X','2025-04-13 10:10:22','2025-04-13 10:10:22'),(452,26,1728,0.00000000,'0xZnD8kEi3Z0n5WJRhugCazTWQqiSZpTWScVF6tjiK','WuXQIjibjl7XQLCd0kcQIL2EeUJ6ezMZZ0B00hJQwemlQ9pdwZtpkFRC1fhDyQLA','2025-04-13 10:10:22','2025-04-13 10:10:22'),(453,26,1729,0.00000000,'0xFO2IYYd6wBrV69305TXJNbkHiVuL5Skb1lUpTcZo','LjXNx9Awg0KTHO2khNCNQn9wLoDUVrOmEkvXwft5NdnJZBunZaghJAtgK8LZRwKI','2025-04-13 10:10:22','2025-04-13 10:10:22'),(454,26,1730,0.00000000,'0x4wbzS4LnRhw6uuVT7FjVBhZunfM8sKrHvEarCgOG','iuBKD5gt4xPOj7OyDCmvVzW2Cqq0Of9jcy0JnlQ7Uh2aQiMogrtMgEovebw4r2tW','2025-04-13 10:10:22','2025-04-13 10:10:22'),(455,26,1731,0.00000000,'0xIG0uhkz6lYy0XmgHByKHDJfE6UcJK34f5GnPjRex','RYtwCLkO8vR9KPeXCCdyfU646Nssp6FlUtTCA304mu38hNeL3BdowLrCGcTB0YlV','2025-04-13 10:10:22','2025-04-13 10:10:22'),(456,26,1732,0.00000000,'0xQONo2Rm9vdecnKWlEAzPl1lFxtT0AUrKy0oPjIk0','q7r8VLtN67FgnE4DzXcOqoieqsYaFogecRMVB9V53M1Szs8W68ubWj1wOzgyyvZ2','2025-04-13 10:10:22','2025-04-13 10:10:22'),(457,26,1733,0.00000000,'0xa5OAQN2qPvNEME0btGzxMdFpUuL5R4kRm7rzro3B','w830OHx1evtgPZTbHLB0qgYtbPk549htYh1VAFH6B8QAHz7L7Ph9eU0g1XXC6qTE','2025-04-13 10:10:22','2025-04-13 10:10:22'),(458,26,1734,0.00000000,'0xFl2YAjAhG0xIzeOYSiv6BjHxfjFTlV9wY13ClUga','ReVQpgyTfUU0FQamSXSeqPqmd8UmmOwAZOHsJ4sEVs45sHSCg96zHtoRueWYfDm0','2025-04-13 10:10:22','2025-04-13 10:10:22'),(459,26,1735,0.00000000,'0xhCLLkV3Nu3crwzySd1TVude5RDWnr8kWpYKXY7jf','MfKRBJjIAkJ9tUwgcDDvewv7aoJuSY0FgN0cW2IYMDbl24Z8jSaQLPkFn3VYOQBm','2025-04-13 10:10:22','2025-04-13 10:10:22'),(460,26,1736,0.00000000,'0xWmi3ftWAfHc6SN2cznXi28JMYGdjFioRDjnuGALa','yHssQp8wKBE2DZ27WwG4OCJE3oUOhSEuraUTkCYgPVYO9uGhfOhCAgELd3rRogLF','2025-04-13 10:10:22','2025-04-13 10:10:22'),(461,26,1737,0.00000000,'0xCICZf5O7XDAtbKmacQtIP3K0kypRlnEwG2hZ0kRL','Wy9t0MtdziVeZDUrgREBNiz9CbgdjjlGYiVSjUjFeMd12HLFWajsh6zU4T6Lr14J','2025-04-13 10:10:22','2025-04-13 10:10:22'),(462,26,1738,0.00000000,'0x2dN85fRFFYo3CfhPldPuzk5WH9rgfjATksALZZ5t','BEW2gyVlTBg5jw3OTdpbElcjfG21nuhURDM25rstzRQ6ezyYpOkI90EvbzxqqrRX','2025-04-13 10:10:22','2025-04-13 10:10:22'),(463,26,1739,0.00000000,'0xXnMYf4f3XzTdOjjtf40fIYOlt5D0IWAxiLHtLQCY','oEfpuEyl3VXGw20Ws7CBbureDg8Z2exDF6qFXBpS8jhyhxcWn3ifqi5Lde39oYtg','2025-04-13 10:10:22','2025-04-13 10:10:22'),(464,26,1740,0.00000000,'0x35JnFO1RFRHZ1LRCWtXICBDgX6PCju76jwgDqzSf','Qm4XgJY39iycsL7zT1bgYNfhGLSFHRAkTugLHngaQY4KrD2HPRRnPJ0mXLRnxowT','2025-04-13 10:10:22','2025-04-13 10:10:22'),(465,26,1741,0.00000000,'0x3QBceToIyZ1igOH63o6XoOBs2l6R5ZLHv63fuUrp','lkkr7G8JChLKTmS04a1yqsqF9ES4dCmY1JWV83v4z2RNWFW2oiQ2NQ3gYfbUUWPI','2025-04-13 10:10:22','2025-04-13 10:10:22'),(466,26,1742,0.00000000,'0xqa3xeMeYsvPHKKX6Q5GVqnpMtJhhBsBedx1Ae2cl','AQysJFlJt2TrmT2FF596lZqDvbtb566F6NaVzKTEuhgjI5iA8y7OpmmAaMz9LggG','2025-04-13 10:10:22','2025-04-13 10:10:22'),(467,26,1743,0.00000000,'0xHNe9qHpZ5iggzoctubtOk8kgqMtaTmb55hUO3qC3','sDBrQy5GJiMt30urLkKzDWMl5XvU4aWG8zSxtyw2qB7uMnwhGOtd09ZlLaWYCtYP','2025-04-13 10:10:22','2025-04-13 10:10:22'),(468,26,1744,0.00000000,'0xtyGXZrMPRnLFyswtbDi10LpIWAbWVVrOYHHDnNSA','5yzG51cHJvblLIXih7A3VOaodecpW27MsEv6CZi1f3axXvLKQzsRQZ2Z5EOuVkqc','2025-04-13 10:10:22','2025-04-13 10:10:22'),(469,26,1745,0.00000000,'0xcTc2tR8gt4TiwZ7jT9xx7awIqywAjlN7vjDUkDUT','PchxUylOTZ9jNgmkSSmMmzG3hs3Yl4bdlQTJYeiNd0qB6TknYlNjevsLaExoA7lG','2025-04-13 10:10:22','2025-04-13 10:10:22'),(470,26,1746,0.00000000,'0xJdnK4oyNYqdC89SXZYxD6sDqJyxMb6pHnGUBOymu','uBzfVSHfWvis4Ko9EMq9kPwdoN0fEvRT41KFJzuqYvW5ig5JbuuFSzY3UKYUL6tn','2025-04-13 10:10:22','2025-04-13 10:10:22'),(471,26,1747,0.00000000,'0xW51soBm3Jljl7TtRLXysvaVMzfdhwCSqTo0WeQCi','n6UOJjzKMsJgLzKbIYYRX638AuyENF0dUdfW6Ar1SFnoyrinKhWiSe6OYUizE3ZH','2025-04-13 10:10:22','2025-04-13 10:10:22'),(472,26,1748,0.00000000,'0xk2SV6IRidvJwmICUt75GnON4NklEi3w4qB5bXAjh','jcgbwXZHCo3vgS0ir6JYLyk8Y5kqRF9i2nOkThYmJQWMcPo4v3AeYL9OCImvW5wr','2025-04-13 10:10:22','2025-04-13 10:10:22'),(473,26,1749,0.00000000,'0xqCCKVn3AVWUGJbxA9w5wNOIxhPOk8MXsSmUL39Ee','4PEKO7CYJNTI1n7xWaTLaaeN9THYaKOTvqMNqQztS3jatgFn1BtXlrt6shKf1nJG','2025-04-13 10:10:22','2025-04-13 10:10:22'),(474,26,1750,0.00000000,'0xNa3c8veIeeKRcXaYKFaAlw1eTGDnW8hnU4TBxINk','M6HhnPmwdEDKXJ8Cqjm5T1cCQLQ3GvLWy3B24xWmPsoouiAy7Cr855pzm9ThWs3Y','2025-04-13 10:10:22','2025-04-13 10:10:22'),(475,26,1751,0.00000000,'0xxs5bXu3wdnI3SbveymWs4K4yT2HnjfbC7OsqVcyT','sktqxYySBfe3BT2qZQtkGv0pkd0yX9jmCykoG49Jv68GC55p3GJpyipbVrVyKaQJ','2025-04-13 10:10:22','2025-04-13 10:10:22'),(476,26,1752,0.00000000,'0xnc4uUOKous7dW3gPBJPd2EFXsl8jMiADn6Qt5I2z','3oA7c2qn3u7ejiYRr2B4tnF0civsLDooNxgTRu2m77NhgDLn2v3sGOG0ZlomVOJY','2025-04-13 10:10:22','2025-04-13 10:10:22'),(477,26,1753,0.00000000,'0x6bXOlgQ6f7JohSqBLKuDT4zsGja5Vl9N8SUx55nU','ojHCXSC7yTDh2hbXKDMObXBnbXfXE6tG17nUrHbtxdGhIjxXg1yzA6CIxzRayodN','2025-04-13 10:10:22','2025-04-13 10:10:22'),(478,26,1754,0.00000000,'0xVddkSfkUaPqqDi19cqDSJteE6TtowiIhS13M4xhI','mSg4PS0UCtdC4gAOF6qE2Q54FWH9uBPtuckbya8crqHyXXOj41XwVIQgxHHg7Dhd','2025-04-13 10:10:22','2025-04-13 10:10:22'),(479,26,1755,0.00000000,'0x6DpDTX5MQ5QHOOHJxuu2OTC2uFDK6daF9CuUaevB','2Auk2mxmxmDPnB2FtHpJuWNVEImJPNDeqqs5R5YIWqWKvIYR8DcIH3YEqk9b5vrY','2025-04-13 10:10:22','2025-04-13 10:10:22'),(480,26,1756,0.00000000,'0xlvq8PDEfZj70ZmMRHyP4xFfVLklAOYyGvv5qBYHA','tkkjJ51dKpfSIBsmplQGzfZW1t06n9aYKALvxzdI0pJsQhu5Jf0a18D7KcedawhK','2025-04-13 10:10:22','2025-04-13 10:10:22'),(481,26,1757,0.00000000,'0xUvjM2XZTBgrXowyMWA4FvUkakpqWEBOuZW0QaSms','kep2V442FtLLMPDZ4WnRLDKAqZTWfn7UCkK07QmvY3bx4WLBt252BXo7GP2dEkYY','2025-04-13 10:10:22','2025-04-13 10:10:22'),(482,26,1758,0.00000000,'0xaJUouD5lZHQuCejJWYch86DVQdY6gpRjXXT82kNu','huKACRxRGXFktfV6dEQpMGupXvoPH0CTNUacVtEsFnVHumXiA3efOY0WnVz7ecFZ','2025-04-13 10:10:22','2025-04-13 10:10:22'),(483,26,1759,0.00000000,'0xAdkFacD6wojX1Xq1cAztMQkFSocgaigm7tdCDLmR','fQOP8jefZ51qMmJJjf35DF2jH4xDYoszxmfmzeKIAebB8zo2wXgBkdN3vxmGy16q','2025-04-13 10:10:22','2025-04-13 10:10:22'),(484,26,1760,0.00000000,'0xmLR0i7TXQ6TMgQBWYOr32VaAo2nwmShIGRMrwoiZ','RLQN1p9pvuROmsIMNu41Cv73s2oJ6tL0BnERSA4Pf7LENnPafXfmBYkEoH4vvF1H','2025-04-13 10:10:22','2025-04-13 10:10:22'),(485,26,1761,0.00000000,'0xg3HYsU0GEB3o7kgttTQv2xUWqG97ELoYru4OegKe','q4hoDufaNlxdv48MdMKO8McMQUobTWMgBCH94LPVAmRMshaZaLk5AWf7A8t5XCcS','2025-04-13 10:10:22','2025-04-13 10:10:22'),(486,26,1762,0.00000000,'0xCUx0Be5NRYDuDLnCA5K99WGs03YXPIB0jB25Wb30','ihL0MrIhlJDsZewt4Csmy4DowSyvtvZEfDgqlReqKTSYhegrVPrRr3tuMLhL4EPR','2025-04-13 10:10:22','2025-04-13 10:10:22'),(487,26,1763,0.00000000,'0xBm7iJUHWtyP1Ofof6zpOZ9ZdIkDNREP2cvFzQKk4','TH7bAt8UIkNkzrjFRIw0wbSHSxm1tmoqKRFUnjGrveY4G3UjbqFIdda9eZFtBb3B','2025-04-13 10:10:22','2025-04-13 10:10:22'),(488,26,1764,0.00000000,'0x6yJk7bTIfU1Q9pak9XRmSsxW5vFH295WdNUZNUm6','6u4ANrmMa0efkQN4uBL4362sTTRiCG7ZW3tI8oSSAL9E7fHxQbtYxsQ5VhrV4bBB','2025-04-13 10:10:22','2025-04-13 10:10:22'),(489,26,1765,0.00000000,'0xUaxZf3tZYAynO3O5XXQBVO6x8jjh2YtofErNG0Xm','CBU2EvWzQ1rq2WgxNZVx1MfBw4C1KRzkLozaEjh7K8qL6SElqsREkNfzMIDuYWmR','2025-04-13 10:10:22','2025-04-13 10:10:22'),(490,26,1766,0.00000000,'0xqJpXntAFaqzHYoWxiB5vwUyV2LL996t84qHTZEAZ','EpGR3n6BKdd1dItrVGz3w6ID2uKGkl1yTdD3DQED61AvME8OQpIPRfrhzNc7JpY8','2025-04-13 10:10:22','2025-04-13 10:10:22'),(491,26,1767,0.00000000,'0xKlsrfG5JwmNpYtHm02SCXTYqJnHDGzwMFgE6TxNx','prFLuMqyXYddqdZ1A5yow10TjQJ29poDurYGbQpU8SjTjkmx574hVABV5lQwgkum','2025-04-13 10:10:22','2025-04-13 10:10:22'),(492,26,1768,0.00000000,'0x61DzX7PMlEbymkIxjxKstozUOchOU31K92AwY14n','bs5RwoEeaJFOgI8bK5CKHjSx3Kwwyw5Ru0SPkeCKeKSoQ3QhFrFwB59ZopNThFZd','2025-04-13 10:10:22','2025-04-13 10:10:22'),(493,26,1769,0.00000000,'0xmsaQnfZRJ2SVF8VFnC1qTCoyZcODJb6UDUOHR94v','Wa4A2ccLvw6Y4crZWIs5iG2oSp5hZj0ViLiP7RGiumuRkD4wOxuCje0dOztGlYq6','2025-04-13 10:10:22','2025-04-13 10:10:22'),(494,26,1770,0.00000000,'0xkkRWxeLtfJu4VR4kvbr9SHvGP6aSUyXn5trKXOVr','K6eVCT0LuoPLybvI2S7msmDSK6uVxU6hFAoSOGlAQF3QnrchhrQXoCHH12VNa8m7','2025-04-13 10:10:22','2025-04-13 10:10:22'),(495,26,1771,0.00000000,'0xfEYSYdwYsvjvo1dgaiGfwmWuYOVX6Bo8E2iRXtZO','JntCcI87Qy5Eki756aKr2SokySyC5doDTfnfSyGkBp3nI7LpdB7v6uxhD4Aptxbz','2025-04-13 10:10:22','2025-04-13 10:10:22'),(496,26,1772,0.00000000,'0xYZKJdKs8tUyjVq3cMCzw3KmcTYHzPGT1lNfJP07c','E2cKMGDnisGnWU9bhQ2FGOB30fcwBlEo8NivjCvc9QaazYEKeJB8rDtk70eTXsdu','2025-04-13 10:10:22','2025-04-13 10:10:22'),(497,26,1773,0.00000000,'0xi7GwBuaS7DJ6BxaSDuXo3DOWSZTrgxxhyrEQU6vv','0fv4kghtNNCcNBQJarWafjrwkSWs1f3AueC3zsEjy1B82l3bOYk7CXzoI7nCLXDm','2025-04-13 10:10:22','2025-04-13 10:10:22'),(498,26,1774,0.00000000,'0xWW1JW2V3ByjP8qSPlZHGaRor0TElNzjZzRZ52R7x','Zpjj7CbwxXguVc05BwEYNraeAHeXcSxUafYrOuDnKE4TsZzdTOIHCa0tjFMrqIto','2025-04-13 10:10:22','2025-04-13 10:10:22'),(499,26,1775,0.00000000,'0xf2XDYgGTn3qYvhk9cbJvKrxPew7niWbemzweAyRQ','9swC4RH4hX8MlFH7YOX2FmYFLyFvfj1NVHSuaL5VVKRyIGI2VT1YeappuQLYIYjg','2025-04-13 10:10:22','2025-04-13 10:10:22'),(500,26,1776,0.00000000,'0xVjJvkLuLyfU4bZF0pFU7XIYlkV3GX05vsxIhU5t7','VMpI31Hy19hbDn3LUBjd5vYEjKrs2vkn11mt2Fus3vFjzVa0lwpIOBaIUqw0vNsD','2025-04-13 10:10:22','2025-04-13 10:10:22'),(501,26,1777,0.00000000,'0x9d18KiCcAzMmm0Qo6uICBasPRY0Y44J7s1VVPuGr','bnH9B4STkyrbqrAJStkbKElNnSYc0U7sBSzqG8AunxGuZYoE8Fl20pdTGsU4oGxh','2025-04-13 10:10:22','2025-04-13 10:10:22'),(502,26,1778,0.00000000,'0x4QBrOasOF5HfxMhdpiSTOcbmkRMc65sd4wLF43Ed','OBkE1g6YFicuidqQNfjkBstbKDWXoXXRsIT3YiqOfhqz3qgaHUHgZS5rkIC4WBFC','2025-04-13 10:10:22','2025-04-13 10:10:22'),(503,26,1779,0.00000000,'0xLAmzbQAqnaG6G582jZmZDN9LN51HSzeaMsLmo7Ae','F4pS7AgGBCXDpFJmp6B30cQQFSi0kww4bGvG9vlHtrQRlFktZd2BMqd0PvE0XJkl','2025-04-13 10:10:22','2025-04-13 10:10:22'),(504,26,1780,0.00000000,'0xSV5qTZdSjklAlpwgKavB3oT9dASyZUF9rdpKnFxe','3VagJ7GOe3W6dLoW1OozzGCx8JbMqYi1X546fY1I1ehUPRGEB0V6Dagien2a8PE3','2025-04-13 10:10:22','2025-04-13 10:10:22'),(505,26,1781,0.00000000,'0xTdcvnKDeLrsGsRlT1pgqTJrJk5iRnRe7b7OBT0Kf','a6Grc6pMNDaq48mTQE3Yca6QCc9blJj9J26rYbOC2n5uu6wAGFjYhuQ6yUCxn2yR','2025-04-13 10:10:22','2025-04-13 10:10:22'),(506,26,1782,0.00000000,'0xewC43pG8Cj3DM7nogfKVGFHe6aLIjPdlBAqwkCfF','RFcVQdc1fSOew1E50uZv6eNHj0m6PBNN8hDI0WpDnLJet7YTZcOlF6Lpg8X42X7b','2025-04-13 10:10:22','2025-04-13 10:10:22'),(507,26,1783,0.00000000,'0xFOdkbzpGEvUlPTrkDZvvLe333OxOdFCRyd2l1uNA','hjOEav14v9ktEH8hSy3Y71IdX9Ot44vbMI8aabtDCDJkmxxuDKYWLcCSTOfK88jz','2025-04-13 10:10:22','2025-04-13 10:10:22'),(508,26,1784,0.00000000,'0x4One7ExwJrh60T9UpyQbSV9SKFs05x0VUsmpOdqy','kJks3J0n3ZJoeWqNpSLz5YXKrBXWhqah7Jno6AkLDaMd8Pufy6dv3iziAhV0R2rl','2025-04-13 10:10:22','2025-04-13 10:10:22'),(509,26,1785,0.00000000,'0xPtgsLfYUhMuIwZBzbQh17zzyhCcfqqrGlvqahVWz','9q0yLGNLTrHV7BUjB6hwjZPX2ByzNIFfIu8nJEioGmyeuTy6pjpTwKU18QSvSox4','2025-04-13 10:10:22','2025-04-13 10:10:22'),(510,26,1786,0.00000000,'0xBsKPd1Ip1F0qlgGhiMzJVCQDlhC7N0KnxRhzNlTC','9BVnUaC5LQF7Quj1I9V97BZzosMRcuRVWkptid9wfnKyip0G5q47mlJeHeMhZu0m','2025-04-13 10:10:22','2025-04-13 10:10:22'),(511,26,1787,0.00000000,'0xBzsxCvRY6gnscTtv7IIHRRg7pJsLMpMnkxcDlEaW','RTR7IORJ6WYNJ2ctpetVdPNHpM6HMBsDSYlgLXy3gaOkjxgifh6GEw2KnSuudjPA','2025-04-13 10:10:22','2025-04-13 10:10:22'),(512,26,1788,0.00000000,'0x73OYyZVYNEx4bKyweCrCASLFvzgyWJS90SpeuBT1','FDBebNKEPSzdHvwOWOekwuVV4UO7wTopeGYzHyuSb2xQHQjeURmDkSpRId3QvXEQ','2025-04-13 10:10:22','2025-04-13 10:10:22'),(513,26,1789,0.00000000,'0xpvUmUsT175CIlMJESN47wSyxMa7o4T05W5CcPJio','54FBQaxYbzoOtzQeM5VosDYz8wmau5PTO5ac01Mcgw48QGDcZv2B0Y7dgmXWsm99','2025-04-13 10:10:22','2025-04-13 10:10:22'),(514,26,1790,0.00000000,'0xtGpSP4k5FTVSRShfAzDT1Kl9uv8Ejxy8RUtKqjfy','5FTrU7lZS8Qd6omBEXhG7ZJaibQ3l4xFBDSEGQuAh93l2kT32aJol1s9AHeKfsbE','2025-04-13 10:10:22','2025-04-13 10:10:22'),(515,26,1791,0.00000000,'0xUQFZqx1UGXHMSwPkyyH8KYMcwoV8CyNNy8ex6lkp','NF86Ca7NPBRgb9pQVRfxGjpNnagta546Ww2MEXA0DWVnFIZtM31dnGcpk7L7tBDu','2025-04-13 10:10:22','2025-04-13 10:10:22'),(516,26,1792,0.00000000,'0x403TAXGVH06FYzBnOSboiKDQDSZ8tiOqN8y5MJht','mgtEnQ20bJzJfhbObsssPaTqE5sdfMawp54nzoC1gGaa3pifGMzIrS63ajWuAPTp','2025-04-13 10:10:22','2025-04-13 10:10:22'),(517,26,1793,0.00000000,'0xLuzXq41idTzYU3B5NqtOsIWT2C9PH8jgSqtU1wCG','MbwURAo758PgbYzJSLrWC7UiRE2v8gIe72UuyYPMXteF5JR1BMCgUCyBoeuQwX8r','2025-04-13 10:10:22','2025-04-13 10:10:22'),(518,26,1794,0.00000000,'0x6sbiVUmzGnV5cv3Wc9syAKbQv9OND6jCNG5KB9PD','XyPOGcpaDbYWKJq50kdxSE2qeIPG6S4xo3iCJBpa2oi9QSYkqP5TpAb2bzYFQdoS','2025-04-13 10:10:22','2025-04-13 10:10:22'),(519,26,1795,0.00000000,'0x6Yk1KCjtIgtL697iHUsLkYsRtB9ZYriIgMQGOOqO','53NJAnsNLKdiPU62WDkqATKTH7dKP3FEfBmwnEmmSnKSJDaApptxDfxNMv3BtoM3','2025-04-13 10:10:22','2025-04-13 10:10:22'),(520,26,1796,0.00000000,'0xiDFJGj0cGXfOnY6jNlZPEVLywiEIoTCwTIyrqFs8','HkgSNR0bL9zDUgJNhv7NMuRYYFjFCcKuTQ0CmMv9I9Gm87QokNMBx870gQRyyLae','2025-04-13 10:10:22','2025-04-13 10:10:22'),(521,26,1797,0.00000000,'0xtExgCHtmcTJq4fwDyuWj7uvSGVPOiG4wKiPFSTST','GuqhYSbFCALqwHtV21QnwXlk6rsjYBluBocVATXQF5oudzCKfBLSYqya8JFFIwaG','2025-04-13 10:10:22','2025-04-13 10:10:22'),(522,26,1798,0.00000000,'0xLCAHXASIjxt5qu5YhX2OzgGoKV93LdzY8NOD34Yh','9UOru6FG6JDxAzsGu7gJLLafADVSrwRfriQ5KizrDoyP8Kg4gWxY6J6R74qw7vTg','2025-04-13 10:10:22','2025-04-13 10:10:22'),(523,26,1799,0.00000000,'0xiKc2WU0Sdlv4l7gMVNo4MWei2iEkZIzutH5OXG57','gBQYhefJePJpxINFFZJRfMcLn3y90BeG1AJhN5C3fDtPBGZ8R7yplhA1lXuEHpMw','2025-04-13 10:10:22','2025-04-13 10:10:22'),(524,26,1800,0.00000000,'0xEnfAhbSDSXGrfBAX66ZdihiDD4peelC9uQp8mRmx','E5218A8SZjf9vmvLvvjzeUGkWPKv1lORp3ZkkCiBzEdgVVVZ8DUUoKtyxAnOK9PE','2025-04-13 10:10:22','2025-04-13 10:10:22'),(525,26,1801,0.00000000,'0xN6HiFUIRG0UFKkn1StRX56DHG1KdIJvHVo7ZEoQ5','hShO0amIksRgRAJEaevZ8xsMBpzEL8CkYAHl1VhvXfxOSirPp9O5o0UHNbpgY8OK','2025-04-13 10:10:22','2025-04-13 10:10:22'),(526,26,1802,0.00000000,'0xNSBa1WiBDvXbrX5VpW2o4GpCxrMpXpFsGBn9DopM','K6ZbEooP3Q24cGb2wsRn1fRKPdGiqsOwHzMJHzVItIZFZyGv0bepsuQ9rxeV9Xgn','2025-04-13 10:10:22','2025-04-13 10:10:22'),(527,26,1803,0.00000000,'0xKBQi8AxNyOZCg79k25odsiuOS1EGcZfDnPsVDaNJ','rMS7SsxGb3kjtEPw9Wf9aATwwPMJ5XPRmUnEWDUSFOnTmuUNHD9toSUCiL9CFicJ','2025-04-13 10:10:22','2025-04-13 10:10:22'),(528,26,1804,0.00000000,'0xY2OS1XroaUUiwll3pWspsqKc6oKIYC8Ah7waWUCf','pzpEC5EHHjrWGvmBAIIZLuZvZLZ5zNcMpYb4hDDagdQCwhSWb2njdgd9Jac5sshU','2025-04-13 10:10:22','2025-04-13 10:10:22'),(529,26,1805,0.00000000,'0xAEx5PPsVgjOQVvcX0lCbku1K1JVFoKN9Qdb2BR39','1wVjVQgjcoOttouC28SxfoalAcJcN7NyO98FEYFHbRH1vuii9CWP9A0A1nfL5E1O','2025-04-13 10:10:22','2025-04-13 10:10:22'),(530,26,1806,0.00000000,'0xdtC0OK3tgyRggTG35SUTmJ2EJ9sefN87DWs2qVAb','F7a5M3VffJkyhxj0SaAf8qHJtL1bpfZlliohKRk6sLSeJsv7sLWafdEGgXhGfExd','2025-04-13 10:10:22','2025-04-13 10:10:22'),(531,26,1807,0.00000000,'0xzGuJx7YAviNIxEOoPBzlpKArbs5W2vHAZuHpr3jO','DdiFQG5Jc6sXuINe7FRthdxoehfpAeKjBXCt9eIDm9j1DnP8I5w4OuLCWO7Wg8nq','2025-04-13 10:10:22','2025-04-13 10:10:22'),(532,26,1808,0.00000000,'0xsDzpwgsDFBLENRgNCC6A6prSgnivRACMHTTl9yAO','xKFSnw0yjYIbxSmMxkKlrqQl64oe8zdiJLkg7cRqiXyg8PPcBDAcaiQDkl6ojYpF','2025-04-13 10:10:22','2025-04-13 10:10:22'),(533,26,1809,0.00000000,'0xaYBk43FRQEsYXHpSWjfqKnzT7cuGNZWhmFPfBOmf','wCrPTWLRQsBp3RQV5hwE2xpnLsbarUWyHm8Gjrgl3yysYMeK0INQduFuy0LQMKuS','2025-04-13 10:10:22','2025-04-13 10:10:22'),(534,26,1810,0.00000000,'0xOpmUELiBzcvPEa1JLVEZj3C2ttYRx7DQFHDeqF6y','83AlJH7fbAJ1nBCYAyGg4v5aROqx9hAqubMN1WlZQBQUTIDX1hUXszX7wlmvOndh','2025-04-13 10:10:22','2025-04-13 10:10:22'),(535,26,1811,0.00000000,'0xlybaXhVBSbu4lqccZiPtj5JSw5E5ZGCrZrjCAobK','kGI7ck2S6W3u9YNCsoffo9wzNOygIGXjZCpn5lJ6VeAPiwnWcVNHkzAVfJT1UTrU','2025-04-13 10:10:22','2025-04-13 10:10:22'),(536,26,1812,0.00000000,'0x1HL5w3KrozQdF2Ep2DWZmZzD9imTF0fEiC4qV3sK','b9OvYSra7Hrm1doKgYo69rqCmEmIbB0tYzXBd8qPpn7JUsT1GoWpHIIyJi1shRNR','2025-04-13 10:10:22','2025-04-13 10:10:22'),(537,26,1813,0.00000000,'0xtTR5JvEQr8YAU51uQQLiJLPxa7iRtmNi1edTtRGs','5uzTwHMOdu4wGJbjQlRzhpHqr0DpWWzTShgUpcyifvL2ju7Nw1AvXU5Ai3Be4XDq','2025-04-13 10:10:22','2025-04-13 10:10:22'),(538,26,1814,0.00000000,'0xXNQDH9VhVBJKuVSPn3w3UPTRsRgJC6zBLr46lKRt','6dPSMiQJ4UYdj5vHRrH1WhyrSKsWbFFSmM1VTn8M8WEDlK0uUJztZ0KF7X48v22v','2025-04-13 10:10:22','2025-04-13 10:10:22'),(539,26,1815,0.00000000,'0xnnqcdVHNRqMfCrfIZiV7VuCg1zCITn6uXKOWNmsw','Az8AskAIdJKnB7HV8d01bFx9CLmQPK7Dv6a99WmtUzRVdUKl9HaDTpgaIWNs3dCL','2025-04-13 10:10:22','2025-04-13 10:10:22'),(540,26,1816,0.00000000,'0xrhiunPiePSnwZLkfeGKAbrF8TSFsQeQyvFz0u8b4','bxz2OKJEbaG6PYExUjgvlnWpIYlKUpKjfIzrFzNTTYA26dkz95A1606YneCTsDas','2025-04-13 10:10:22','2025-04-13 10:10:22'),(541,26,1817,0.00000000,'0xc6TKTyu9KDRSpA16zkFcRdHNXOOzwLDfJAIWZO8u','S6huERosE6Xe5aeLIIQhqRP6lVgru7M0TOIXWhRSsvC2JiC3ub3IJXmmAhbcAhzh','2025-04-13 10:10:22','2025-04-13 10:10:22'),(542,26,1818,0.00000000,'0xZcgczHcIrmGHdGTogvZTDznERS7GvtLLcqNCwOgx','f2ft3eaQGbCfGPziyKUW091zsr9eNoYpryEZ86JRPlyAKdmlaPmtY2RJUgvAWKyn','2025-04-13 10:10:22','2025-04-13 10:10:22'),(543,26,1819,0.00000000,'0x0itYoAEGVazsVpMBRQbvlHSYwF0JsL5EYCB845zm','dPKZF5p53lscQb3UpKmOiVAxMqWY3nO9gsjAjz0kNb2K4naIzeY9BEZhXIg94CmO','2025-04-13 10:10:22','2025-04-13 10:10:22'),(544,26,1820,0.00000000,'0xTkBebViSifLtUI5PL16qtJn9omif6b3KFD6gmYwF','p1eI7iRn0x7iE0r9EnYYFfkf2litDpk54pjRZH9BVuB8FfXiK8tzczIFbebDSkT8','2025-04-13 10:10:22','2025-04-13 10:10:22'),(545,26,1821,0.00000000,'0xyeW1KKksTFNbk8T9zBVBFOzH87h8orFvlMRyts5q','MWAQpR0KeJdqUcrirlNPeMMhEOp5u9LzLFr6chastif8tIzjg8HW5f1wG82hRYRV','2025-04-13 10:10:22','2025-04-13 10:10:22'),(546,26,1822,0.00000000,'0x4HrZNBtCPRLmXxQw6SaM6mTGXlKnObQI8Opv9fxx','S1Q3O5RabiUZMC5baDBZDKNDu8mloc1BdDcKAFOeH5MSdYi68lypswl5ZUq5k5SS','2025-04-13 10:10:22','2025-04-13 10:10:22'),(547,26,1823,0.00000000,'0xZvmCntl7hWIrhkqyRBhKkkjEy2nNYVNph6AA9iZ3','IILJ6m9zB03oIiJLKHZkl7OJM7iuZf2VZRfZK9gaktKcvhyFAr4tWRHni7CvhSA8','2025-04-13 10:10:22','2025-04-13 10:10:22'),(548,26,1824,0.00000000,'0xqrbRj2KOEDSMN4pF5CFFdm2aIhGTC5NgShlxRoP7','AgZD3ys2789pGxj8UEqlUvB9g6Aa6V3w5oyLkm1j3j34ES1eIfyaIJI4E3XngpfV','2025-04-13 10:10:22','2025-04-13 10:10:22'),(549,26,1825,0.00000000,'0xuWWbDIgh6T4RH5Fh6oaJO2zALAY3AXBo7S9KMzx4','gxj5DmJmaeIAhzNsYsrJne3NuFrq8ZYGbsTAzSVDCERTS1L1t8CGydfxXvLnbvJt','2025-04-13 10:10:22','2025-04-13 10:10:22'),(550,26,1826,0.00000000,'0xjLXPPq6GpvlXGMhTLKU5z4XdXpnArjv00ZtQPh8v','J7LmxQdPu3nwwDm6MS4hE2sXyrdYN6LOw0DOlEvzqZhr2luq5IZ1FuZRULN41oP4','2025-04-13 10:10:22','2025-04-13 10:10:22'),(551,26,1827,0.00000000,'0xXrlPOgzS3QjCsdkhEd5QUJZQVkpbs8bZEkkUOh03','oMDIkPSyUxNdDzDBOBOj1XAxpYPpXdz8Gm8OhBaNnJIptWfpDQ2RRJZ0TtkQwhV4','2025-04-13 10:10:22','2025-04-13 10:10:22'),(552,26,1828,0.00000000,'0xoFBPtLiUtemkh3IvWUileCnebf8KeYuvjJwM2Htl','LN1rfzMLcLkOUnXVDKzz18UnDMlcMJzJ52HSjPx7qPDpIJdAVTNjgsAyO6BsvFOn','2025-04-13 10:10:22','2025-04-13 10:10:22'),(553,26,1829,0.00000000,'0xba9JfdOQ9AeR7XYEedarptKfrckgFOiBFiunmy3o','m5ylEDMhGqnoeUEnpQEA50Wp41dEm5ViJTC4fjqEr3fH7iJwCWT2omVX1bEdMmZz','2025-04-13 10:10:22','2025-04-13 10:10:22'),(554,26,1830,0.00000000,'0xeAimEfYSNflOWrZzqmlBYcNKWbQTajqGZyI5VgGC','soYiLAIxmxHtEk1h5jhkGpL3J4CbWgr31tIWMOOScXkye0GIOoCauienxsvfpQ4P','2025-04-13 10:10:22','2025-04-13 10:10:22'),(555,26,1831,0.00000000,'0xhui7g4vWOWC76YVYj0Nalk6rfxBaNnisWGHMtfuc','6JZkxRfO28hlXjowShMfnflQd7sXl8sFTbjlBdMgFk0CqXmHgSXYQmhd3aNV6GDs','2025-04-13 10:10:22','2025-04-13 10:10:22'),(556,26,1832,0.00000000,'0x1Lz5gA5FLxKycRUDssFStxNAwF6YBituid70DHQI','k8G3TiWPRXhsWmGku1SSZkYmhdjVJ7vFglOgOiRJ4uFMgjhzfqXH1zWCl8camPex','2025-04-13 10:10:22','2025-04-13 10:10:22'),(557,26,1833,0.00000000,'0xtchRsbP904DDn4BsSs4KypmgW0DEv44jaYB10P9Z','DNLUL5qzJQhCjOmpCp6JA70WwDbSV3blGWYphokMGpOyNHe1JXkAy6ixQTURC0MM','2025-04-13 10:10:22','2025-04-13 10:10:22'),(558,26,1834,0.00000000,'0xyEFDvAInp9q7FB7towPHfTnRv1azL2VkQvhQezsj','5qD3bjPdfskiCkAZIoQj9xo5uLF82x6R40rlW5CV14Rq6W3fpvpTsz8FGlSlMmlZ','2025-04-13 10:10:22','2025-04-13 10:10:22'),(559,26,1835,0.00000000,'0xCPFMk7gaofj2dZu64mLev9ogrgiVbJndekPkqNwS','0B5qMQHaRLBynQh8XuWoaQCtJqO98UrxNGZul8swh1rDn1PQCw1DdOSgeSaXqI95','2025-04-13 10:10:22','2025-04-13 10:10:22'),(560,26,1836,0.00000000,'0x40ND38SXiLglNkwkRvY9CBCAFGGcMmjCDcr9HHkr','LXfl4ZW0fsnJ6i220Mq0BDCGeoUxLEVcep0s1VJ0bHvV1G6rjNx9aTN10aQTIWCB','2025-04-13 10:10:22','2025-04-13 10:10:22'),(561,26,1837,0.00000000,'0x1AVQsHFqV17zyfWmdDrNhCnIiKOo6oT2iBPWf22n','zk0Cmhad21y5ouzt08UL3VghnOUcYdRIzgfCnbGoarO83f4Zl1zaii3VcWCd9Kuw','2025-04-13 10:10:22','2025-04-13 10:10:22'),(562,26,1838,0.00000000,'0x4Ih7vlqBgP2KJvKluutRWC0494Q9cxI9qmiooqTo','P7T8gtklHHp7IR20oWVgZxYOqTRFEnLHjmK1ZjxK5bKSTxHKZ0LplQdGA0O2SF8Q','2025-04-13 10:10:22','2025-04-13 10:10:22'),(563,26,1839,0.00000000,'0xeRBrJHg9qnWClnn6Ro1amFLUDXAwoRmM93UyjSFi','wijmOqpRo4LImbwDSpjLFkswia8doXbKFe1wmWC7Sc2Wt1fUlKXope7Xa7BEvcEV','2025-04-13 10:10:22','2025-04-13 10:10:22'),(564,26,1840,0.00000000,'0xkWmT7K8kM5pOO7WrkM2Iu8ajqoUnVKTUd7OpBok8','h6ML1gWx8FHlRHCyAUnymUTGmospkcbZVFLvWZOUiKYR9e1d7AJm3LsZTpZSNkEh','2025-04-13 10:10:22','2025-04-13 10:10:22'),(565,26,1841,0.00000000,'0xzd1LTInqY8ksbKg5IVzzW5GvdWSHaDH9cPvAEOYM','YZfW9Wziz6jJBBr1F2QKStxJ3aM9aLO6IDsDpwcUUPVPcaCPzHgqlyNCd6i9Ppbh','2025-04-13 10:10:22','2025-04-13 10:10:22'),(566,26,1842,0.00000000,'0xdmnXLGzHcX09MU7HUhiCBJsPl6Fkspf4UbK2EkUl','gpDIPc2HzHQ0ZBfJAwf7mFYFaiF7NV724PfU6Ov9mzwqA260JKSNM1802cWH8Q8H','2025-04-13 10:10:22','2025-04-13 10:10:22'),(567,26,1843,0.00000000,'0xPMTAcrMVmVptLKNWHVyxQx3jSuUEIjhYVJRUuSpB','1WIbbFbjSb2aGEfhxpvib3QDxr21zKyK3ODrBTIrJitJn9Lysp0wRj6ZkkZrLRGO','2025-04-13 10:10:22','2025-04-13 10:10:22'),(568,26,1844,0.00000000,'0xAA5iwDS3vCVbXMSrZN95seFh5K9Igrx5TSeOlv8T','4IoZUzuwIbHzkGIqfq3GlDyZgVLb0d3wSOBm1l9rBqs16nO1NJ2hflyOvrb7kb8o','2025-04-13 10:10:22','2025-04-13 10:10:22'),(569,26,1845,0.00000000,'0x15D8I0J5yncEDcRlCSaGVrrxtYGRGdimkl0Sd46V','mRD7W7tCkFcY7O7SmoEXUnG2fEN2Pi93i8NmowZ6YDrrM4zPtAhVmRJIT1kpl2J4','2025-04-13 10:10:22','2025-04-13 10:10:22'),(570,26,1846,0.00000000,'0xJeTNBXLZsanlz3M3pdvCKWcH20IkRpSbBJG5oTPd','QnjOP4dJOAJpVqIasoTaTrNTT11Y0tepjVdnB4mRNA0RkDraYcBSl0o6DEGyFL0M','2025-04-13 10:10:22','2025-04-13 10:10:22'),(571,26,1847,0.00000000,'0xW0eQmZOjmmXORrq1uG20QoOnzbVXRf7hN91qwAcy','QMyD1stYpEqnOqS3oMToUt3SEtio3qYeCqyOS1cFzMXdpm2HL7HU61VRTFVqQCbF','2025-04-13 10:10:22','2025-04-13 10:10:22'),(572,26,1848,0.00000000,'0xVdYuMaJREcOhHPuVCdUYoLzhFeW20HrDzigx23zT','ivC5uR4cjFtiJ5H7aw3pFRFVc4wlGhdTUwGhYCE2iICdgJ2wi9PBhqMxHNINLyaO','2025-04-13 10:10:22','2025-04-13 10:10:22'),(573,26,1849,0.00000000,'0xYroRQZkcF3zknbGRq0grapHn2ms21yoIVct8CDf3','Rnijk0dIsWxYpGXYXCP1PuKkvO0BTqIOCpjG72aCy6Mxff10bkalaEzIPCtdH49S','2025-04-13 10:10:22','2025-04-13 10:10:22'),(574,26,1850,0.00000000,'0xd0yOx7wyMInczUSMfw9vXI0JxVb5ZSk5OxAFRHzt','RHIfmNwYmRYDq8cLxddwZk8KQZEF8iZsIAEC3zvQSYHxcKowVhwKD5yrOScG23JQ','2025-04-13 10:10:22','2025-04-13 10:10:22'),(575,26,1851,0.00000000,'0xZbAPUpfT6MdBEaieFgDm8KPmKzwiSNMyOiJLT3Ev','j2IijZJzAe3lqRlbjmnBJZRvxePtfYAgr9KQQ4SFwWP7isAQMKGHpIOXQl5rW7al','2025-04-13 10:10:22','2025-04-13 10:10:22'),(576,26,1852,0.00000000,'0xMf9WfGoGSqxWoP28hQYHQLDxNCQD6Tz1B3Jk3mKw','vIblgzfeHz45Nchahd695hn2TvO7GhiYg6kETRfLolN2X9zkcMtlXZnBKyWBJVeG','2025-04-13 10:10:22','2025-04-13 10:10:22'),(577,26,1853,0.00000000,'0xJOJAlyJuzhIk4q35FD8oQah7M9X5sl4MlwNR69Gq','FbVsayoI5ncW5LliI13moSS1zMYaCbXpxxiKqSVjhBRq89J2rKnzgSChgrqCFwnC','2025-04-13 10:10:22','2025-04-13 10:10:22'),(578,26,1854,0.00000000,'0xwdJhYWgLXFOzDjZ9rEDyagK6gAyxAQ13PHPxyHw5','azt3Pa9ayb6DuwCSU0mjAkZ1nYZy1XWEN5dRpQEUanqJaxHJMuK2X7IQXnSpEijX','2025-04-13 10:10:22','2025-04-13 10:10:22'),(579,26,1855,0.00000000,'0xGZ1tsAkHW1yjSvJxpmw0gWrkgZevkqBrHYQmxewG','g0KmiDcfoP0Jac5a3tLzTCcWJOldhZEN6aSARog5eQMQc7uHLVMU3PQ5IT0MfvFN','2025-04-13 10:10:22','2025-04-13 10:10:22'),(580,26,1856,0.00000000,'0xgLtDcsIY9JHkKMpp8qmBacnSg2rbvIuE5ieo0yCO','bORrhxO4GI4i336n3KC6vTwYqQ7zUZNPhTk061yvhhQ0wue2YET5ns5ixTXv0sDf','2025-04-13 10:10:22','2025-04-13 10:10:22'),(581,26,1857,0.00000000,'0xFkc2yrOZ5ZCJHpirghpFn3ccNrASgVzb0QUIxydZ','nJtKYG4XxUYxqh9ZeeVtV8aD5pAGd3U3AVDR5E6oA7CfHOP0GNAPQKzu8MXLsM0s','2025-04-13 10:10:22','2025-04-13 10:10:22'),(582,26,1858,0.00000000,'0xB6VD6hh4ArfcjGhiSQYoNmm9rAK1iVm6jy4bq2FF','m4xb4iJCSnlXbDtQp5Ioybqd95ZsjHc2ZSNRbKXwwWwE23olN0BupX0rz9uo47rI','2025-04-13 10:10:22','2025-04-13 10:10:22'),(583,26,1859,0.00000000,'0x75Zq6YfDfYMFCg9CBpcvS32Tbk1Buv6j59zTwsFW','bweReNJGSw1I7ZvQASHsVgWSnGZxAAD9nuqTvEXunADDunlYiXQpdLERKo2p9PhD','2025-04-13 10:10:22','2025-04-13 10:10:22'),(584,26,1860,0.00000000,'0xbHezK1ohB8T1XFQzubIzr8j9n2TyVQLtFWjZMZGo','Cqd8yKqDEoo4q80tgDHEPa1dgiMxhfuIWdvY5DeIF5lhPOYlt5Fjt4DOMnti3ttn','2025-04-13 10:10:22','2025-04-13 10:10:22'),(585,26,1861,0.00000000,'0xlB846JGyrrk3sPWMtQUvxJU8SHzoUbpoYlvUYwvO','7Pvbvi4dqymSJt2grtlomrmxWGgsah8bRNSeG5eYVTBKgWoPMkGxWPrCzjBX8amy','2025-04-13 10:10:22','2025-04-13 10:10:22'),(586,26,1862,0.00000000,'0x7nJMR98xyhTzBF844Jader4RWIvVRDRGqZOCLdD8','pMCRw6lDogCwwnKVbrydT7WHjCwydnFgEdH40Wb0ThT8LImgLKs9XllBYpubnJKd','2025-04-13 10:10:22','2025-04-13 10:10:22'),(587,26,1863,0.00000000,'0xuJ0VHhQTDiujXhSuEEACJU1QBJgfI5Ups6sANAMg','ace6760w3oQHslZfrs5lNwF5IGkLqmmjvAiooP0NC9TXwImUGbxhN0BassGnLdSc','2025-04-13 10:10:22','2025-04-13 10:10:22'),(588,26,1864,0.00000000,'0xgwyNVl0Gbt7QXbYEOTHmLSJeG2LV6wll9HCY4wCV','M7uKxm30sOf5OwoaYaydi95YPJ4nGo0dguwlgg8xjNsOroHN19YUmaG4SnzTehie','2025-04-13 10:10:22','2025-04-13 10:10:22'),(589,26,1865,0.00000000,'0xdMHxN2Y43wLhLJNBPfuxJjaYxoT7LVyoU4qGVhzM','nsMTrFWGUJ4ws0lVfXfSphUBYh1KKSzB1eHUHx1R9NOhemHTdMo3z8Im5L1DPXCC','2025-04-13 10:10:22','2025-04-13 10:10:22'),(590,26,1866,0.00000000,'0xAIXBJpMpTQ4USoVKr2wKhv1y1MBdf6khwsGYR72u','nPqM8f4mhyaMqtl9RKaigEksMTUKj8oy7miu49lABUKcABQGsyN077E0YneneBY6','2025-04-13 10:10:22','2025-04-13 10:10:22'),(591,26,1867,0.00000000,'0xsOHBKBy3b1RblkQnzHisZvqvnRA9lql069keQpUf','QfzOev7y5aaxtWrxylwCE3qXLtldY0tolMDACkPLgsSyUpSRfI0SU2RRfolje0lO','2025-04-13 10:10:22','2025-04-13 10:10:22'),(592,26,1868,0.00000000,'0xiektejaKVdJjey9itWfPaeyqGkJSdnJvEdfpTv3r','vHmlbAu6x0wcpY9G1cd2R1aOmixC2YzfCNlL812r5JOrmSKWZN0gWx1csWS0V3OE','2025-04-13 10:10:22','2025-04-13 10:10:22'),(593,26,1869,0.00000000,'0xkQhjWpzr7DMDpjOtS3U2gZgCIV1EfN8RhhyeZpdY','9RY6m6Rfhlg42qcCnoQMdxIfrcsDdxFMLJ2PYjdMmzSJcUtOsDmfMvmyz3UYAUST','2025-04-13 10:10:22','2025-04-13 10:10:22'),(594,26,1870,0.00000000,'0xTzwiN8YdUgkTyabR9QwH9y93jFOllS12czRRlw6J','CQ9DqFU7PLbXVsWGRDA9V7mwmXtZ2Ul8MEN3rVrCw8hRPQnDr9RB28FMKxicaH9a','2025-04-13 10:10:22','2025-04-13 10:10:22'),(595,26,1871,0.00000000,'0xuMGsceJhz7Vjd1wl0TZfDYfNFK2GEtCDzpHqs4P5','8d4zcosgOLtzlrVm7lPUgAsigJyDneFZ46F7qLUNgWWrOcZoARxpJVja85HsaNUs','2025-04-13 10:10:22','2025-04-13 10:10:22'),(596,26,1872,0.00000000,'0xiJZY6YXu5jdcYqTuWe7F7pZrd2rvK27vSoOsUltk','DT2OhKqhhVvB8jokip38w69C4idjZfu4SCMpHwP5WovQOpbMuBO5pTZyvIarOIF4','2025-04-13 10:10:22','2025-04-13 10:10:22'),(597,26,1873,0.00000000,'0xhkw0SSdZN8daxUq6QE1fVnaT2UpVcGbzjXK1t9CP','eAsReS4MrqBEWX9u2HFQoBqg6FfDtri2Yb0fH6YR5npHOnxbb9UWE8vWJLIpetQZ','2025-04-13 10:10:22','2025-04-13 10:10:22'),(598,26,1874,0.00000000,'0xR4qBDbSW2u0BKKLv2wwdT4AMIu0uU5Gnxday7O41','gnCZ6PZ2j9oocrTQxhUmPQ4taYF5rTJMe6Cbf9ogHXXYscmQHr9GBJV7s52O1HqQ','2025-04-13 10:10:22','2025-04-13 10:10:22'),(599,26,1875,0.00000000,'0xlSaFtq7hmlPy9Euu9cUfC4tJ27zkNfXL2EGOBGnS','LydGcnfxq5FsfxdL1lwQO0EdAKt0bQqewuOc4vRsGPohrDzpiueBlbhtKKKklyyY','2025-04-13 10:10:22','2025-04-13 10:10:22'),(600,26,1876,0.00000000,'0x5hcrsMfsNMRidFefEL0JbGhQ80ZdAKoT6ee0EQnv','rU3Nd6NwyYag6z3ZT7o34JclTznTlKvOXe1JHYEsETheoZXZSskA4Uq4UaObJ6Tv','2025-04-13 10:10:22','2025-04-13 10:10:22'),(601,26,1877,0.00000000,'0xO5lHUN9FFB7VWIvtp0V6IJlW5IzpJSuA1iW7kAdT','hdh3kxUAbLF7hprINjj2sVgNSJ0aXRwOquSA6apGCtahaahtOHWhWbu1hLm93KFs','2025-04-13 10:10:22','2025-04-13 10:10:22'),(602,26,1878,0.00000000,'0xlHpV34rj0tOIRjK1PiTbM1rVHmRSy9oasz1Y20fT','HZ1kb1X1voIPDza9WzsY2fNkwPCUitZcaHEoD6gC8TM1pO4CAuXssa4Cuc49ZZek','2025-04-13 10:10:22','2025-04-13 10:10:22'),(603,26,1879,0.00000000,'0xPtxUbGZJ3i8VYSmcehF1ZhngpLJN2Hnfb6UIYuHT','Zrh02hKHlQm4EotyYkplVr3MLUHZia5JKd5R7zta925aXT4i8hymct03kKC3etXy','2025-04-13 10:10:22','2025-04-13 10:10:22'),(604,26,1880,0.00000000,'0xW6V06r0IycDMvlOUnUHBvZaojCn8RjUT3Fks27eR','XMWxOWlDzG6xApkuqmjMNzWPt6Evyw3R3J572k1MMIrFqg1kNEjzt1PUJnPzqyUY','2025-04-13 10:10:22','2025-04-13 10:10:22'),(605,26,1881,0.00000000,'0xiYy9q334YWUQRdl7e4lvzGCknpp8Uc1M5jT3Lu7y','iRJY2pkS7hVktQYIEiYX5nZGg2TYjbnIalfKleDrueqJ2zIBEyp3bYFTg9bOJz0W','2025-04-13 10:10:22','2025-04-13 10:10:22'),(606,26,1882,0.00000000,'0xjbzGTskqM5aYNn9HW9GXcgD1Rhq7KO3KPUwNH0Dd','3PSQ8H1zeVW45Y6PaQYtsWCV4fEzFCX3pAYmnb7kNlb0N6BpOhgGtSQZGuchz1q2','2025-04-13 10:10:22','2025-04-13 10:10:22'),(607,26,1883,0.00000000,'0xSmJ9ppejI6qrKJiv3NJGlmh4wXHOE8C0VnTpC927','HpPF1mUwYfBRfR2lAqiRoNIzVjC2oKxLeevlCsltl4Ri6yeisWmOH3QZBTYK85S2','2025-04-13 10:10:22','2025-04-13 10:10:22'),(608,26,1884,0.00000000,'0xul9pJqFiLFYExBLVLzMhl51kcQuxkwM9EBqobIiu','EgJ2QCJ2TaDULgeEFm0JS7Ln5Zhg1xfh2TFrkEL22Rl3K6Sk3Ioc3BOxfrBcAtMI','2025-04-13 10:10:22','2025-04-13 10:10:22'),(609,26,1885,0.00000000,'0xHG030NVoQkMGL7PL9QRR9xRdVW38JgvZjlStP2qo','bHw5POcRupAPf2Ds6uoDmfCSpf48LaMLOTP6a8RP9XlbHXlEyHrXZ6WWydrP8SDn','2025-04-13 10:10:22','2025-04-13 10:10:22'),(610,26,1886,0.00000000,'0xlgOTpx1EIDQkWLA3Z7XdpG4NXz7kgGpYQcQ3NsbU','mweKmfSvywGu8szqj68PSkEceonnpRvhcye5LaY0oMfdQtgr8A3EJOavb6cqGpux','2025-04-13 10:10:22','2025-04-13 10:10:22'),(611,26,1887,0.00000000,'0xLRvk0dVgKhY4zepM0e6kR52J4Ggh7xg5N37Zupil','7hCsPdyuiNTjzmHTiueBdQAdBnLRHznStGiGG2MLjUfHyypkw1s6V7HIbUct2UY5','2025-04-13 10:10:22','2025-04-13 10:10:22'),(612,26,1888,0.00000000,'0xaZkKhey3RPhpWYXjKPypKBukh4QF06v070pqDAIm','MnCrqCZtj1otxqMvN02yJcA9Nbq6gWvH53InS7n4tAt9LPCaiOw6CqcNPg5jS5Bv','2025-04-13 10:10:22','2025-04-13 10:10:22'),(613,26,1889,0.00000000,'0xlUCGHsdICrf0ZkZhaqz5otUVTPkxymDEpEs0JrxF','H5qZBhbSWNjIaPS5xqp5KnoVcBmnZpQaqVjw4dKTiaaGDunLympf936jKuDCsYPS','2025-04-13 10:10:22','2025-04-13 10:10:22'),(614,26,1890,0.00000000,'0xXqau7j3tljP8nHmU6f3SGLOEAUbNAsHm5DxDIlit','XT89vJE5P3NpvrL7s9U5MnVIU2aOh0lP4oiqdWleyJhmX96LrqYR6EOVKHdkjra3','2025-04-13 10:10:22','2025-04-13 10:10:22'),(615,26,1891,0.00000000,'0xQvCaXzP1EXMSXY085Avtrk1u4n62rsN5UndJfrql','KhcLA9Dx4xCwtx2zbkwSWMOmJ8GlA1GXVe6LlROroJiWD4isCLuepf79704HiU9K','2025-04-13 10:10:22','2025-04-13 10:10:22'),(616,26,1892,0.00000000,'0xiya24K1kLVNU0qdxNHu9qyZHQvFejkgyhvJHDf0Z','LfUcUrimQl8qvcYgqB2dY8KmO6xIl8w64KOLtCmOTXEzxM7vSNDQe2sGlE40Duc7','2025-04-13 10:10:22','2025-04-13 10:10:22'),(617,26,1893,0.00000000,'0xauMp8dJJQhFJjtKHDrp8pe317ekLoi5N1mDfLLFh','lJA0zKLG79s8b9W0mCFdLXcjpA9B6bdjA98lUFIIG2A5xGSRVgaUnRkP6kQSFg20','2025-04-13 10:10:22','2025-04-13 10:10:22'),(618,26,1894,0.00000000,'0x74x94bCsX4RYeMDLf4m2sI5Wl9z4f0UyFfPRZoNG','uoy8KMWtLp8PM6bChv8Hz3zlIcB6IMlV4d39s4kS5DP3mKBamBrp32GkIWB8QA2W','2025-04-13 10:10:22','2025-04-13 10:10:22'),(619,26,1895,0.00000000,'0x8zouPLGHaGKT7Tg5yynbgCOyq3f8P41OVJkNbUJc','6FJc4XlbrmZxGwslvGKJfNBkoIoTg80fuAQftDemttXfLmRuAycP0LrW7e7oslAp','2025-04-13 10:10:22','2025-04-13 10:10:22'),(620,26,1896,0.00000000,'0x3Z6VGW8x2KmdcCejbvFTNJb9NgMzp4nCTxhWa7g2','tkgrYxpiKJ2pac57sy0sCiHaZlTYsVSxqSUW8wMt2HdD88C16vf0PgZH2RGw4Umi','2025-04-13 10:10:22','2025-04-13 10:10:22'),(621,26,1897,0.00000000,'0xwlqErtvEWjbNqgUQg7QbvM7hiXB0oVgKiVFghBCo','1ZJc8fghWwPVrKql4PaFwbv42FkSZWLHmdPvSmybDap3ASsuj4b97W9jxgl1UwpT','2025-04-13 10:10:22','2025-04-13 10:10:22'),(622,26,1898,0.00000000,'0xzWAydie0AnhvtmHj5J8rU56LkTn7Jz2EJwVGf3hn','Rqwy4cBBCQ75lGsgNBUGI1OYoxKYmpZsmV2z2r6BaEQ1wNvvLTc8Sd0Uhm7Ube3t','2025-04-13 10:10:22','2025-04-13 10:10:22'),(623,26,1899,0.00000000,'0xaMTAYS4yXtZv3yCYmC9cs8yub7pjro2fGLCEJUXM','T9xQeZMEzD3o8DadtjSWjANFs8xBFnqUzM0MkEGCrDE6OaoMcGGWzJ275bonOiUD','2025-04-13 10:10:22','2025-04-13 10:10:22'),(624,26,1900,0.00000000,'0xZOJDlFykfE42uOkwdMCnIw21fdnZiifGFhp1hV2H','RIgOvyPrCgHoGCW9k7Znf1rXxWSBU8WBirZZKGRXETtFm0J38JmiKWCyWz9Pg0CN','2025-04-13 10:10:22','2025-04-13 10:10:22'),(625,26,1901,0.00000000,'0xj8dMTA5FKIw5vRv1xroVb2MlQlxyw0qUnx4B1Lwy','6uRiD0XkPUpbvSXZHplVJdGaEPH8RetMghUuECRSEFZplwnf8YdjJLY0o5ZowRfZ','2025-04-13 10:10:22','2025-04-13 10:10:22'),(626,26,1902,0.00000000,'0xlt7UycaOoOo6e6WxYXJ0ztYvDt8PrKPAeirNH50p','zY9SzF5Za0rltvCYQgYNYo1p0IZSePhtENHJPqd1Gx7GIWHM7w1fwls9P2gsV42b','2025-04-13 10:10:22','2025-04-13 10:10:22'),(627,26,1903,0.00000000,'0x4Nll2wA6B3phln9K5ZsmYjZJJCRXaMPirZljqEnO','oybXZhi79PrUT46OXBTEXPt56XdfO8mOCfGQbq3pp4Pnw0nK1sR39K3tXSUw7BSG','2025-04-13 10:10:22','2025-04-13 10:10:22'),(628,26,1904,0.00000000,'0x3WEBOfZqSVXU0WntYjSsWfUocc27EguPO9SaG12g','ypRuKyKeh0YRkMubeavuExldvQ8JEyTApwlRpXnQqc6Xn5ddozlmyaH7DolYeTa7','2025-04-13 10:10:22','2025-04-13 10:10:22'),(629,26,1905,0.00000000,'0xLEHZlxnJgUwK8tdWtekWGYxnJhdaRSAQUbyl0D4I','bRl4DxCzyBgeNI3U4y1cShb66ZMpBT0eONubORszG5FqdbSdlwoUmbP7kwCfd86w','2025-04-13 10:10:22','2025-04-13 10:10:22'),(630,26,1906,0.00000000,'0xPpJUhqQoVp0FFESwDjbbklpe3FieT1QcR23B8M8M','VPGGS4iFNPq6LLSZpFBawlvXUoJ3ujEwfEDt1CQKDSf1XMT0RdGig8gfkK1tUV9M','2025-04-13 10:10:22','2025-04-13 10:10:22'),(631,26,1907,0.00000000,'0xubme7nO0Iquc7TdcxB0byTyuYs4HPQOZITxqK4Th','khteHI87dRbQnLbL77Mv3ylj9ZOVLcc0AQyqHdG4GU8qZpcgBcZoazLQfwGaYkol','2025-04-13 10:10:22','2025-04-13 10:10:22'),(632,26,1908,0.00000000,'0xYvtAvc80Ky75UeX6KMaES3WG7OkKXxOeAi29C1UN','698Tm0b1gq2J86krEYxFlR1FFLqsxpjxhEfJcs0qLI1I80XaQHWSZqJCF6WzrqeK','2025-04-13 10:10:22','2025-04-13 10:10:22'),(633,26,1909,0.00000000,'0xu9Mf7TF9JKQijqKsXQA4Wq1oN77oQ2p6gVR0iGHV','pjI2LEGhXJVl0Oew1uhqjbWsABPVbeOdYhFh5q9IldVH7GR40QnH9U1J13sPLVH2','2025-04-13 10:10:22','2025-04-13 10:10:22'),(634,26,1910,0.00000000,'0xZ0NQsRLUmYRV6q9N3RFc5kQIvt3nDuqdDFIFSrb8','wBZZA9TiOLRIkr4S7VkKG8alYuxBvXFLItAWkNAAnxLYjPK0za6TgdAqzVPjLRxA','2025-04-13 10:10:22','2025-04-13 10:10:22'),(635,26,1911,0.00000000,'0xDeZ1RVTHEYI6cNnWNy7BfNMpe989BesN4SMpA5b1','tYfrc04Jsggrq1PxnZ65pAfAty9VFre1nYgxgf0NjvSyIdjhkykVxRXZ9mGd0rSR','2025-04-13 10:10:22','2025-04-13 10:10:22'),(636,26,1912,0.00000000,'0xAcom1NzSGHuyhQ0iJQFDDQgyL3oJI0W1UyYszLGn','oYmIA7hEJqR3uWRobOXRQh6VylFmrI2OP7dJzjkuEha0CTSp3UXIw6LOQjFjXYiq','2025-04-13 10:10:22','2025-04-13 10:10:22'),(637,26,1913,0.00000000,'0xghCjNd0w1IVAL3yTQbovkfY6RkrLmDT82hGTLIMv','cToOH4BHdQyOyLEwXobN8131ijWplNbQr0BNNz9FWMWTpNZ8IvcjtcrzWV72zFNq','2025-04-13 10:10:22','2025-04-13 10:10:22'),(638,26,1914,0.00000000,'0xgZUJD75ygejpVraPWwmS3RIjPuFyzzbysFBvCD3P','bVFB5X8qnwBNJjb54Kbi7spnL2eNBkxZ9wmY2xASOeunIIHzqVLT59T5Yn7zt1dN','2025-04-13 10:10:22','2025-04-13 10:10:22'),(639,26,1915,0.00000000,'0xmsxjjp9hP9n43yaCMZRfTvS5soyO4JoyqRz3P88k','DnrdG9dDhd4lPRZxA6JKW1tIxWwu5B44cYKWeU4evIp53NSEAFFLAjInTOQ5BZ5a','2025-04-13 10:10:22','2025-04-13 10:10:22'),(640,26,1916,0.00000000,'0xNzWqRFsFZPpQ6aqvLVaDTLkVecc50ZhMNIWG91KI','LLGQHk1E8ABBCPB4Zz5yCwblyk9nsAevkRoSBPj8zLI9vyVDLtw32MV2IKJcnCbD','2025-04-13 10:10:22','2025-04-13 10:10:22'),(641,26,1917,0.00000000,'0xYhlWTeb5PNSXrfxJrnIqr7wDAsfRInKp0A5KgOW5','lnyTnjgSaZXPylH1tCc5wjmkdADVd4zGH3HJ6qk2U3F8QPNwInDP0uzgX1TkS6De','2025-04-13 10:10:22','2025-04-13 10:10:22'),(642,26,1918,0.00000000,'0xT97spOurMBIiTw80yJ61DVqXmtp42RMDVJkyi1t5','AguJHVfjJinx6lWXy9QL98bMzvJf2CKUjZlGvx223RMJL8c2AOOiyGO729rhVPWn','2025-04-13 10:10:22','2025-04-13 10:10:22'),(643,26,1919,0.00000000,'0xUyGKQXPphHERnVP2DLQ6pQPgFDwdneE9Ot0ZGzR5','qjvTophkmIZ6ce9Lt5xK1aqBt5zd09hP8Z1iSLUtJQ6jILTcqUDDgTECuV2e5Gi7','2025-04-13 10:10:22','2025-04-13 10:10:22'),(644,26,1920,0.00000000,'0x2AFxmuv8ns6pjfLJVKcOpLeD5g7uR5x54AnqFO6c','6GFXEtpcACu9AqeTQ4OJeaaqIVSkkO8r1g3ML2UrP0JjRfyxkBUhP2lyWr240MoR','2025-04-13 10:10:22','2025-04-13 10:10:22'),(645,26,1921,0.00000000,'0xzJBaZV6Emylku93wxH8E7v3T0VZdqCAwMnaglSM9','FHcBZ6RuZOQcUjS5llwP9iIRQSkBpWFGqASj3o0MR3L7mExPC9qLrMiY0XIPX1KH','2025-04-13 10:10:22','2025-04-13 10:10:22'),(646,26,1922,0.00000000,'0xIk6JWhV8ix8i5uUncJjEuLNzLlr9dRAjKmGgwjam','ZXTQzKbxlqgvkLcj9MUP2yVvu3DO5jMwFG6I8RN0UWeFYUto5VQwMzTYe4k54yA1','2025-04-13 10:10:22','2025-04-13 10:10:22'),(647,26,1923,0.00000000,'0x78x2lYiCqBdlWMXdMTEgDdIYjc6b1bjVa9esiWd6','4ESFxdTDGtAz3RXQboBCD89NTTruTec3HFcefCzgUOREqs77KibqVfoWayRcTPiA','2025-04-13 10:10:22','2025-04-13 10:10:22'),(648,26,1924,0.00000000,'0xaDw97zQwJzv4MVpz469n5yVc7hDH9SFWcC373v2S','grSNQ52PU5mY3QLH6wk202ICwRiSEYoupu5m3Qg2g64wTfc5x70oE8F3PDqfFOzU','2025-04-13 10:10:22','2025-04-13 10:10:22'),(649,26,1925,0.00000000,'0xUudWHdzXAbKkF3HuKcyfdcYkpGZGU5drhiydSUiW','w82VrAO9oTQwpxKcIYYwvL0ml9Q3WrXSlt6zlTxkC3rujTYaC48ow7Pd3TgKy795','2025-04-13 10:10:22','2025-04-13 10:10:22'),(650,26,1926,0.00000000,'0xs7TN3kDMj5o9TmB8a2xMpjAXL4IBtq8k6XmBZxF8','fKwuZkNrtsZM6ENYsS6gomyyAO0140fA5m46ROPf7sa3CcVeQSW2pZxzyX6Fxaf5','2025-04-13 10:10:22','2025-04-13 10:10:22'),(651,26,1927,0.00000000,'0xuaxJ04N4S0jTUS3KjY0To44lSuNPZieYCpB8s0Q6','GcsYzWnTFUiiQDVdS16wlK9YTNIE1Cu2Aotwz3OQrJfi5BZaPK56FbYg7BrMdSCv','2025-04-13 10:10:22','2025-04-13 10:10:22'),(652,26,1928,0.00000000,'0xve9Kgiz7jYvNLkK46XzrlzN7nNk2qr0wzPQ6Gb6f','8NnCSSml16v3kEYftQmvJqFYOVZaG7DsXPgdh6HsdpEOWDDijXDrMzsjDG9KNiWn','2025-04-13 10:10:22','2025-04-13 10:10:22'),(653,26,1929,0.00000000,'0x1M33XkFuGjNvheFrItiJq7hsvALTkTNoEL5IaARH','j9ys7l4m8op0DxoOMkbdGdnpa0Ii6aKJHd8RhQpOIl36BG5ujBDDa9X0o6BTaS0T','2025-04-13 10:10:22','2025-04-13 10:10:22'),(654,26,1930,0.00000000,'0x15e0RyZUB8ZscdMmSZIC5E5sZFi3ggJkjghBg7T6','VWjvAZ1yyNr3lPiJ3pEMb9Dgr4IjCZgLGJiIiknI6uEmdA32BIuNCjHwKgFTpsY3','2025-04-13 10:10:22','2025-04-13 10:10:22'),(655,26,1931,0.00000000,'0x5MTYxoU8w0RGDNwtYagpaOK87f91bdXS5LaVPDa3','3jdjJ25rN7JFt5pMFf4uKUCXFjq3P5as4AGcmX2XvZm0iBjJ02uUN1SN0HBfomv5','2025-04-13 10:10:22','2025-04-13 10:10:22'),(656,26,1932,0.00000000,'0xICFX8rdsqrdyVnSKEYYrSNQoCVXPWR0aiK3T30ft','thxP669qzjRUqniL5ybEmyJx78agTqEW3trB6xXjY3VeneV9LlmcWXg8Ec8vM8Ce','2025-04-13 10:10:22','2025-04-13 10:10:22'),(657,26,1933,0.00000000,'0xEJI6oTbOw1YpQMfUN39guqTQLYBEmk1wIHsHso6n','qwrKd2fjh2bUd6LphzFROj21qq2tPTNqTA1Nu6yNTBIoEfHc1LqYiPDPmDyzpqkD','2025-04-13 10:10:22','2025-04-13 10:10:22'),(658,26,1934,0.00000000,'0x0CYM5vXk7Eq0KjfiBGocX8orRgeU7nBFKcSkP3mk','BG6qDgsz0GLpOGb3U77YDHNXw4XmL6c0GkZ0QHu6znDAiOrexfVkxz00mqKo7Kfg','2025-04-13 10:10:22','2025-04-13 10:10:22'),(659,26,1935,0.00000000,'0xuMXXDFuemqivz6WZLG0B4LQEuTfnOjpxJC2IdMN6','fBDwO1wnUylHkj0CMhbYM5CZJspeMZvgIyu9NLwCP0UbFLSKrylKPvlQYq18G3Ra','2025-04-13 10:10:22','2025-04-13 10:10:22'),(660,26,1936,0.00000000,'0xtI1M27gFVjCYX4fLkoBPW9dgLyA4GW1DNNJvaZ5L','LRjwFEOErkY96KSBfLcZITa0Gg8lc9GA2cZHx7V5HeI62r4R3vJqQmK12NxmPX0o','2025-04-13 10:10:22','2025-04-13 10:10:22'),(661,26,1937,0.00000000,'0xMma2FrgQZeOWAJCsMTFqbaEgpHBdx8OBtewO7GJq','AizG3rjxV42a4qPWvsm9P8EOttyugoZq4kF0d5kbfohFT441GpnyrvQRU6i45B7Z','2025-04-13 10:10:22','2025-04-13 10:10:22'),(662,26,1938,0.00000000,'0xQr4aEvIKwaYueOcnfrr37iu3vMghbQxb8bVso0oc','vHpAsavRBriAnK5l9SkQ1gtaloq56gAS4KpweBmnK2lm1jXu719pwv8As68r9H1t','2025-04-13 10:10:22','2025-04-13 10:10:22'),(663,26,1939,0.00000000,'0xpmP78hYONeoPXsebpI6rCoRVDjc2uIvL1dQa6FHk','21WKXeVmHKRWZBrqsZKO34r4F2chuEZmDyp4s5Ht9XOFWbAPUFoiPzOwFrA1G8Vp','2025-04-13 10:10:22','2025-04-13 10:10:22'),(664,26,1940,0.00000000,'0xHTPaDVEgvftlzGW8Z0eqcT2YSweFCGkntY5GIVmd','cIDYUlVSg2HEhLa7kRDjiOjQI9gEevW5DEscxOPpcMTmWPq3ah0FESikNEcchw7c','2025-04-13 10:10:22','2025-04-13 10:10:22'),(665,26,1941,0.00000000,'0xcvcyeQ9JEwdKbd1oZagikLdz4cVEoqDZYduKyoYk','TJpJd7OQ4C8LxJd3PvFfFYEbI7gnPFpmHyj5mEeGuu8nhT1NaS3Eune9TiJB2oCP','2025-04-13 10:10:22','2025-04-13 10:10:22'),(666,26,1942,0.00000000,'0xd1Zt1QYEML8nQfgIiMBN8MavaG4FttbziaWXFHux','SqEBwTgje08AlcyuqQX1V4bW2k1EFsp4AnplIes9Xu6kAFktZUYbPBD5HUoo8x0F','2025-04-13 10:10:22','2025-04-13 10:10:22'),(667,26,1943,0.00000000,'0xVh0Qzk3w1t8IBlhjBg1hBlRgjDL4nWODkZHnImrd','WcwQu6pxc5WW2wTqcK7sFDHpEoyrXT4VZaoF514Wy5QGg5PxIS443f5y5P8NVppU','2025-04-13 10:10:22','2025-04-13 10:10:22'),(668,26,1944,0.00000000,'0xEJEqecseGwkbioiHoegmuqw4VLwPr57BnYmVwIcd','K9BXSbMzxkr9RfVcX8DTi7yEhhdIxP2UNxxFoYFXAF0u5MEXtuTyfE1UC4A7SG93','2025-04-13 10:10:22','2025-04-13 10:10:22'),(669,26,1945,0.00000000,'0xVCErxZ43PdCPwcVLvOB3iOLZV6Y39C4T8AXYnqUM','FLFUFJhUOkvihL4Cp3xXcHUK8Hu2dvyza2ymFJqlNkLKfVMfhvKdCC6M0RbGjlZs','2025-04-13 10:10:22','2025-04-13 10:10:22'),(670,26,1946,0.00000000,'0xbz1fl5AmYX55lcJPp6L6lp9rtM0vo6QrT1lsy41l','UKpM8RK23KGD69j3427Y8O7e59H9WyVDLnZK5MaWKPRbbaulY82XtDpoRac0bHFD','2025-04-13 10:10:22','2025-04-13 10:10:22'),(671,26,1947,0.00000000,'0xlMLZaRdpLMHfrHID9KQgm5sDAc9IZmkHdiVIhHHM','0JNfFTkD7LJQUJiAeqqwgX3Mbn4SrjEOt4g8dNnwPgETdbWykwKAuUovkvc82rkt','2025-04-13 10:10:22','2025-04-13 10:10:22'),(672,26,1948,0.00000000,'0xpGr7OztE19aes7LdIMrUGd1nVK774jBYHvAxRYgT','0QKdPclEWpMznxkFnoCY8BQk699JiApOd5nn9JYztSyuo6e55K2ba2U2DmPqvIKn','2025-04-13 10:10:22','2025-04-13 10:10:22'),(673,26,1949,0.00000000,'0xjWTe7kMgfxjjrV84ELyXGms9NBguDK7Go2fXxe2O','ZSfCbtEujABLFkNYCv8hi2eFfuBJEj9vVCub3VVCj2u5WQhvVfTmmJw28QOS7zmm','2025-04-13 10:10:22','2025-04-13 10:10:22'),(674,26,1950,0.00000000,'0xAS6SWDv39DWPM0y8nFklzoMCBC1iRYpk1iNgDZ5G','uCcQQE0en66MTOIyFML1pe094tw9D8jMG43g40I1kWdCVHXxaCx8c3KfxYi2XbqP','2025-04-13 10:10:23','2025-04-13 10:10:23'),(675,26,1951,0.00000000,'0xsevH8Ta9URZ0oQgeQISQRjt85oajtCOrupko6n4E','1gJ7nV5cpxCWzafSftMPHz5UxL1asCiTeVytSWZEwETbxhRLqNMlGpYGrLLCHrdS','2025-04-13 10:10:23','2025-04-13 10:10:23'),(676,26,1952,0.00000000,'0xgFfAtRwH67bm9cY7ZdHvB0TUxUw01GBQ0675oioG','gsKL1YPKXjhf6LJC2dukxby20oEjnZI8Rky2Hj9jqezQ8gGPd2KlyNNx1cp2WhSc','2025-04-13 10:10:23','2025-04-13 10:10:23'),(677,26,1953,0.00000000,'0xlstCFq4RVBYNLRNyETE3jly7SZDPTZfvOmz9VBpl','FoBfBD6IutkinAhSDyuCE7tO6pTc8k1kApOz12EIRmLzQIeFHXZyLKNYtMI18IQg','2025-04-13 10:10:23','2025-04-13 10:10:23'),(678,26,1954,0.00000000,'0xQ31032cyjmSgAb40iNcP4MCAp2lNgvbtd4n2KDXq','PlHaeapa3wPGj2f29ktKo2SPz1DedhMRWJyrNKCOeyWNVanp2W0dhZp0bD0p2A8f','2025-04-13 10:10:23','2025-04-13 10:10:23'),(679,26,1955,0.00000000,'0xP0uxpJXZsp0LbHjfx2WjyuGG8bc79ZMCd1yUxPng','I1hTnoI0OZkRVktWHSV2PYnDYKgvMSSPL5uxq0ZdTzSuUynA0X6uceT83uhhqN6k','2025-04-13 10:10:23','2025-04-13 10:10:23'),(680,26,1956,0.00000000,'0xyl6PcKSuPtgWSXIKXqQKI5pY3SY8gcJPk2lxhhSf','r6PZTnJsNOhQTv8VJhQL1AT5geMvFfsNnuqSiYns0t4DBIvZGKzu44IcBFla022h','2025-04-13 10:10:23','2025-04-13 10:10:23'),(681,26,1957,0.00000000,'0xteFmThG1KeDLDZM4Rv4RKky2xhwdKMK5R34SOcGj','0C4RstlpRqkXJTdodC2loVpCpUaPajg7tiBYcavXzSCZzOmk0X4kPILnrKVOypDS','2025-04-13 10:10:23','2025-04-13 10:10:23'),(682,26,1958,0.00000000,'0xsMkThLYexdyBYkSckMlnR0UZNNUGu5BsmTfIfJII','fiBd1OJkIsplgcvT26NtHLeOn9nnPVTUqr8aRVpmn1bxxFAJvY7tIqMfmnRxCOCY','2025-04-13 10:10:23','2025-04-13 10:10:23'),(683,26,1959,0.00000000,'0xh8njhLw3x5wGTkxwsLs5fB0AmBxKK687FGvFqZaD','ssFpZ5bo9tz7p5C9RTX4FTleIfwl2Vvy2TvLTzNo6X2chBKlzsfUFJMSxxHPbvf7','2025-04-13 10:10:23','2025-04-13 10:10:23'),(684,26,1960,0.00000000,'0x366vUG5bdZUHTg5obPX9P50nFGiCvzXTcWveg6dx','ml1JjRPNeiwafnEj7a9m8o0LLLiP35YkWkNVLDWRuxkYghwmeSU3LWGecJ9UDf5B','2025-04-13 10:10:23','2025-04-13 10:10:23'),(685,26,1961,0.00000000,'0xHI9XJVfwdezvgGJx0qu0UE4MnismNgC32PulzSfo','aE1ZauCHqQDPDvdnuRreHEBhlxATBEyrUVarCzTLQRJeGnB1tJVeQtiWoAJSxZOX','2025-04-13 10:10:23','2025-04-13 10:10:23'),(686,26,1962,0.00000000,'0xWOXH4KThpB8HfDk3huZZnmN9v7WrBbdROZTVsNwQ','xd8qa9KbzvkmO4fhXGPLgBkp2h4ugo7RW3l85sQ0HCAi2Am4gWy703tb3L3puEHW','2025-04-13 10:10:23','2025-04-13 10:10:23'),(687,26,1963,0.00000000,'0xg8b67JB8RSaISDZCc4xfhBMsjArQM5cRc8Rr0RM5','CzlYvbzw9dX4pAldEDzVQcgsIrLOrIouOteA4Nnt1yG1XzosptDKfU39wWG7YUVL','2025-04-13 10:10:23','2025-04-13 10:10:23'),(688,26,1964,0.00000000,'0xNOKXaTScVmF9BhQz0sNde8DvKLbqxCGCHnffEnTH','Aid44pqLzzM3zw4792VfFuM2tXOorNQZuLR8NXQRm8WvIihHFo3dCmZtFZhLGkJv','2025-04-13 10:10:23','2025-04-13 10:10:23'),(689,26,1965,0.00000000,'0x8nW0iIaQZSVt5u46yhlF34BQhYVISO8ScLOPyxja','UIEZ4n9gu4sNKbLPnP0vrf4xYc56LuXH4p4GaY0EuB4ZEcT3ngHg4Jv6RTwMEt06','2025-04-13 10:10:23','2025-04-13 10:10:23'),(690,26,1966,0.00000000,'0xnOCwqJcHm0U2Ups9gB4Yp0venX1b5NY8NgBy2omL','1gSklFECwtXQNJF0I0bd8rkfKz0sRHRntUeVJpq1eXe00JsbVda3S6Uc68EnrTAs','2025-04-13 10:10:23','2025-04-13 10:10:23'),(691,26,1967,0.00000000,'0x6vYquszALZEkZjZixwItpqSxoZnL0p96FyuzdJwX','NPffahA7yeTx1s4gh5yoT6kaQzEqX1xdYjkh7lLBQiG4piW4FdBlWta8zwx6MsNb','2025-04-13 10:10:23','2025-04-13 10:10:23'),(692,26,1968,0.00000000,'0xZxRA3PrMachpvncIluv3osBw2MdlUe0dwadoULrv','uzXezgYB6tecuD58kjyGm36ugZRGOeDneFbbE7Lrr6ylRY9h7WpohiCTo5jxwR2K','2025-04-13 10:10:23','2025-04-13 10:10:23'),(693,26,1969,0.00000000,'0x82R9IcuJqrdwrDoB9SSbALk5bbUzx6mRI59c9nGf','FbgVoVZ57Pdpd9XCxfe5j5pOR4f7erKCMRCygFwLIomLTy8Vh3gl1EQZyR6JxTeK','2025-04-13 10:10:23','2025-04-13 10:10:23'),(694,26,1970,0.00000000,'0xAFa53CkfuWhSnDwGSnsOTRsxCNHN8Y8woMJ37DYg','mNl4ad8yovUeCslw71FydrB5o0cC08uuGXtYt9jQZcY0lheRGKgJasIUFWY9BUG9','2025-04-13 10:10:23','2025-04-13 10:10:23'),(695,26,1971,0.00000000,'0xaayEfBGKdTdCnQvRjTy8dN0Kkl5FJVgc0tnb2yF8','0qDzZW4k1mEjTkPeclmFnzNTOjMxnxx5mWftZvNpiJRCWQsoLWGwDSWPTg34AtDE','2025-04-13 10:10:23','2025-04-13 10:10:23'),(696,26,1972,0.00000000,'0xie3c3yaEDUEYIvKbAbqbGgNCMDaVGrAdzO6Z5dhc','6VMtTK8aj374VCo3V2mXcZ67u9wMCMXa6WPxZn6TgKep3WAQuyYfoKXUhP0c6Xkq','2025-04-13 10:10:23','2025-04-13 10:10:23'),(697,26,1973,0.00000000,'0x5YlbAXhA2lYEPr4C4HsvdsBwwKbEkCu4L4iDryuV','vsEXDHRvT6fduPPhwk7IxfjY8C3v48nUY8dj44cfpbLwwhanbnjrhUea0DHtfw0U','2025-04-13 10:10:23','2025-04-13 10:10:23'),(698,26,1974,0.00000000,'0xpWu1T28fvXXQkE0BxckobHJaYZyEA0YebF1fvWoG','TtLKtiidg0fdMvE5aWZWerpdWPLDhPFBVZ66gKRMk54nU8MYloxld1fzt2A76Ngd','2025-04-13 10:10:23','2025-04-13 10:10:23'),(699,26,1975,0.00000000,'0x7LFwPeop2zbvIMlQVaJUeYxEaDtgM2fqNIkY4RF6','WzCTvIYoehRBHwajXVtyJmG6X4MB8of6aHtk80pHEdJ9EGQ33scD2Oohdvh9X1qP','2025-04-13 10:10:23','2025-04-13 10:10:23'),(700,26,1976,0.00000000,'0xiD8kW8CXWe6XQMw8N1hlf0Ys4pngqETX9XEpmBVj','3X831n28ngocoKSMBWf4g7RKCJXLR5mUDSLvEZRqqsKiRS2hc2x8tT30Phn55ode','2025-04-13 10:10:23','2025-04-13 10:10:23'),(701,26,1977,0.00000000,'0x06CPAAXivJEGqPd9VVcz5ELC2o8E41Ij1bFQNWZ7','cgM6PIrEWPisXMLmHnbpbX30XtywDjRLUnwTzlmtg0CRAdHWx7aev0KeIv5q6Xux','2025-04-13 10:10:23','2025-04-13 10:10:23'),(702,26,1978,0.00000000,'0xn2qrnhKfhgAWgRJXGvXs7lwQ7JSVDSPPznUCj1Bl','minrurr3VE1vVMBRLzMsndxGSjraVnMmQLcYJY3wHA31lMdVulTfBZTag0C8PacE','2025-04-13 10:10:23','2025-04-13 10:10:23'),(703,26,1979,0.00000000,'0xtn11SjnOWgYmqLBxj8rPG0gyGV4Dt57Yv0gF3Yb6','nrkwjdKGV6j7rL4oO3JPV3kxVMMjQiGpdIKj0zkFUJJfISq1a1INXNwjGF2CJGJS','2025-04-13 10:10:23','2025-04-13 10:10:23'),(704,26,1980,0.00000000,'0xvYAIO5nId6rm0SFnsQyqkba54C3yam319iVgFUnB','fSgYcnqfE6SzytWAfVXUtoNWhYKxRMFmz0oBhVkWX66AxGtohAYhfRGgagiXcvOz','2025-04-13 10:10:23','2025-04-13 10:10:23'),(705,26,1981,0.00000000,'0xp8irQK2bwosyXJpVTBB3pzDyh47pZLql37dV5tTq','6xRYlEAjOSLrG91aW0Dm8zA7enzURfj9mamRDYTmX7Idf6FpDv6UEQaZYSLXvRDQ','2025-04-13 10:10:23','2025-04-13 10:10:23'),(706,26,1982,0.00000000,'0xuGQq7PSmrcNKjgoHL8vHU0Nnlxgxf0SkTwvDBE3U','xFCIUc6YiGoG4XwTa5Wd4pAcxONm56cfozL84puHuOrNwUtpeho4Vh0TCTVpxJHQ','2025-04-13 10:10:23','2025-04-13 10:10:23'),(707,26,1983,0.00000000,'0xO2l6e5lII8xc8SyOa43DU1rPvWUgDGr321HBofm2','DTKxYjPb5iVXPE52KabggvZ2k1zzJOMyebSq4osmDyTKPQbo1tpAb94JvETQmwUc','2025-04-13 10:10:23','2025-04-13 10:10:23'),(708,26,1984,0.00000000,'0xhKfchvpSaes4CuBoo1FXU6xXhSd7P8iVAx7VZL9k','6GQMpkjliOBlhai9YGz4TyxEqvOZQWzZd0aDUjBLFcnnA7ynwOvEaF0H4Oi8OSyF','2025-04-13 10:10:23','2025-04-13 10:10:23'),(709,26,1985,0.00000000,'0xJHECuObHcq8IEeOVzeEHoGXt7l5Lyj94o9P0EdNX','IxR2sW0zsmYlD18KH6nJ0jCR86BcXG9bZNfNF9cI0aDfwhlV8sNGlxmDcpZl3e0j','2025-04-13 10:10:23','2025-04-13 10:10:23'),(710,26,1986,0.00000000,'0xIDAV4H2Ik1n44s5mDkWaATJcB6oMAHfzB47Gxsrv','8S7Z1RTiAiy6xAkmJV8Lm0YHhM4J4FKYBNg5kNIp4DGbeswepVZR0OpKYRYM3Zxy','2025-04-13 10:10:23','2025-04-13 10:10:23'),(711,26,1987,0.00000000,'0xODgknDjIs6dnH6ejIlipRmDMGPK87n3bn3gY6qEE','FJdSkxgThaZTFClp7gPY7NscL3Mx4DsjMFuLAcYte6irE7uJssOxYHq1NlZDfw4A','2025-04-13 10:10:23','2025-04-13 10:10:23'),(712,26,1988,0.00000000,'0xvZx4i5oFK9HzonSaADUC0eOld8xMFjpIXwCtpjQn','dCfR2LQNczwH37FhqO9ZyUk5YUPSZaNgbYyyHsRzMxMmlczD0X1s8UuHG0q3IG9r','2025-04-13 10:10:23','2025-04-13 10:10:23'),(713,26,1989,0.00000000,'0xQqfqepAMEZsxszf2OnWjcQ74URshixR5r7rDG5RN','e73B3liDhw4vDOr6bJjWhHCWQbEld7CCxI6auLK3mRXOLX145y24JnbfN4fcEQBS','2025-04-13 10:10:23','2025-04-13 10:10:23'),(714,26,1990,0.00000000,'0xmmNy9NXud7iC9MVmBeb8qCn8kSQCzoz0B3Lyn4mi','zDTUoWWwJeFrp8GaRzDPegoPI2yk4GbnQtRg1PHMEjiUb3iscuGi6qJQ7Id6gnX5','2025-04-13 10:10:23','2025-04-13 10:10:23'),(715,26,1991,0.00000000,'0xCGnaNE9EznIwB7POR6xLsBt6mfkirrYAgJzPVbO3','46dvaKA7QHEx3OcwudaqR4IKoIrFff86rOmAOhGwxb9Fagtf8cgqSm0KUz1OqlZf','2025-04-13 10:10:23','2025-04-13 10:10:23'),(716,26,1992,0.00000000,'0xcNe6sZ1PcEmBsHQKvjEL3ypLej4OF8EnhPbWZXr3','nrFU6tNHCwGYCUcnjyz6suYDImIf4Dp2469lxHO3ff7e0dx4Dp6LEeGXgd3xiXSY','2025-04-13 10:10:23','2025-04-13 10:10:23'),(717,26,1993,0.00000000,'0xr46J2etqUfOXMxoznRcq5knB1nCPEX0pcKayrVft','PkIGtuw9WAVOQANEsAZ46qh3G9Y43IGFrFqIIB7w6361YNO87zhj5R6FGUkUUSkn','2025-04-13 10:10:23','2025-04-13 10:10:23'),(718,26,1994,0.00000000,'0xTlNDHu897OANl6gTvlgSrGEsruFXgy1AOlWapQcM','JwB73NOQTGZKBRna9c6OK2g55C8uC8ETfgIAiG3P16Gopl8zR9tNtQwaf5wHUY82','2025-04-13 10:10:23','2025-04-13 10:10:23'),(719,26,1995,0.00000000,'0xGnwKdYL1Cways5UYwI0D1bN6XafYu7HdXUY8WHH4','aYlZOojsGUdbkyLVRMMA1XBWZ5DQOCo2crJL4g1zUqJaqn71ax3LcDfH4IDGSTqS','2025-04-13 10:10:23','2025-04-13 10:10:23'),(720,26,1996,0.00000000,'0xanvgVmqZOe6Q9bpLDYJFCpWQIGFsDz7eYRLxySHb','NcqTcjNJ8YsLfH5a4Ia1b2JXY7qTRiKsgnNeH6HqHi3XeyHAxWIjFQRsEcUSW8Ce','2025-04-13 10:10:23','2025-04-13 10:10:23'),(721,26,1997,0.00000000,'0xj7OCbfaumiPCRS52wYEopzTZL8GioltVlu2zcZZa','T86fdJxFdZsZ2p2CwecHXSvIns47RyYEeEToIdkGBrkDAZyB6iFWmN0xKu1HUseV','2025-04-13 10:10:23','2025-04-13 10:10:23'),(722,26,1998,0.00000000,'0xIGd60gjmyJpXaTfHq8tFpegv3xCTgWvLrACx2NuK','zU0d9LjsK3wgH6gJUfS0FBRLDqclh0tzJyEqQFsJOVSTxN7nSxrduKXOHsnVL2Ho','2025-04-13 10:10:23','2025-04-13 10:10:23'),(723,26,1999,0.00000000,'0xidw340XTe6IA4iEAnwjZQ5NMbWB1WmfCdyTXe8Kr','F0ERO5EOGXGJ7sjIHcirmHSiur6mpuMEC8eFZaEDkqaqlTM5st1Sx4NFaumvHLzk','2025-04-13 10:10:23','2025-04-13 10:10:23'),(724,26,2000,0.00000000,'0xyyQLh4ighdmG2hhzRyiE28Gsdh5igQhMK0PpNmJw','Jzjwgi55r9z5p4eekY0fknEi3VYIbZeGXETmxuypr54JUPS1soqnJGCrG5sc7Zxg','2025-04-13 10:10:23','2025-04-13 10:10:23'),(725,26,2001,0.00000000,'0xROzuDMmkpAOaZ4yvqSslSlwgxUB5BPpwH0FM5ZVc','s9HMmwExGLLcb53t4DHp36Kx3zdtBi2KIhCNIRNNX9gDbYNVV4OcCsIil1wSeUZ7','2025-04-13 10:10:23','2025-04-13 10:10:23'),(726,26,2002,0.00000000,'0xvVR2SiGWeAKlju6ucYXO0LXjny21OQLL1qiUlSmk','KNSgQY3RA8d3106oooVXwXkgDO1ciVAq5qOXLHaF8ARnAoqL6kUItaAq8PJ4olKo','2025-04-13 10:10:23','2025-04-13 10:10:23'),(727,26,2003,0.00000000,'0xZx1ARmc7EMG1uCA3xQrUDABSYnGvMXlRiJWiqDps','WIux16O3bAVElklgdhMEMRrvCTjwpWsugeKATIYGwSDxBcX67UYukOY5k8Y3dtnD','2025-04-13 10:10:23','2025-04-13 10:10:23'),(728,26,2004,0.00000000,'0xcDrHk6SuidneKQe20zFCknuMi9da1K6sUemXelBL','SZbkeucxDGAMMF8tQKsLwJreQeYlxU6uxQkpTpX6kvjescT6iCWRuX3aayPR45wJ','2025-04-13 10:10:23','2025-04-13 10:10:23'),(729,26,2005,0.00000000,'0xeTsIHRuJkTvMRiss7MmnGjSCSxrAJ1Rl2umJW4Qp','O52Uh2MJtLFnW4eIciNDlHRF3nhtLVrfnoHzpDYfov6rCVFVN4u6JxaMkZSSCMJr','2025-04-13 10:10:23','2025-04-13 10:10:23'),(730,26,2006,0.00000000,'0xbrPRaw6YwMRfFNJaezMwf5nknZDpLxySUCfBgsGQ','t4PQ1mFFNAJLTGAT84MnIu4nTwntlENKabex7U7PesCWAqShf2hAnzyifKbmcbMx','2025-04-13 10:10:23','2025-04-13 10:10:23'),(731,26,2007,0.00000000,'0xKK0coKnulEkxcnFXDeNHmUdRDEbvMPKcX90fXzZP','ygTKLWE84IPfl8Baw0YLNtxJ4yI1Pz1x4774IPKwo4GU2zibGP7Q378rfVJW57OS','2025-04-13 10:10:23','2025-04-13 10:10:23'),(732,26,2008,0.00000000,'0xsM8zQuyWGQJxgAHnkwXFcI2J4niWpoOWgbIzacev','zzYWUGNwWNMZxc2uen6onpfciZE7pjKCaepbqV69ZmvpukSYDn8wJ2cFztYXVCqQ','2025-04-13 10:10:23','2025-04-13 10:10:23'),(733,26,2009,0.00000000,'0xssuxcNvrOqQDJRvBuEHvvVIiQEfVPBeL2W4xhhRb','nLqWwlPXC8QFe46L6SKbmdz2oqnDChjgO4KtSqdmnqenlrNfBwCMxAJGB3kVIIAb','2025-04-13 10:10:23','2025-04-13 10:10:23'),(734,26,2010,0.00000000,'0xeOMSgbC6LL2O8u1G891th3P7yT8zcA46i0TfFT1b','dOb0uXyap19RWkHPmCb45SKFZ7NPfT9motbSomA7NjtEyWwPnKlJF8ZpQFSV2lMu','2025-04-13 10:10:23','2025-04-13 10:10:23'),(735,26,2011,0.00000000,'0xWLhZfpZyTQPGnRNx0LD4Ef9oJ025uonXBYmUMih4','4ipWPgr2nzXV86RiF6zQ621mO37MnF1oIDpxmXsw8ybJ8aIowUrIHRrtOAU3e2Fa','2025-04-13 10:10:23','2025-04-13 10:10:23'),(736,26,2012,0.00000000,'0xR5wrtBWNPVixBcFt0j2xiWXD7hyl5EYQtcrx14sW','xj5ZRMbNPLwOHeXvxIPHUsQB5EG5rKcwfBZQK7ga7Fl2ro1CXHksMD2ZxrLq7SPz','2025-04-13 10:10:23','2025-04-13 10:10:23'),(737,26,2013,0.00000000,'0xYMSnsDl4q5ZWVfmoK85uij6eSNImJvMcl3DYqvXQ','bKuzeTOPKOXgR2vrlw2s2Aa79SKRz31oTjy00bdzH5Mp8YGKIgDDFgKr9VvKRKsa','2025-04-13 10:10:23','2025-04-13 10:10:23'),(738,26,2014,0.00000000,'0xpwOKUAopQCgYCjmULZbcIVxVUOTTmfotOKsMkGUp','O0tfIQQQWKvGHzv02DnkpfwOUeLtdSawH7A7reijpPmEfzAsENEAVgOtCVbG79Mh','2025-04-13 10:10:23','2025-04-13 10:10:23'),(739,26,2015,0.00000000,'0xCkqJvLe8xG4MjwDWsPej6NJTmQ2HPswxxGF1pAbS','SpwDkKEqvWixnR9FrlyOpz6aA8q3vnSWPs7uTSO2PektzoCcl4Xznh30dsXO5PFh','2025-04-13 10:10:23','2025-04-13 10:10:23'),(740,26,2016,0.00000000,'0xjc6eAL98LYmtq7VYzX8VOkyBQqsPkVT4iWjNK5Vi','biLbYMa3T6gOkserr5M71Kk5XjgmB0SC4abEXfIxxfz400aWuV5eHcvGaGIaV7Bp','2025-04-13 10:10:23','2025-04-13 10:10:23'),(741,26,2017,0.00000000,'0xkNMFaHsOVtpf2AXczx9juPCdQ59xRorF6O2KZkR2','6lb6h2H5JsfUDAsJoN5u0ygtm2yfOgjNZrahXmbKFzqMjSuhUOykKej1SEMQRiM1','2025-04-13 10:10:23','2025-04-13 10:10:23'),(742,26,2018,0.00000000,'0xHxvyClKCzhQcPgZ8lavWcj1vqhz3g9QQxtQ9sea0','W2wsZDzUafum4asLCjGMXsYAOsJ7oltTZTvbZBxfMOvaGu99gmKvytOtg2FZRXcB','2025-04-13 10:10:23','2025-04-13 10:10:23'),(743,26,2019,0.00000000,'0xPioURWVwU1qCdDZ87j5qqj0DWTWCzmf2CHQLHTo5','4OsiipPcISWLKiv9MEiXu3ZBfkePkyblbbVkcjo5JNxuEO7dYg7n7s9Cp2hBTlgv','2025-04-13 10:10:23','2025-04-13 10:10:23'),(744,26,2020,0.00000000,'0xV7Wyh7K4IGoNl3Cps2H70CHMZhvuUaWkz2ga2Nx1','4NUvNivEseKJcsYeU5Sou4BOuT5InhCif91ZpkGS3ohEiF9JXQnkMNZJxEhxwuDF','2025-04-13 10:10:23','2025-04-13 10:10:23'),(745,26,2021,0.00000000,'0xEyGFncIeMDpjzFesKR9XhdbNnUi0LtKco23yajL6','vrIsK5uIURw4zP2e6M42NmTOsKij6pXP3P8grqh5YOlrA38KQndrUYhCejQAyhtr','2025-04-13 10:10:23','2025-04-13 10:10:23'),(746,26,2022,0.00000000,'0x8cNTZq6rnmDAsO4Fy447VNEnMD14s70sHRJxNLQp','FZ76ARg7A2CvuNkhnYc5ra9kGEmIN1uBKgraN5dNJP8QAHbHbmoE9EHFFmJkWfnL','2025-04-13 10:10:23','2025-04-13 10:10:23'),(747,26,2023,0.00000000,'0xgCuVKbZoGDGW593B1F6dWa25Qniqgwa8aieJZyHJ','op6iOQqqIgyGM1emjuSMpMbe0AnqQi9G9Vw1xHvPrPG6pIOwgKFD4l7UWP8j7ZMt','2025-04-13 10:10:23','2025-04-13 10:10:23'),(748,26,2024,0.00000000,'0xbjK2tBtSbCelxhxj5eOHdT8oD3VgNLArUnkpcI7q','ri3SW39FGPsN6lvpiddMmJB4EPbuw4exf4GGL6JYja6X8ZM1QyIoYFybZF5iIKma','2025-04-13 10:10:23','2025-04-13 10:10:23'),(749,26,2025,0.00000000,'0xsJ4WOlzH120Qs6vELFc4EDsjZGjtGKTlur93QC07','ftyBfToqRO9BZEXBA8IGMYO2TiAKyfGXeKcUlnLCt9mQbPhTfRwHzfQPSzGQc6VR','2025-04-13 10:10:23','2025-04-13 10:10:23'),(750,26,2026,0.00000000,'0xOsNgvjTYnz03dNRZqucmf9AEToG2oEX556A9dxng','uKCDGSvr3WhuTYnFasBGiZ79cJEUdJhiDP5CO2fwbHV7C7OGlGTyVkvTzBLmFwYW','2025-04-13 10:10:23','2025-04-13 10:10:23'),(751,26,2027,0.00000000,'0xXoAP5HIlN4sY0onrczJMc4JoI23kVFgc3hX6lCDf','AOeyNbRdnLPK4RRQdvVAcCShK1edPUOXTFcsIlkmmCEnmeMGJwxAM9xC2vTHVEZk','2025-04-13 10:10:23','2025-04-13 10:10:23'),(752,26,2028,0.00000000,'0x28OVHv74MyQQ8Ksj9e6nyCDilzeXYf9VcMs6zRLs','5r9tpTXtQWNcr21L0UGxGcT89MBQaK2wA48XO8QqdubaW9elrmDpRFtj6QkUtfVJ','2025-04-13 10:10:23','2025-04-13 10:10:23'),(753,26,2029,0.00000000,'0xo4nQLNe9nuTrdAz0Ezm0Vf6e1RjwEW3SVf395V4N','mPA6FeLgc0enyHNnAY2vz5Vk1Gl7q65lMcIZvRBjH6ABdhBxSkhQGqsSekcqskNQ','2025-04-13 10:10:23','2025-04-13 10:10:23'),(754,26,2030,0.00000000,'0xScOmOmEZijDpISON4onG40cFqKKAr7rCY7DmQMQx','PIPTuutQ6vqas3fvavDFZTfSeVZ8F2U2ARcW4vtkpb0vQcBhGTGD7Yp4TyPZT3Zi','2025-04-13 10:10:23','2025-04-13 10:10:23'),(755,26,2031,0.00000000,'0xFxGISN30SXbIqG5GhU6RJdFSp1sORtPjZXojsoXb','nx1TdVHfGk3V3TIaeEypTTZqpD0HoTqJAO22nin8smEC8C5RAFuMCXyVDjTUOnBI','2025-04-13 10:10:23','2025-04-13 10:10:23'),(756,26,2032,0.00000000,'0xrdkSZid2AqJIn2CyslGdcSjCqAaQdrXVXyVGRad6','BNMQLkSBRcMwz7nbn9k1pcA1SVxtwRBoopCAUZXJUaETZPgsUkYwWl9uaqnh2pp1','2025-04-13 10:10:23','2025-04-13 10:10:23'),(757,26,2033,0.00000000,'0xjvZcJCzUeme5KRy6FOqIiXebLPY2TK4UWZflCi3z','RWKclhmEPPvyMPi8YRRIuPiDzGoKSN9wo8U2aqPUJ8qggoxbaoMLICTcjHBl0Scv','2025-04-13 10:10:23','2025-04-13 10:10:23'),(758,26,2034,0.00000000,'0xXNPyMZgrKoYxYIqXYtvlFjDEyucoKEPLK3skt7aQ','OiT13NrdRNZLKx9KWkxER592W8YkBdcWLdmoUVsgLDNeCEqOMrGYMAxGwfxcCTSa','2025-04-13 10:10:23','2025-04-13 10:10:23'),(759,26,2035,0.00000000,'0xo18Th22g59jMFjBRAGruOEJ3Y6SbAlsXh63NsulE','MD0jHAk0BtEFi1y7Z3ZwLHta8GmqX4JhbpV7eHTXFXMcAY2lICxbbqSvPe4IdYuK','2025-04-13 10:10:23','2025-04-13 10:10:23'),(760,26,2036,0.00000000,'0x6pT9NYGiVBVxajrh3LcMQ9snwI2ZbiX9eP3mSLca','MmfSCKAZqEjuIwMylUHWg1FE4in9iGecoMfsH9q8E5FrQLvw23h6zyeGbxUBHiSP','2025-04-13 10:10:23','2025-04-13 10:10:23'),(761,26,2037,0.00000000,'0xkDYdGYVikPUKib6Yc9CURACfO0PLQudh6EDjNSzk','2tpKZHJJzZn2Vjhbypebba9c7A7r2OOycFcJ9O5koLKyJ3AwXL4UhWI8momeu4UE','2025-04-13 10:10:23','2025-04-13 10:10:23'),(762,26,2038,0.00000000,'0xnW56mweUyh0YueKov8whPl0LQeCf9XL69KyKdgcc','zOSZ7ynssOaMF9RDfqgmUdoYsf6FGrSshcVCn2TDYqIn3fVhzAh7l4BwBhlo6hbl','2025-04-13 10:10:23','2025-04-13 10:10:23'),(763,26,2039,0.00000000,'0xH9FjsNOYthlVugUsvgYyM9EUHiGQEjh8S8kE1nZr','Z3n4xHMLBlhsXjFB83GJ8fD6eaIcf6BTAwQqAvwUhStr9kdwnztkd4UMUEnScXwv','2025-04-13 10:10:23','2025-04-13 10:10:23'),(764,26,2040,0.00000000,'0xyMLbTTRbONjGM3mnK8bJG0g9huxmx0Cb4g2E48lG','9HwUr635xkPYqsbUZxie7w43ezfKn2h6Ohfwsk2dlaeleZ0czD4wJpPSy1Kt7WFb','2025-04-13 10:10:23','2025-04-13 10:10:23'),(765,26,2041,0.00000000,'0xQwggETjp2q9xxvjO1frAsdvK4mvCz1CxrlfjimjL','4uDtyyMQgJ1SQKPEFkCovwFfsoQCHpisYnoockXFh5rcJ4y1bXz65YgBASqBfa55','2025-04-13 10:10:23','2025-04-13 10:10:23'),(766,26,2042,0.00000000,'0xr0H2FAepqDaR7cFHMFUrrxeyXozhWDaZwy0WVNnd','WX2LncbbQxYMXtpG10uIgPrhA5Bm3SUDvNSnzxJ6JyZu5y9M8FwNxuc3n7Xk74aE','2025-04-13 10:10:23','2025-04-13 10:10:23'),(767,26,2043,0.00000000,'0xFKhPKXvIkeN14X9jxNMeOqEVC0tY5ke3na504Smn','HUJYCKKdYIRw4R52Auht7g5vhs1H05R6dsso6kwDMyWLNNnRSq35gChRWAyTZmUh','2025-04-13 10:10:23','2025-04-13 10:10:23'),(768,26,2044,0.00000000,'0xcxYPpnnJoYeMvovFb5iWbRFbzJhGiRk0fj41PSQV','IcmjRy9y0b0JRqS4uvVoVtfy8cH3exWBYsEcacecqlXQ8Ju5um5iXGrO1ySLZiJW','2025-04-13 10:10:23','2025-04-13 10:10:23'),(769,26,2045,0.00000000,'0xj2hDsaUh7VpiS70oWiOlPCYKOWkIQMEkSBKfjrC1','KDQOACj01WouoFJquY6cf1DcAq9ymTc4VKtSJg0jlVpemimj5Q2se7uunIUiXsGV','2025-04-13 10:10:23','2025-04-13 10:10:23'),(770,26,2046,0.00000000,'0xRzl3KGHxZ0c1h0sKAF8Esej6eQiqNJmu6m5IGQG3','gH6bXd6nIcnwruepEGJzdsZXGSFQHmRXeMbi5LZBFJckNgrnZhnFiNh6Th17kvCo','2025-04-13 10:10:23','2025-04-13 10:10:23'),(771,26,2047,0.00000000,'0xCHqHfr4BA3BVzrdxz3yPlLfxiAbfel7TAOw5yYQ9','F4yMggg9uUfGv4Hvipy2laiX6uP17QWqO47fUNbCFjaGWLW7ivdGjJsze57R39bI','2025-04-13 10:10:23','2025-04-13 10:10:23'),(772,26,2048,0.00000000,'0xQqBsZW7MElCKvLHoS5tLMiGJZARFIXhyQhJqre4Y','UCplPsLCKkfmAJv87sV5mqtPVQqoQyA51vIriUNtTyL1swTRvaqQ50JaHwclobEb','2025-04-13 10:10:23','2025-04-13 10:10:23'),(773,26,2049,0.00000000,'0x99jsEwUwsuYg9DuZGrZHiDQwnOiCS9npcV62V38g','tKgehDvPulBFZCMkMsrTBh6jwX8P336HdhOf5wqm7qKRWjMBgNMPDDwudl8SLcEN','2025-04-13 10:10:23','2025-04-13 10:10:23'),(774,26,2050,0.00000000,'0xAyYtJrcb62yYFSGIe5tDV5y96rBQIfb1W87BpEmk','SHVIMBX3V09Cy7aN0JjeGBXwXb6ycQvayrQ8cVbJNpYmN28neKlxm91rjUrs7K4k','2025-04-13 10:10:23','2025-04-13 10:10:23'),(775,26,2051,0.00000000,'0xy4bpxy6B9y27rBso2grG7E3BKl9MsXibRlkxWqF4','RPuSEPH635221giYJ0icLXKOxviwgDVCXGrUSGaMIQI5huvqaCAJ0J0TqL6JTMtJ','2025-04-13 10:10:23','2025-04-13 10:10:23'),(776,26,2052,0.00000000,'0xA17rVQD4LyDVXcK8svHW7UbEcscbpWBSYiVmuwMG','SM8B0lIsFcw4LA4Rh40YAQi55epRdI1BNU0MsgRQayBvvkSZWxdYcEHKZCFDvg9n','2025-04-13 10:10:23','2025-04-13 10:10:23'),(777,26,2053,0.00000000,'0x1ez1B23XYfpbrUk7QR31wysvSnnkXKvzxe7UikLE','PiPRDglYGzdbGW8xu1iLG9gN9gcJ2XofRAwFiXSVbZBJKvgvWJDZSj8bDjwYoj8r','2025-04-13 10:10:23','2025-04-13 10:10:23'),(778,26,2054,0.00000000,'0xu7VcnfmAvflCK3tdY4Cbqmh8KaZDnCKgvsmFePQl','dk4dc17hQBU5hdHcuQCuNkX8e3sEDjba7MJQhv7kewuRCd1QzoglZrUXdV5NlXrP','2025-04-13 10:10:23','2025-04-13 10:10:23'),(779,26,2055,0.00000000,'0x0ZmBcgdweCVZEar6h0SsPbpbbzJ20usWgfohcIAI','IhPxlbPSS62mweAJ5BkYgH3O7IbkeQ7rGwUKMeziVOYA4cT2TO7rTMxBrCXYodb9','2025-04-13 10:10:23','2025-04-13 10:10:23'),(780,26,2056,0.00000000,'0x0fh2cdY0hYwDZNdJWTMxQodigyhdbFo1KmaXqwiv','6MPnFFkjZBNYXFcZimT4J3U8wLZQfIL6m6z3MPh0DUddo8mspHEGUmI9ijCy2E50','2025-04-13 10:10:23','2025-04-13 10:10:23'),(781,26,2057,0.00000000,'0xQiJY7e4HcyA2kd1QkYrgBy9ADIJ64VjNC4KQyMuW','7xmMqWT3RNGSltZ5fiysXxPg4mSqrPofw7S5R5c5zQ9qrK68RTAfpyRaO8d1MUlo','2025-04-13 10:10:23','2025-04-13 10:10:23'),(782,26,2058,0.00000000,'0x7Qd1IZcLv1WGqCsZtGSdBBT2auN2tNCd1rl1A2r1','JbWXKNELJsaJgZA2VYZq6TCkAqEIXNEtCauPHujd6UxtP4Q4T82mXWFTO5WELBJU','2025-04-13 10:10:23','2025-04-13 10:10:23'),(783,26,2059,0.00000000,'0xhzaT4dhrVHdc2d1a4jUEWJpdRS2J39LKEBjNZtuh','nb4gEqOm8c5ik5PS8q5STCvLOzrxLkY5Y3WU6742DKhTYpCCy3xXO7q41AEcBqzZ','2025-04-13 10:10:23','2025-04-13 10:10:23'),(784,26,2060,0.00000000,'0xwodur7eKdFsibxImFA853qqGA31lghsSxYjJxNQb','isJjjP7PgrOimIuqOnXgXZ8uT9NOcJL5FmVhFwtwRhvli2BKPojHHEOOW7tm3xlb','2025-04-13 10:10:23','2025-04-13 10:10:23'),(785,26,2061,0.00000000,'0x9bnQBr6tUoaaZQpXa2SVw4CBD7ITLeQQIB1ElMAe','OUmASUnpJB7VoDyHJQYueGQbPv6QtfX4HwxFboKaIgM42wtOYXqqbpqnwFHUGump','2025-04-13 10:10:23','2025-04-13 10:10:23'),(786,26,2062,0.00000000,'0xRxzINaW2IkuEkJqxAyqzqeiYlEZAwMCtDxr079eJ','Khd1bzhXthU3vtLTA8ffE1FOEYePk0AwPuazEJRgwGuPcmGjvfcgd1xPoXFiG7gS','2025-04-13 10:10:23','2025-04-13 10:10:23'),(787,26,2063,0.00000000,'0xBb032ZvnLz9GWr9EOAb9BsmoYrQKxYtIiNAZ0PSw','W0PYGWRD96uFgntl41QGtVE6xDHC6iDhNFKC1u0zuN07OsdmeCRqTxTQcOJ0SLrN','2025-04-13 10:10:23','2025-04-13 10:10:23'),(788,26,2064,0.00000000,'0xO2db7DE6ClkyOVpgHBvPeh8p96HzchQT8zqkaF54','ArsJWK6LNiTls4fuFmuy8ywAi2479GLiFiDKQxnz0uaPjNt1ts7OJ88zznf87eOs','2025-04-13 10:10:23','2025-04-13 10:10:23'),(789,26,2065,0.00000000,'0xspFGCe2IMxaA6CIkkTQfO5O2fmtAWeH3ZCyBNnP0','KgtWIvyyMmxjOcv4ZCBQIzridHWuS0Ly0ajfAcMlm66jCsPzY04g3ySzgV4uNi1R','2025-04-13 10:10:23','2025-04-13 10:10:23'),(790,26,2066,0.00000000,'0xMLU2nZNXwcr1q62RkGI52aW1EVCDPNhP1xAMkZfk','fjPVUUIsJhlfyH6XhrN3XsCySFSyUGNV6z5esd2fJx1foRj2w2eOfxj05V3cc4FF','2025-04-13 10:10:23','2025-04-13 10:10:23'),(791,26,2067,0.00000000,'0xjPZ7BotXPfG2ZxqU7dczwALPiQfOjT1VeCB9aVJB','WZoJDYSB2qdLln62ykzpkSeAfzhgFmZ2Rr1OTnxptHXVThNMSaMo5MGUhV7WwOEZ','2025-04-13 10:10:23','2025-04-13 10:10:23'),(792,26,2068,0.00000000,'0xrKxiJrMZfXBgejrWYPXxoiLz64RLlRdKlry8oL9l','Wt6qKU3SBnc6ke8JpUzTuHMZ113kFrHrr2H21ktaXaELfgvaE6Fgau3zVVKSTR6G','2025-04-13 10:10:23','2025-04-13 10:10:23'),(793,26,2069,0.00000000,'0xb5H3Mc7ED2hRoZ7tzcg9VOju5W8n86WbKN6al83X','7dMLUywU4GZOHtzZGoj2hcdvp9GDMEwrabsuXotMJbfLFGMbrCSh1OUC26DulNFc','2025-04-13 10:10:23','2025-04-13 10:10:23'),(794,26,2070,0.00000000,'0xuN87u8hDEB8qmXw31GHTOrhCz1qQV3Sq1OMOhdQM','rh7DvgbyYQn2tzzjjT3yMNxEmoo0Ycd3RlmhBAxAJ2OpD5pYffULrZaJ9PYp2JTH','2025-04-13 10:10:23','2025-04-13 10:10:23'),(795,26,2071,0.00000000,'0xDv6LFHeGbL449veBkoipPmrbzf1h8O87HF1twvbh','u0El4aa3eMLs0BubLAsz8RrjJWmLDuVUF2imgADSIegIeqvxfIWkA3yrdLD0J5pv','2025-04-13 10:10:23','2025-04-13 10:10:23'),(796,26,2072,0.00000000,'0xgG2U5XAcUtWFiIcofedNHyL3Zk3kFT12ERTPKQ8j','h78WtYai6otJEPiV7LZbq1qbyrVoO39KOvOrIBpcycyqaMnVgtG9iWq0iBHpDbaE','2025-04-13 10:10:23','2025-04-13 10:10:23'),(797,26,2073,0.00000000,'0xMlkp9OZeXi85C5x5hBvhraBsY9RHq4bl6UOn1cIk','fzuY1skcAWANeGvjdtdcBuDzPmlbuuBx1ZA6F4WMH6ytrlko8loBoiSVKWkNKqvF','2025-04-13 10:10:23','2025-04-13 10:10:23'),(798,26,2074,0.00000000,'0xNHjGG3Dx7ksrqeuyRGEVTKRcYTqJNF6FEuS2rMkt','uQTIdiloH8dL9FGkfEd1YRlpxght7DhZZeZgINwDHuJhvSvkWtkNgdEqfHwOjzGk','2025-04-13 10:10:23','2025-04-13 10:10:23'),(799,26,2075,0.00000000,'0xGoKPdf8HVgqG2vb4K2MsNjzeUukYaQijXSSLIX88','XCDJ8jlVT9L10cQorVtenfKZoLCsvqQs9BrkUzJaQQoxrBQyLRp2hSco4kl060uy','2025-04-13 10:10:23','2025-04-13 10:10:23'),(800,26,2076,0.00000000,'0xjQuiUTi0w5D6v02sIldZZuQyvBmJwTrZm8eDF5ht','YPE46Nb9ylpgnWaPS7DqG8hF4Ha2yXsRSOMvYsIqhQpDtt7aEL7L6t80eXj7OSQi','2025-04-13 10:10:23','2025-04-13 10:10:23'),(801,26,2077,0.00000000,'0xHhcDKTBxGQnTYOq1944fcYiboKLijUKELmvP3gYW','LbLzcUCPCdgoKjrcgRdNwEilm2QOqdM5nfHc2RFKNRBfvm19VoTwAYwt582Q3CCy','2025-04-13 10:10:23','2025-04-13 10:10:23'),(802,26,2078,0.00000000,'0x2mq7UAFhTJuT7S615bVfJrOlhlPjhZglS3GSw0LX','35u7bxyNtVOeqSgmhtgprMxpnNBPftZVWbu1U8eYxXxBL3cPbi9ZDtwFyCS6R0K7','2025-04-13 10:10:23','2025-04-13 10:10:23'),(803,26,2079,0.00000000,'0xP1tzzh3mfScj8FpscqYrVR5DcFEo8FFzAs41AQZR','353apFWNzKplCcC7TRg8QiJuGBjyQmaDh20vSMTLiYsFyvVtutIYFaQgIu8o2zQR','2025-04-13 10:10:23','2025-04-13 10:10:23'),(804,26,2080,0.00000000,'0xcGhl0Z5j1YxmlG3N9Rot5spNFl6TzvCxky9FkYaq','ePrF9PjiBUUX8eN7LSMxsJaczIK5IBclWUgt7FiklUcfXmgAGZEQTtWKcJdeJSLY','2025-04-13 10:10:23','2025-04-13 10:10:23'),(805,26,2081,0.00000000,'0xuvKl616PvRtrEXr8nMSseoNhJuVDnujrBs6lG21P','IRPiePOIk5BYF5iMUBnFbatJv90Qwvcd7tU4A35Cw0YptxCEGOPiHwTsO8550H9N','2025-04-13 10:10:23','2025-04-13 10:10:23'),(806,26,2082,0.00000000,'0xfWEHtSARXizzCkBD5S24569gOvlfG3tCsEb8r00T','9uNWRhEPjSy2Sp9TOPbmnUwhNwPdWCFTdlNgs8v0AQD7RVCpO6YQNhTqpQWYqzfq','2025-04-13 10:10:23','2025-04-13 10:10:23'),(807,26,2083,0.00000000,'0x67M7SUytXp32joiwrfwc9Ml8hjDwEqQtr68CRAeF','7QpyU2jCH384ng1g86KC70zDv1ItQo2GEkFtG8wEdzpie8QGg60AQ3DHCQ2fYKCM','2025-04-13 10:10:23','2025-04-13 10:10:23'),(808,26,2084,0.00000000,'0xiGjrXG4SsYCJEkoo8DOWZMyyIbxc2bmowDl1LEYL','wOYKnzxBd9ZqK7OB3htKu2c53AlxHSeL3d5WQ4hJoRhSCyRW9dW9Gqs0AXPojpu9','2025-04-13 10:10:23','2025-04-13 10:10:23'),(809,26,2085,0.00000000,'0xpxPFPYkUFlpywXhseyDIHMYqr33xfOtfJnoceCmn','Qm8GTRADyjSuBQaVtY6eJU2gqShDUxioua0t7V9l1KM2DKKzi7gS4x74d2Sz3zie','2025-04-13 10:10:23','2025-04-13 10:10:23'),(810,26,2086,0.00000000,'0x5FV1cuQ4FYotqF1L11ppz875HUlYXCZireypfKY6','fuoaCQofsbl709Vap5OGF1vyjku0U9BNkz7O4X2Dv5VsEpvJlyZRwbLeHeN3EAYu','2025-04-13 10:10:23','2025-04-13 10:10:23'),(811,26,2087,0.00000000,'0xtVH65lrwLqi4vLCElA83NyVakBhBXyGJd6SEq3hA','mix1sAGda9IPJliO0TNohzN4z78eopZMJUNnKreDu7QQHcWEckbDNcSjym1Z2TjW','2025-04-13 10:10:23','2025-04-13 10:10:23'),(812,26,2088,0.00000000,'0xG8WJIFbni02jSlIdBs3tYOtAinZGXyhFaxSkyKh8','fx1shUGuZpWi43ZvDe0itgAzMXjt1EUmdDexqYLDaDQRB8XVhA3f031aQXJaa3Nu','2025-04-13 10:10:23','2025-04-13 10:10:23'),(813,26,2089,0.00000000,'0xTFU8PVXcZnRfLcKluOLp7k176GiezqqeRdOer1jE','pG2k0hRvsfMqu4MrP6iaZPAPnxNSUHP9s0DpcKbBSDfORM0rkYfdaDuCzv5Q5Hl1','2025-04-13 10:10:23','2025-04-13 10:10:23'),(814,26,2090,0.00000000,'0xUdToTFOUwmWjqJWMOuwk4nLRrEF122og7KOm3mM0','OVwQMReLolHJ0JY293RjdBM7CdSwQRjVXDDmbXDiVik9n84xyiZMUT8Q9HPfAfC0','2025-04-13 10:10:23','2025-04-13 10:10:23'),(815,26,2091,0.00000000,'0xPenNQazUHcPkW3PwKZeZVN63BUbDABgaPQlMQjUx','56cymDiHDmqc00bcuehUKYhx5HJXzPMABSCpzHDBzy7ly6vkxAILaelMgPo2RoVB','2025-04-13 10:10:23','2025-04-13 10:10:23'),(816,26,2092,0.00000000,'0xwDoOxU6lYJbUepg9qOSX3wZhL28YIzol2g5IKq4u','GqxfNNxlRtkIGFq02dIIGYjk7nHT59FkiiNTyS4jDv5gDPuBF0VlOXZmZ3oYUa18','2025-04-13 10:10:23','2025-04-13 10:10:23'),(817,26,2093,0.00000000,'0x5KX3UMXtqkhsc6adfZKNJp1udYTSf4cvj2pTcQ4Z','JHVn2ASTiuBl7apIBjfUS2t7WjK7Dh2DWdZY0DRnohtGsUiVJXEiYiJBjX3AEWRS','2025-04-13 10:10:23','2025-04-13 10:10:23'),(818,26,2094,0.00000000,'0xxjoPnqhMjELiLucg7GbK7dpnUZd9u3aVEvrdp0vw','crQ6rRRjuxYJxRxL7mw4HIrvqrQlJSytDsOzGDJVS3W01hOebGvsjU1mlqow0ZHl','2025-04-13 10:10:23','2025-04-13 10:10:23'),(819,26,2095,0.00000000,'0xE8kCbva69dt3mcWk3ERhOVnvb86zgyOht8tjTJLd','rUT8BqVbqAhTSAz5CgrgqESo74grc7F3IvNwud2zuvbRw64MUyNLeGZYZqR6HhAu','2025-04-13 10:10:23','2025-04-13 10:10:23'),(820,26,2096,0.00000000,'0xif1AsmZeMw6MDF4eVpZc4BgNua10FjdfXY3I0ugX','4M3RA6uIwhbsfjUYseobGjIfFsPhUuQN8zQYEovgj67myVOxZaDWjuA9mS6FOFqT','2025-04-13 10:10:23','2025-04-13 10:10:23'),(821,26,2097,0.00000000,'0xSiYh0UFVhlVSXxaf4Nm7d6DeNDNHImKY0MR4S3By','GYWdpXZlopIJIcwLQ9xdA6mtBuQNYnbgsphVP1XXbOelxR8yiyf7iD0tCsiaKpGu','2025-04-13 10:10:23','2025-04-13 10:10:23'),(822,26,2098,0.00000000,'0x73L1gJ8jDfD0zKrF6X9RQjEh3wxKhmMj8HErWAAh','N6TbBLQQkPDhNmbMUN30VLpPUCulJEHdPoAcr2fsj8XoASJhCEUlrkmw5H2Z3Oqp','2025-04-13 10:10:23','2025-04-13 10:10:23'),(823,26,2099,0.00000000,'0xnJhUrUuQJQ1iQXksCcpnhyqWZc2XmuOwydR5eRbw','22aaBngn5j6bwVEshcLRpMpTmKc5yKh0qYY9sxshgY6LUmlHgE0fcJR5q6t2b0bb','2025-04-13 10:10:23','2025-04-13 10:10:23'),(824,26,2100,0.00000000,'0xjgnZaUWefMn60jGHVC8n0a2V62KT9Mpmpm2LnqyU','H23JzVxjusOKufPOKlbCxCLyiYchsQ0LpVYgj7K3us4wXKVhoFvkJF7VF2AcgQ0r','2025-04-13 10:10:23','2025-04-13 10:10:23'),(825,26,2101,0.00000000,'0xiIugwNW0pLSvvyFUmslNjj73EB1Ucq9aPPfzc41S','JGzW6m3Caj7muXjMUGUtmMUZF52p5EeOWefNTUL2UocKdBIxk4EzWZFUpQXdya6o','2025-04-13 10:10:23','2025-04-13 10:10:23'),(826,26,2102,0.00000000,'0xmY5vyuU0HNHfVc6iDBhSSTspOGiGsxZv22VpxZvD','GJs0DEXLI60r3l08jBLHurjpYx8LEHp4gaDRnn4SdtdL8H9LrWvBOPfBNCGYhjMu','2025-04-13 10:10:23','2025-04-13 10:10:23'),(827,26,2103,0.00000000,'0xydbbP1jzT05DutuJ1rHV0tkPMjGGx2sW8pWncw7u','eFiSDVkoshLlyutQlEshaMEBqiQfmPd1QzTebQi7WU1fHbYQivhNETAZ3ifhwkgh','2025-04-13 10:10:23','2025-04-13 10:10:23'),(828,26,2104,0.00000000,'0x2F9egA8JBacqjpdCiW65EQfKehF5cWR3pdpiFlCd','91gcIQoahnX8S3Pr0i3SmI8cieAoHjtfCZLglrVA5bXQ9rG38LizTh5xVUfzuheR','2025-04-13 10:10:23','2025-04-13 10:10:23'),(829,26,2105,0.00000000,'0xnT2R7ynCnfk13QiY3u28fLpgjIwyfT23WzOawEp0','vbnyCGhZD1mSTHpnul5oEKK5OarUfNaV1YVButdVMMxCi5npNODYy9KZMJOBmmvS','2025-04-13 10:10:23','2025-04-13 10:10:23'),(830,26,2106,0.00000000,'0xw58Pgxq18SS5HbV5m6WcGEsCSlWNaus4uB0gHaR8','phHr2CEK1JkeJ8F0cpUgY9rXTubFUwLy9LDiXCRfmAPWJLdboVQdqErQILbgM5xw','2025-04-13 10:10:23','2025-04-13 10:10:23'),(831,26,2107,0.00000000,'0xMbNwiT9i6PmNio1ITxHRrGTXiCgpABsByPddTuhW','KuF3mJupx8J7DkmCqfPd2XVO3Ejd0ZSQ4aDQiGAeMDM6wfaiRfSJGPufAIlj2j7S','2025-04-13 10:10:23','2025-04-13 10:10:23'),(832,26,2108,0.00000000,'0xVQyCuTyBw0nnvbru8cRX9pglCEjuibWOHjfKMxsM','VhZ86lS7VAdJai9gWYCeIHr1vF1kmkvEvo9Q8Fy9iEwv2zscmvzJAoUfg8QsyhaT','2025-04-13 10:10:23','2025-04-13 10:10:23'),(833,26,2109,0.00000000,'0xfU4zs9hf1CUJfMq8s1SUKoo8ngNyq6vQr2wc8nfe','1DEHHJQhGNqac3oKk5kvenJxLo1s20t0t23ajnSU3pSR4IfBmf8GcH7tx5IeFymX','2025-04-13 10:10:23','2025-04-13 10:10:23'),(834,26,2110,0.00000000,'0xKHPaNe5vsh8g6nUIodvHGaakyZCg415BtbFYcn0E','M7C5GDfCx46skIH83G4Zc764a7sfr9F24Jt7HDWdq0yHVxcJLRIV7kLFnh0l1pPC','2025-04-13 10:10:23','2025-04-13 10:10:23'),(835,26,2111,0.00000000,'0xgbrrJUlr43ivVlC5XdEB61jBB0w8C0V64bI9b1wC','1CZ2MfyDAl0gKFJA3EfE1NIkDugccbGkhhdd9UtGZKyIZVUFxa9qe3HqoO9cGQs0','2025-04-13 10:10:23','2025-04-13 10:10:23'),(836,26,2112,0.00000000,'0xIqLTJGX5A31rKMcbgSAp6iYoGmZOSWQk14BxDmzM','yIVb3XtaWyLu7L35hr82czQhbwDKPeB7H3rouOzX6jrJR2GyqwhyWBXEExuYy07u','2025-04-13 10:10:23','2025-04-13 10:10:23'),(837,26,2113,0.00000000,'0xdI65OGEdwrjFPrf5wKwYzgtQKsY7TP3lWmdTJUen','xGsXJnbf31Du4ayG5SMcSjc3NNcsApq9FT90sTqUR7hEx7aA92eLsntt7Ifyfb5D','2025-04-13 10:10:23','2025-04-13 10:10:23'),(838,26,2114,0.00000000,'0xnlwyjUrszaCsjRb87qFP14SMJPVVZnYWvFyTKeJl','ZuMfpB9D4b6ei4AKNZZp2XiCqtaOc8z2nG5LtOwpxT2zNfq2cDbCbycPiAnqeEwe','2025-04-13 10:10:23','2025-04-13 10:10:23'),(839,27,1708,0.00000000,'bc1Y9qDOapQLHQUopQgwOCPfRvrkTkhSevPFnsEzjSc','hgfYObI9j19C8MujcAwnJ4EGA3arQHKKbB0QQXfMhCSAZsFdRHWzyPWanFCwxtdj','2025-04-13 15:13:46','2025-04-13 15:13:46'),(840,27,1709,0.05890471,'0xFjjXv0JYPQuVbpxpDKI3vUOLaZGKxioRyvsPmnyY','C8g5VCvBL9a1ZfoNYY3S8rziaQJ1TZITJWm5x0vGIGsB4URQsHLrsJdfA1MNai3e','2025-04-13 15:13:46','2025-04-14 08:19:00'),(841,27,1710,0.00000000,'0xvpFgsTrDTw4M52mFpZZ2RxVVFmIWv1QU8jc84Aq2','gTmQC1H0xSJBilINKfwZ9fHhVABBUGMlvoPYSDFBxT909r791kJhLRnrazame7yb','2025-04-13 15:13:46','2025-04-13 15:13:46'),(842,27,1711,0.00000000,'0xPVCUN9vzwjpOUwua6E7tw6gVWOHcVAnSjoJnA43g','2dBPEPPqVVTcoXtqnxvbTiaSkBS4zWM3xOvuFaswkvwNPPuW7YusHziDMVv6amc1','2025-04-13 15:13:46','2025-04-13 15:13:46'),(843,27,1712,0.00000000,'0xzExBfT6A7k9Q3248KfMnQzB83WMzauNxGNuI07HB','31LI6Ec62QWQQUbqBZBEQpdhcJSZtxyFw6NBafu9hNyvEa0FQDwdawyZ4nKKYsFh','2025-04-13 15:13:46','2025-04-13 15:13:46'),(844,27,1713,0.00000000,'0x4yYOEqDG6DUASBSFVjqbcHWNZPaiulfuTJU0AS1E','g5vkaEsD3Wtax4vctnh17Or6dq9GLXnZLNJPlHGrj9khrDC6pna0bzAhpKibt7Q0','2025-04-13 15:13:46','2025-04-13 15:13:46'),(845,27,1714,0.00000000,'0xFHpUnOqr3hQWUfYwuw0G3HwHIq7TclmSdLqdQld5','c164Ot4Or8nO1k6OSJqvQGnm8rufmLJOim3Zzy5MPGPT21RI4xXduYiOm1UkCJ2d','2025-04-13 15:13:46','2025-04-13 15:13:46'),(846,27,1715,0.00000000,'0x7WTo4x8ih3mjs1YBOuJLBL5Em5Xh4DaZBGYnYFT9','Y5Fpz3BwnziwfqDuaEUM5C9EyEnebTphlmn1XvCRmuNnmOuVKrJWilDG6MCSwmCC','2025-04-13 15:13:46','2025-04-13 15:13:46'),(847,27,1716,0.00000000,'0xz5OKAwonSSfv0XOoi7YYXwlG7XXU1WgPP9y2en4v','chIkP8e1T5Dxt52Ewk6ay5iVVSjdOgEqpJfRCRpKlyr7qu32wTS8oKnHB8YxQD6b','2025-04-13 15:13:46','2025-04-13 15:13:46'),(848,27,1717,0.00000000,'0xxuH8kKPWoff9fGAbTaynZb8AFFxJ8MFGCTPGTpsu','yB6PwW9Trs7mmhE7EvI1WrHa6rTzV9SmWLpExX1t1T7hEemyLlFbc3HnMHmmp3RQ','2025-04-13 15:13:46','2025-04-13 15:13:46'),(849,27,1718,0.00000000,'0x5tGMUcSSjzzQ5Nn7ckxpeWySJ3B4c9LEGunqS4VQ','aEFkE0y3BmlMOcSsUJQnzslFNjnhSXPYW0LdnrvXTmwSbu4hleXSe12Ulw9RWPgx','2025-04-13 15:13:46','2025-04-13 15:13:46'),(850,27,1719,0.00000000,'0xj5PNVYLIm5TmvxN38kZnCDGSOREWQMqEGR37t6t8','RNPcz1YNZqc1WIqCjgvunC8JPsXEG9Tk7LQWJtBvuFUBJhN7fIzAHJnJjGNz3yXW','2025-04-13 15:13:46','2025-04-13 15:13:46'),(851,27,1720,0.00000000,'0xT1rIRUiNsSBvmFZsioheecqw3cOSsb0FuTuBVhcq','s6TSG89WzXhUPkvVK10HTEhzwCrgj1xaBK8T3oOoTbnJBIjlswEoEKUovsJ4h3KG','2025-04-13 15:13:46','2025-04-13 15:13:46'),(852,27,1721,0.00000000,'0xrbEryHTSguEuCmdOWn2isjHJ1N3tu4XROmcj86o2','zZX9LtqccXLi4x0tNgrtiovsRaTbwSs7FRMLVfkijzcfktK9q9NZd6brpDd8FV0V','2025-04-13 15:13:46','2025-04-13 15:13:46'),(853,27,1722,0.00000000,'0xEs9yK1L47qvhsfzPQPZK7MBT9thgeE3hQIYIUaUn','dZ01SqIRxhAq3RP8tGR1iHKlnZddnKA5uZcKwdmjUk0nXDqhy82gxpQeV3z6Ap8h','2025-04-13 15:13:46','2025-04-13 15:13:46'),(854,27,1723,0.00000000,'0x0kVrkNoTfhhVjx414Qv47UyNPJdVyModGrC7G5z0','Rt9mWB2cz9oPTvhk7sC1wF6M8Bi5SLJUkvbvj49XO4wS5kSqxhdSYFnYD3lBi8Q7','2025-04-13 15:13:46','2025-04-13 15:13:46'),(855,27,1724,0.00000000,'T8ifnMbnHC3CP74flWsv8R9sR1vb5fG85B','BjOTHRDzBVVhkyCFQRLCMEVnvFyEUf2oc64ohXqF24cvHo9dzAk1Bk2tlvV4fT2d','2025-04-13 15:13:46','2025-04-13 15:13:46'),(856,27,1725,0.00000000,'0xJBtFcqtlycDM7YyNmm2C0FGRgHBah0V2rFlmXEUK','10tKIUDNJaE2vMaZ7AIzfEvWpE8wpE3gSXkRYaGipLw7q37tcv1miafZBaWrceul','2025-04-13 15:13:46','2025-04-13 15:13:46'),(857,27,1726,0.00000000,'0xSVMc9Ln1CPAlBjvbTfwgDeNgdgT4876b6qBgGY4N','rlCi3ugrhMQaDydxjwJq7wYbfcbopU3RKezoZ3Qp9njQPVxKRIBs5sqLAdljCEwk','2025-04-13 15:13:46','2025-04-13 15:13:46'),(858,27,1727,0.00000000,'0x6FgdMKLrEM142AvoXtyi5oyK7T65yoU5Lxw3rBVo','eZ6RIvY2fAOWZ8SW2jES0FNdzndPh1l06W0LZm0O2UMQt4t5fahVQRjJizXx01YS','2025-04-13 15:13:46','2025-04-13 15:13:46'),(859,27,1728,0.00000000,'0xrl6gQntciPc5J6pMHbY9c20DG3v829q5tZEwOqW7','oW7i1fLGU7wO7wXuvVZTFSnohlYqCXcR68v6XVbLg0VBXAzEoRTNfx9VvXzqv0VH','2025-04-13 15:13:46','2025-04-13 15:13:46'),(860,27,1729,0.00000000,'0xNLKSJ59mm4EZ1gM1cvGJMjInDIIUPaDQpiHpoxTb','ziBIC7Qx8arlBnAD4oUGalR8vZqwK7RDsTGNTbWj2YVQQUFkD6MCsPx3uMYlS6HU','2025-04-13 15:13:46','2025-04-13 15:13:46'),(861,27,1730,0.00000000,'0xf8gzqto2fBW2AQN8lpZJrRs1xPbx8hkWniucnZO4','7pdLSYpF47IiTM6sqj7NbfA1a75hHxs2Z35wTlbhScawTBMTmDQf8dSmgUzBMQhU','2025-04-13 15:13:46','2025-04-13 15:13:46'),(862,27,1731,0.00000000,'0x2eh5MoG4UKEMMAoqKz93UqIeFoJV3mMafHDKiffo','dvpgyrYMlRog4LoxyR36hNamPc2T8uvOuXfXni9y1BmHSYfZFXL1p084RzBYJ0wY','2025-04-13 15:13:46','2025-04-13 15:13:46'),(863,27,1732,0.00000000,'0x0aCztmAZVmDMvBjDkE8GfzkYbKRJp318fhNPkgto','pbjKIO7mvZsDtQDm14UaTB4YbThaPX2BW1PeNUsKYzzhLJf2QsHLQuL0Y3tBWTHO','2025-04-13 15:13:46','2025-04-13 15:13:46'),(864,27,1733,0.00000000,'0xe9raxyWuR5Rn1fyL5E0zbc0UTXUlMk3syxHY6lOq','Uf3wzfDYBm0sFRovwvZHNubn57zufWiqUTE3cI9TpgTi0X8sqkUDsuC0brMZRqwY','2025-04-13 15:13:46','2025-04-13 15:13:46'),(865,27,1734,0.00000000,'0x2EDNjF5p9uBcGK53NADUGNu29zgNrAASCbMSw50C','6hKHIUccVIlY14ae73u3298roybLt1ZWAKVLfWLvqVpu0bhhagKMBukbdWF7JVSx','2025-04-13 15:13:46','2025-04-13 15:13:46'),(866,27,1735,0.00000000,'0xoeH1YkpuEqU0uZbaXIEXFbEDJMemAH79wKzNarsg','fwgSWMW2ADgJsgFSZHCcPpeZUI4i3nbsKestqkBHBtV1jAwZ0Y2YMx4XCj4eeXCB','2025-04-13 15:13:46','2025-04-13 15:13:46'),(867,27,1736,0.00000000,'0x9whaFCx7jnXI2rjEKU6erG5pCLiphwpeojgae5SF','ezfe96DaEJh9tlqiFOOUApm3WACsRV8uXd5mUEGhgObq9KtP6yJgxyFR8pTyekSw','2025-04-13 15:13:46','2025-04-13 15:13:46'),(868,27,1737,0.00000000,'0xCO8wWojIsKylVdYnpcPdKeSofVQauNjXP5lwzFij','mUNxxKDAQ2ERgleNNvJFtXIR9Nl5kRvlP9zbK2gFzb8uaIqIm3YkA0uzC4nAo8ar','2025-04-13 15:13:46','2025-04-13 15:13:46'),(869,27,1738,0.00000000,'0xzJKGAkDfFnwMQqOM89A6wM1ELMLNjFw6CgUOZoOi','8zKXdMC2oldZWoH7o1X6PEU2Yb0RMKPl4yaWuF8sAhgENxfMVOJDebXBlpebnAsZ','2025-04-13 15:13:46','2025-04-13 15:13:46'),(870,27,1739,0.00000000,'0xy0PndpLK3IB8n58GQeWVQashKutfyHFUU9qcCvHr','tAObhKKdKMFcNPWlN9nKU0b5AmZ7CqxCngxiE94CbjnxPf8383nvDuUv9iDUbn5m','2025-04-13 15:13:46','2025-04-13 15:13:46'),(871,27,1740,0.00000000,'0xhD1spvvswLXnTA0ZFIOXDNzBgzf3c3s1ZWPZgknD','96L4GNvponhdoQYKgejPtMZU467d7h7SjfJos3MwHcZeb97K5vIngaTmEGQY4SME','2025-04-13 15:13:46','2025-04-13 15:13:46'),(872,27,1741,0.00000000,'0xPwhBqhjSx57846Cj4vBUfLlKzz2Ni0s0MMiT1lTZ','pFtysRf7zJIN2jZXthFtP0WX042MZbXuHGkweR8JydHKW2n18LwcmYs4p8GxTCMX','2025-04-13 15:13:46','2025-04-13 15:13:46'),(873,27,1742,0.00000000,'0xXSjgq6jWRJScaPLw6caxoEW7g8MLRdYRNLMJeKMl','uAyMAC2dItwfmuq2hWD1F8fdRy4yN3XehqylTIEMHs0FVlqEpl9ckQPcD3VwiDWQ','2025-04-13 15:13:46','2025-04-13 15:13:46'),(874,27,1743,0.00000000,'0xxWDq42jfNTc1NmWvfjP1ncKvOld7l01sNCucoPqX','7GerX8yFa38zzDHJpdHfUqBOhSKA1Mf2DBiMIRS0MwSwggvSGK2yVxZfxIjUEfK1','2025-04-13 15:13:46','2025-04-13 15:13:46'),(875,27,1744,0.00000000,'0xmIg9JYdC5EVaXdZ8VYk1ZQNO0In2DRSDmS1olmiF','F4JBwqou0gDyN3nr04hp0mh98H7usg8KT1QkvKsf5oBh6cASQEJkf9pIDHJJ8wvF','2025-04-13 15:13:46','2025-04-13 15:13:46'),(876,27,1745,0.00000000,'0xIterW9CYkT37T55Na5IbJDyT8zjvcMKfKZIwWFEo','yG5bwgc3WoYZagjCrnsr5l60piKZYVOTFxrtzYokMX4P7abvw3Lj63Fsw8eZSH54','2025-04-13 15:13:46','2025-04-13 15:13:46'),(877,27,1746,0.00000000,'0x9eZ8sWCKV1VG0RD0iDxV9YegumE4qu8o9AR9HBoc','0UVJEP4CDUUDL99D43qbosFORSmVdPRWK4SyToRh8oELxy0VUAlFe1yA6NPtq9gm','2025-04-13 15:13:46','2025-04-13 15:13:46'),(878,27,1747,0.00000000,'0xyVvcpErhzIBfwtSL3rqPGzgbBl64Q3l8L5J6HYKG','VqRJ5p6Kk6Gn4b2tGDoHbPHWNlGJLf90M3cH3JH9OZxZd3cijTWiT3UQljTw4DwB','2025-04-13 15:13:46','2025-04-13 15:13:46'),(879,27,1748,0.00000000,'0xqbjykebvmX2AHPYEuJopOBoYFRGZ1Y5Bk4j3Blvq','BEyzZ0nwmhzXaRm2eNPTuAEf14vhowltTPcjRJJ7E3URsVIxPA5SDfz8Hmapimu6','2025-04-13 15:13:46','2025-04-13 15:13:46'),(880,27,1749,0.00000000,'0xdNXrJtJWxQsT1Irrhoy4ATdZEkLrdXlUfYuQo5si','kQUf9YdX6QHv7gLGzHcntw2YXLFzxwJM7p5Gglj698YJ0saPb6VUWDc3y3jmmP8H','2025-04-13 15:13:46','2025-04-13 15:13:46'),(881,27,1750,0.00000000,'0x6zWisx9mIQsDudrHtXt5jDZ3tExYVbSyKmA6WWWU','8TYX96Qbj6LiXMYUDKA1IEVoxMTnOOm8XtZwMLs7xm8xb4H7kKv7b7NKtbsvWKn3','2025-04-13 15:13:46','2025-04-13 15:13:46'),(882,27,1751,0.00000000,'0xAKmm78hdPlLjxwxb9hcEzT6rq4pTS61BIm5rigaR','PhPw0nGGCB0fCRXDlNW2AOy9EbS8iqOgwgp43gAsi5hMbSoCS3sT6fXiIb7oVIRW','2025-04-13 15:13:46','2025-04-13 15:13:46'),(883,27,1752,0.00000000,'0xORFnJN4tQ9vxcAjbxGJJJY1hbONKQlPQ7iH4no5D','BDreH0yjL61jw0uDRU78PRBT1XKsFh4wrYVhd3wHqdWI9v35p4B7J6PfUX2XRSAP','2025-04-13 15:13:46','2025-04-13 15:13:46'),(884,27,1753,0.00000000,'0xseyQ3NeZWNNO4zkQFytrDRbd4EhgPpKY5808irap','WPK4hdd421mrBMFSqu8wiJlmFyWW0AItvSMXnloFfh7XFBMqma1riut4Qnk5D65m','2025-04-13 15:13:46','2025-04-13 15:13:46'),(885,27,1754,0.00000000,'0xqDfWDWkc44aBCZaZ2wdz3kPsZeKG6SEIwcg9hbpZ','qxNAq5Coif5YuGQfheI82IJ3HYfLbWqIOggxKpEXRCuxGGkJBXUYola4P1JmIvXZ','2025-04-13 15:13:46','2025-04-13 15:13:46'),(886,27,1755,0.00000000,'0x1XPU5ADXAt9wEWhKK5d24oUyJlvrvB1Yvv7kNOFO','SMwJ3KjFKG0kq2FcAAjkVtqe4V0Sb7jly9TjXhW1MACB26lsRC5Q1t3IiKpYpOs9','2025-04-13 15:13:46','2025-04-13 15:13:46'),(887,27,1756,0.00000000,'0xkKK6xBS1zQrV7mcbfuDoaLXueDPDVdcnjFlRRVhh','EOYlrikvofox2aZaF2Rz4E7fVmpU3XMJ00u1MdQd5VQbnW3ql9dIjIpIqhcA8KrK','2025-04-13 15:13:46','2025-04-13 15:13:46'),(888,27,1757,0.00000000,'0xU2lCuRMkdT8eA4iIpBuKEy2qZayD6t0tgLNmiVBS','7txj3PaagAO63EM8fpcUlu1b0QTUVI9KDZMhiUfhTdpgyzStXxXJnPCnjEfrMyBj','2025-04-13 15:13:46','2025-04-13 15:13:46'),(889,27,1758,0.00000000,'0xvC1qeglgHzMw6QudpoXR7XOJcsW6k1QXjsMyLJhx','z6NOHEVlAOKlpYPszgtuAAgvWnf0rifKtTQh8BnBTwvzavpRdnJp0oubY5tozHDt','2025-04-13 15:13:46','2025-04-13 15:13:46'),(890,27,1759,0.00000000,'0xZVOrUxxV33ur6KQTMuRM46uwPxRGe614uFNSJ4df','Z3qPiCodntRBLc8Ze22FBwqbQcCKiGM0pADia0Zp1S6xqgOHhexnEBvKpCscv709','2025-04-13 15:13:46','2025-04-13 15:13:46'),(891,27,1760,0.00000000,'0x45FgLXxdO8RheUL3CxJhOVMbQuQTCF2YbxqGXpDp','S1q9EHjhJ0bwYs7aZDKqUXw5vjsHZ3cwuZfJXSHESzID8xxWk327p2bWd1pUeaZ5','2025-04-13 15:13:46','2025-04-13 15:13:46'),(892,27,1761,0.00000000,'0xudcgQqBgKWZXhryVATRPsO0IYlkUjr7NO63M8GvV','xUH2HtYccqQYwD4B5DHakX4AFvDLWYxska13D2SIpVxqn9LvyKFO4alqGDF6x0Hj','2025-04-13 15:13:46','2025-04-13 15:13:46'),(893,27,1762,0.00000000,'0xsFJMOpSwiXAsP7kwvPL1VdaiJwKcrrFVgy5xO9gA','szJ6tO3D3ZN72EOIx6RnxMUiMETJpYw3Q8wK8c5ATIhUJcXaeuMffS71TkKkossd','2025-04-13 15:13:46','2025-04-13 15:13:46'),(894,27,1763,0.00000000,'0x2FyudrObPGCTnzhDrKYFpf1jwrb2R6vJs3hHfJnb','z4VR5rxacUWrQNQnhy7xkzVO5sAh7E9EnV4SpiXe4P5aGNjV26y3tMGGDcmgPr67','2025-04-13 15:13:46','2025-04-13 15:13:46'),(895,27,1764,0.00000000,'0xRS32X4dAYCdZdt5uQcZuB8JMN6Y2XrH5Zzrkb5bi','5IDlw0EwAvLp7rTsn5MT25aSOXiPSpRLcrTNIUe5SNHK1hFkROTv5akFPjbs92An','2025-04-13 15:13:46','2025-04-13 15:13:46'),(896,27,1765,0.00000000,'0xUoWavpEaHLijF5yIJ293o6hOcKvTNaX0cbrBP7dW','FjBTe7grbGvmssKDTIbyptlYYde4vKFuNEwecXXNnpNMPZW0tsfQiGdduye05cbl','2025-04-13 15:13:46','2025-04-13 15:13:46'),(897,27,1766,0.00000000,'0x6CeWKLZsImnTLkzvArcGvVUSL7cehlXDB2Ft0yPR','ZJmxsZefFpyWrKfOroGFzeYAmjB5eE1YHgQVdZpp3uce6ydZzjr7jDKHqr7V9UZc','2025-04-13 15:13:46','2025-04-13 15:13:46'),(898,27,1767,0.00000000,'0xNFFiM7zUzOtUrxyKjMuHtLyp45vFPOqUFWh0pQQC','Lwn7jbCStk6otSXe2MrcMoIdbLjx7dM7QHTifQnkvhqDDAQHiMcz58jKfAqIuzZE','2025-04-13 15:13:46','2025-04-13 15:13:46'),(899,27,1768,0.00000000,'0x4rI3t0kTKjeAPLizaDpJT0GOhXPlMtY3TGZtjl9c','vGWDLBLORuSL33Lo9asEKrIlXOPWZw91XJd6MFEjuVBJgnpdc1U0VHKiN5hwTPvb','2025-04-13 15:13:46','2025-04-13 15:13:46'),(900,27,1769,0.00000000,'0xUqQVsgplEycrjUZn9lOQnrgu5akzClp7C2b3yngq','QsuaDlPRrB1AKxyrLtftNSxHybcz9ViXSTX6gsO2VcLS01HKBh9ntzWWsz8k6gBA','2025-04-13 15:13:46','2025-04-13 15:13:46'),(901,27,1770,0.00000000,'0x914mb4xOpeOyw0WsPYR2EIQpWvXbmciHYdCWcu6m','8stWjrXvDDtkucPv8fbH4CyHsirfDK4fGrgANFIcYcSbB8itgIfhVLZSD5WzbKph','2025-04-13 15:13:46','2025-04-13 15:13:46'),(902,27,1771,0.00000000,'0xzFPg0pkqGYBpvPu2spfDQOxaQe7uqkU4XKqal8uT','hWBRLRaVEdKfiPucGSH8nEbKdzsixI8BvuTO241FFiZFzOOBhu5IOaxIDx8qWIwJ','2025-04-13 15:13:46','2025-04-13 15:13:46'),(903,27,1772,0.00000000,'0xwt89cK6zLKBJjYack0HElYGlJyJhcfEeCMH1vv5Q','N7LsFnLOv29fi5B7AVIVnMd8IBDOuytheBCXK9AWc6OEYb4Knn5pNXxaLiOQOw0O','2025-04-13 15:13:46','2025-04-13 15:13:46'),(904,27,1773,0.00000000,'0x65MTnHUG7MCtqC20PxnGivJ06eQDpnDCwMX4UHWT','24dFxKsduWWPjgc8PYJlHyrSMjsNqwqA2Bw1QSH1xZmrRqjbD0kdr5muEEENfgaD','2025-04-13 15:13:46','2025-04-13 15:13:46'),(905,27,1774,0.00000000,'0xVM2Pw7Tbbsq9aQT7PZOIhaJtXnWiz6Okhgb0JXK8','QZugM6qk7FG3jOYvagjaS6tTMkrIrBldEXez1OyNrdOX2fez7bOqP562IVOp5ITD','2025-04-13 15:13:46','2025-04-13 15:13:46'),(906,27,1775,0.00000000,'0xixc9akXbdDTNBNb1fnNdpVxIJkd6PejA2GoTJl9T','98cL7EyWKfm2aazeEyX39jL1DacXP2vCARNtNsggj2myUKbqXGK2EyOAvWfcvcoW','2025-04-13 15:13:46','2025-04-13 15:13:46'),(907,27,1776,0.00000000,'0xk2clEsBxQJaV48NOR5BVmNnB0q92ToRRLvQCggUA','5v9UIzDR2YSOTvzUDrjjC2AEJnFMeHxn5SEUJtRwkolpio0IQMUYVJgCdqsj8K0E','2025-04-13 15:13:46','2025-04-13 15:13:46'),(908,27,1777,0.00000000,'0xEqBrdCdiy08kxRm53vmK7CHTxkk28ciFgDKMle0x','QYcj9elWdX4MzHSyyHQrXMcQbMnnyPAqY5vXqGxDMLpcatQFlFsdEdTY1ljvkeY2','2025-04-13 15:13:46','2025-04-13 15:13:46'),(909,27,1778,0.00000000,'0xUiWhdVWdKQX5JY709ic7dQUHwv73cThH5lPcs20p','awOfmdGdqTc3DluTuWO0qgCzawu04Tgcc2Mvct23lmeenKRkDLAt4bFA2j7jolRR','2025-04-13 15:13:46','2025-04-13 15:13:46'),(910,27,1779,0.00000000,'0xB5cWglonhm1zdPnij4VCUiQkD1GqYYgSCZKqjuGc','b7FBnuEjOsBXbcUpyaIv2hxwQ5O60C67L2Sgk5PzZ7t9aLGuLhasTO776CxVpSTB','2025-04-13 15:13:46','2025-04-13 15:13:46'),(911,27,1780,0.00000000,'0xdlEgxh0YDoFiTlI7xb5iEQ4BFbVxHoOp6FbwmTpc','3RRVjGJ3fPvSOM8SIpfC80Ff7BWacT6B0Zk7CB65zfd205quFhIiOxCLdODT0VSx','2025-04-13 15:13:46','2025-04-13 15:13:46'),(912,27,1781,0.00000000,'0xXsnxn9wMRp9M81nCeZrXhkHZd5gEMiGAooQTejyY','3MGrERyunx1X8IzJHOpVp10pJ5o4txCkddeYkjrZIMuDVB7SheiaNSdAdNdRoBfc','2025-04-13 15:13:46','2025-04-13 15:13:46'),(913,27,1782,0.00000000,'0xgbE3r6Fg0IMBUCW9YpUaAVB8oV0bciDE68u54IY9','ZOHmgSF9StwvTz2VCI75iypph2zVRb8jQGnLDC5Uju0q4p6g3Kb9gmGQSJQZG5R6','2025-04-13 15:13:46','2025-04-13 15:13:46'),(914,27,1783,0.00000000,'0xQnDK1KGcVay6E7k9KzAFgbo5C0SitVL7dGYGul5l','p41qZLcMLVIXssomQcIDTe0x9FaTUa4r2Xj0fuTPgiRX4SIHa1Y2kia8mBdOHLMe','2025-04-13 15:13:46','2025-04-13 15:13:46'),(915,27,1784,0.00000000,'0xYIvgtgWGtpXEz3ZihhGggcnUFko9aDxe5idU0eph','2XjlQ8vrT7ragZ1Cc7z4Kalw13PDndjqEpqSLcTrksBspYwZ59SONZpEqFqgPvIh','2025-04-13 15:13:46','2025-04-13 15:13:46'),(916,27,1785,0.00000000,'0xkDW2ZdkrkcLL2rbBVOXXNvZdlF0YGLQG0GYiogWR','lOzZ1w62lWBJwo6YTbgb6j1YgqPrk9zbC4NA6EBTE3kZ17WZHFNYNbbWXsIYSLAo','2025-04-13 15:13:46','2025-04-13 15:13:46'),(917,27,1786,0.00000000,'0xaeowTOrkziad22xENbnSmMDwKjmdv8c43rZs4fWs','MgibMUqns1cxQp2lRU4V2tdV1GVyZmlyPIKzXTyLACnfGVxkQnKCuveyQUDOEXDL','2025-04-13 15:13:46','2025-04-13 15:13:46'),(918,27,1787,0.00000000,'0xStOPIntENwNJBhre6PKeWUpQE1VgBe0yYMFlrNQW','7HMvR9WOKwwakyUchCuw82tGP6Ff7r0Dze4RFG4Vgwfm8H5XqRA4x3eMoSGLAKcS','2025-04-13 15:13:46','2025-04-13 15:13:46'),(919,27,1788,0.00000000,'0xSl8iUEEN0WrfrNtztBSym5EUGm8GLwU8XuUTLhEU','1lM2E7NDqDPOxAyu78fETMOmZ00t0MDsvp62VOliw6SJJgZh94VobE5CxIr2HPVV','2025-04-13 15:13:46','2025-04-13 15:13:46'),(920,27,1789,0.00000000,'0xXNFfQBbnEv6m4xfca2G4iSnQzYGzReUdBYlPXCKe','8YCJ1f6d7SXSd1IhwIhj00nvwygBOEih0GfDPmIcL1T0NUZS1WdZnqbcJZmM7QmY','2025-04-13 15:13:46','2025-04-13 15:13:46'),(921,27,1790,0.00000000,'0xxp4agQ2YnxJZTHiA3IJgvDDhbP9VRDTWfWUei2qK','69ixnT1OuT0GTl4Nm0Hto7uP0gHiGKAUVi2GQedGkLUX40GPQrXaDIOBdKXCy75p','2025-04-13 15:13:46','2025-04-13 15:13:46'),(922,27,1791,0.00000000,'0x3RzDiF3OSwiRO6XelfjQ3LlVn1L7WQWEqK4dPdkZ','hNS2HexNYOIhBjLP1kKFdQMT0vL7rCf3EzIv4KtmuAjzSurWPcOqHUxma2Oq4bHZ','2025-04-13 15:13:46','2025-04-13 15:13:46'),(923,27,1792,0.00000000,'0xWMwjwNDHcqruXov1IVfW46bWgfcYE47SG1RG2TYY','itRNb6HlBjozIjnAYRzVMsXnR69q2pqnQyb4SJiVHRGARHv0b52eb10ZTwSohB12','2025-04-13 15:13:46','2025-04-13 15:13:46'),(924,27,1793,0.00000000,'0xFE8bx4xa12nDJyF5my6G9mafCOwVnFvpHOEZLZgQ','BY7oYO4bckyZ9iSOZUZnvsUKsMSZ41QmofIS8W1q1YjkYwFPDu4i0E0f3oH0ndmq','2025-04-13 15:13:46','2025-04-13 15:13:46'),(925,27,1794,0.00000000,'0xf1zjAymdk7FZgdyNnxf3wpyGHtpuuLfCVtw1x9e0','YCIaToVeMvvttcafJMNihE9Da75mYuJQCxkQfwhbB1flmzJORiMMU8NoXA2pcoFb','2025-04-13 15:13:46','2025-04-13 15:13:46'),(926,27,1795,0.00000000,'0xo7mCAg1pXcNJNdOx6qHi1qOg1caCW2VwwrLCQGd7','l56uzYjZOd40aY8sPBv3OqhFC1BEsZpJcaPLPDyVigs3VSg5lKP06XVf7Dosnjhb','2025-04-13 15:13:46','2025-04-13 15:13:46'),(927,27,1796,0.00000000,'0xQf6ovF1yzyjuP6TpHrmfL648Ge7Vrbig460E5mNd','cqhW4f4AlQ5Jjhf4Fj3wo0QP5kv9h5k5u1NFGTwui4pQNwlAesMm1HaMtdjrXrB9','2025-04-13 15:13:46','2025-04-13 15:13:46'),(928,27,1797,0.00000000,'0xgytbAHKWaW5ebKmgxTaBvI5fZqN7hc99jKCyr1N4','7J4NhVxOERS7GOircxgGRDpjkCLQyiT46hlzjefxzKYztBfvuyvLkbcfMa8hZspF','2025-04-13 15:13:46','2025-04-13 15:13:46'),(929,27,1798,0.00000000,'0xxytOUuTxQxk8aBAAhUvwq4gKShVQNAMYs7QcIuNT','Lrt8gXOZoRIcdlXbqW8XJkEwh16Ma33jSROASYgtlTal7n8BWKLWX8jgsI1yL7lM','2025-04-13 15:13:46','2025-04-13 15:13:46'),(930,27,1799,0.00000000,'0xWjnL3Htum9Ol9Dy7ssGfHEo500wGmnlDszvP8S0X','ZCBn14nCUrZOaDbTSbGKTK2p2sUEUZJRVokIZMRigVtr2Rif2JnoQMwqh8320QhT','2025-04-13 15:13:46','2025-04-13 15:13:46'),(931,27,1800,0.00000000,'0xDPZS9cd47d48Pt0388kJIuklvqIn46X9ArKt7nFC','hqyqWslL8Z9TeHlyVPNAFb2bMyEtJghWKkOkbUDLvQmhjHQiRlwvvX2c2PTPIjoo','2025-04-13 15:13:46','2025-04-13 15:13:46'),(932,27,1801,0.00000000,'0x1KvZYOqEcWNNm1xa92JBQvslQkD21JDovKFCx0jC','I6lZl5e8tKg1Yzhmsyf3wPl3iMHQuHxTMcRKN5sUdH8km1bO96A6AsBEU0H2QhCH','2025-04-13 15:13:46','2025-04-13 15:13:46'),(933,27,1802,0.00000000,'0xVx6n6dGsqvkayK1FJSrMTCPtwaV1r3LIeC8tsQwW','SwVJTBg7QIXiAYSz27ZjvxZLzkQHbhql5ENnq4C0jBoa4gtLE10iw7oR1XtJORH3','2025-04-13 15:13:46','2025-04-13 15:13:46'),(934,27,1803,0.00000000,'0xODnB3vseUp8FxcAjHewPwWss66h4w4Q39oX4ZYhL','c0wIWCT9oSvt13qsbEOAiZl6yelXS8rvshR0QFSAAArk2pjjUvrEEr1jmMYmK96C','2025-04-13 15:13:46','2025-04-13 15:13:46'),(935,27,1804,0.00000000,'0xGcTO7cQ08IwBtW9oaw6JJ3xvX2AkaVvz7FOiOI3f','Q3FcHqLsKwTGBHKKJGpoTsic8wgvZSRT6bFsvXL6XqSfa5FLoHrzxwe9KUsmLS9j','2025-04-13 15:13:46','2025-04-13 15:13:46'),(936,27,1805,0.00000000,'0x1oqgEH8wmLJIOE1JhMhuVFahKTRUh01sHjYat71s','ji2KwNVNAc46vWKio1qWxBT5Emf2grPrA6gVEQt9pbayRN4979G6Wkf7cVunmY7s','2025-04-13 15:13:46','2025-04-13 15:13:46'),(937,27,1806,0.00000000,'0xaDNAN5NeyZ2OJfy26phVCTS7NulNqSoAbEZJqDUb','Qb5bRGkoY6alwrFbshhoodZQz82OpKHRfEI8Ose7Zuid4IcH7WddIyWREVLnztiW','2025-04-13 15:13:46','2025-04-13 15:13:46'),(938,27,1807,0.00000000,'0xiDlg0b84GsRTYnAEvQPKKBZtwcpgc6QEG0Y0K2j5','GElRRxY0GiVsU29fiLoMFfHnQ6IlppcdXBnejQY9aJWas0XRWEv5CZ3QpeJw5mDT','2025-04-13 15:13:46','2025-04-13 15:13:46'),(939,27,1808,0.00000000,'0x8s90LUx9XWeNAvw5InjgYwXB3l3uN2o4bttL9sfT','cV5ee5EBjKGnXX855xmvjjYUMI7lhLLzD6S8veVSmQkZ618dOy77PLhjdAexyjPz','2025-04-13 15:13:46','2025-04-13 15:13:46'),(940,27,1809,0.00000000,'0xw11bZLHi2PC2SRn4oJCeDzT83mbPAQbRef93vsg5','hCf8vVMZ1yivWAcdsRArmVWmJOtjQPHVTlYKirkhbZYOfsSbHEJEqR1Fj6hgphim','2025-04-13 15:13:46','2025-04-13 15:13:46'),(941,27,1810,0.00000000,'0xOvcZa8q6TS7KbjL6c8jVtYG0Maxr0aDquOfN60SM','emuB2c2HgH8h8LWVkW5gGcJqBLHUHYw2coZ6Jk9nOv29tL8wNWOGxN6XprS0rS9E','2025-04-13 15:13:46','2025-04-13 15:13:46'),(942,27,1811,0.00000000,'0xwGy9ho1zZRiWUk1ZRVF9RAcA7E1RemIpnaDjqXuO','OxWTIVxIOn8EOWJelSnAzCziyQSowzWb7P5VLcYvZCY8lMVoqm4OUuqgHcV1V6eA','2025-04-13 15:13:46','2025-04-13 15:13:46'),(943,27,1812,0.00000000,'0xZC7zQOxKJTgq5kjmXlJDfuwFWJCDmWiBLtSw5srr','bJfKQggVZoIzK8s0t7Oopyq6YHvBrO83k2mIgGWm8woCDFtQedHQpbQ2N3ImJQQq','2025-04-13 15:13:46','2025-04-13 15:13:46'),(944,27,1813,0.00000000,'0xeHh3NBc8DiRH7nVi0bKsHfbzznYjDIl54F2WGFMa','TWaGWWudGydPNFiOaaCiBcjMKQ5CJH8X2xD1v725lm4xiw8QLDIWOv5U0zXd5yd2','2025-04-13 15:13:46','2025-04-13 15:13:46'),(945,27,1814,0.00000000,'0xslppujznFUCvDLcLX4X17QxuXDOBQJMOsmtPYBCC','SbS42cKRSdnJNuI7Ags2YF8WUj2mYYZHVE7Uz7kgH9qLu91nu8MK1owT6DHdccp1','2025-04-13 15:13:46','2025-04-13 15:13:46'),(946,27,1815,0.00000000,'0xRzmBNfSJidCdA2B0ZyhljhDU2Cl5pOIud4zL0zCW','jtiBcq3tVVz4o2Mljct5arr9QBFUhP65ZYHzXz6P9ZbWh2DsaTlF4LngCgBiQVcb','2025-04-13 15:13:46','2025-04-13 15:13:46'),(947,27,1816,0.00000000,'0xDvgHqcanxuBL7didSSe0BWHyS14qP1bJLGrW7pMm','hyXgADKeDai1Ld6UL3eGCJYEB1tZDiI3oaz7SheMMPF3rqelMfIw79Spht97ZqS2','2025-04-13 15:13:46','2025-04-13 15:13:46'),(948,27,1817,0.00000000,'0xMQuxNancX8Y44xe7gikVIeLfCJ8Gau4nXcjgesZR','X28KWJENV3QRofxVTHLqQiKrI2uHoQCQNNIIMgZZKsd7r3bBRYRcd2dLaxqXfkrh','2025-04-13 15:13:46','2025-04-13 15:13:46'),(949,27,1818,0.00000000,'0x0RdIy2Mmk9R49MdgBg0nNlx5LMkszeAloRY6Wznd','upOvr9m2U57sDsi0x7UGQyWhSIJYw6PUFcK85DP39NZ9fPHD1cMkLrj9h036VHpj','2025-04-13 15:13:46','2025-04-13 15:13:46'),(950,27,1819,0.00000000,'0xcPSFXRj30Y5df9djSB7zczKwGodkiUsinv8xhsGo','Zy6wRhCEVRJBUqw6k8OuQ6fA7dcC2hxUAZufUlTKGUP3Z7XoONSsAZqCyXzfBeCI','2025-04-13 15:13:46','2025-04-13 15:13:46'),(951,27,1820,0.00000000,'0xEtMdOLVcNQTHxA6Zh4Vgn6Igyl2dsdHiZAXqkRWD','ZyISyQq2qpB8zny4x3TDwVBSHAZrRbi2c0oHp2Ern2GWOxCJhC4cgMFqCIQlaZwt','2025-04-13 15:13:46','2025-04-13 15:13:46'),(952,27,1821,0.00000000,'0xwuzVduBxKYeMNFxGplMOzX100xBd9W8LVTM4r0W9','zjuFqQVEzuxRXg1ornTAEaEqBJtUq00u98Benq27gzgExXt6SXJ1Jk0G1oxzsj6f','2025-04-13 15:13:46','2025-04-13 15:13:46'),(953,27,1822,0.00000000,'0xdUbDSr5xHaIhWF1F8JjEzngaDHgTn1QfnSjNuszM','mwD8Mtgnpx5eZivgEZ2X8WGlSF2ByOsDHkZ9jaSkLAndaCTlValjKQ0fTNwrTwIt','2025-04-13 15:13:46','2025-04-13 15:13:46'),(954,27,1823,0.00000000,'0xSWmc7xzOEZz517yQYiDeTd4rwq5r8yt66BsjQhin','vfyJqGVCTq97TyQCk0b553vpzyETeV6SGmJ94drPRcxqhqe8PRw4NYsTVoDjyjRn','2025-04-13 15:13:46','2025-04-13 15:13:46'),(955,27,1824,0.00000000,'0xrcR6OIYs7CF73mOaKKp9Rcjwov9K7NFd1aRlqUuy','xPS1HzhC9GxpiGVj4syyxTbcO2YZulTHnptbp8pjYPIGQDHooVZqts7irfpcesOI','2025-04-13 15:13:46','2025-04-13 15:13:46'),(956,27,1825,0.00000000,'0xblpvtONANRZBkp4EdCht0yAewbSnIIiqwn6BtwBj','AyFwjp9cqaFVKb6jg8MT2m6whM7iBMFfkdmqpIiOc8M8KaUOZ6Urh3I83fENvi9g','2025-04-13 15:13:46','2025-04-13 15:13:46'),(957,27,1826,0.00000000,'0x1qP3IPlVRiYZbYvSOuENsFcqMkFG88Y0IvW7itTb','5Q3teDPTJw2YgDXIfSxbfnZlBMcwr4gD42npXiVCqEcBBmPhxLKtlvsna6BSHMoH','2025-04-13 15:13:46','2025-04-13 15:13:46'),(958,27,1827,0.00000000,'0x04O657cbhdYKkWtrzfQAGxFuzgUQDBYja4sboqvs','rAqRKUFLnUD1CdOa9yKoNMuE3fpvcs8oO8gXk77VV7fDjsFuong6stwOkLnvUOfF','2025-04-13 15:13:46','2025-04-13 15:13:46'),(959,27,1828,0.00000000,'0xQCNaf1cWYCSIDFeZfxG7kfpBY6lY0It7TILAzrrU','YkaEGlIIj3x8LSqNT7dmEwtfq3sfEKDWGErU0GnM0bO8Kk4FDFudpXWPmQKwsFbw','2025-04-13 15:13:46','2025-04-13 15:13:46'),(960,27,1829,0.00000000,'0xZNgBvTEpCiteMs6sp9sJ2yI2cSqxtEFVVzEGX2Kb','10D8n4VXvWsRrvR7ovzSA3tdk1QPF5uGTLactV1o69BbJUiLW26xMdNkigUWQOOa','2025-04-13 15:13:46','2025-04-13 15:13:46'),(961,27,1830,0.00000000,'0x3zUv5fcqcYT5MCtB0051ggSwa4YXaVFApHDFjTP7','afWwGfwjVhuRaoarxtctpz7YmOW8a9OywCrVPvMXkeoBDf6uYuU0X2pKH4myjT82','2025-04-13 15:13:46','2025-04-13 15:13:46'),(962,27,1831,0.00000000,'0xz6PbjE96AWPUIo9AmXM9Z7PuBXkkzPhJxgAAKntP','0f7Bgtc9f6yQpH6nqeFfqO6Yon2VZtXO5xfAjzCmPWU34fj76Qaypif96eIGldtd','2025-04-13 15:13:46','2025-04-13 15:13:46'),(963,27,1832,0.00000000,'0xfDSMmnPYSI1uztfQYmtoIg21ijrLwhHF1sgBc74p','Q8SXxci6ph1SN1JiURQQcYVRWnfSQXby1YvqgGNI2Qm4NmlIqlQ10MawrAGfQHjT','2025-04-13 15:13:46','2025-04-13 15:13:46'),(964,27,1833,0.00000000,'0xaBYG0pEQbakuZjAxIJxDLRJHGCkZUhw38T6qRniY','56hy1hQlUCTLV5Q7xbjhnZ9SmXUFOtZBk9YW2ZM8CUOuMKCubzHsZO2Qzchxzt05','2025-04-13 15:13:46','2025-04-13 15:13:46'),(965,27,1834,0.00000000,'0xi2aefdYLe0Q9eUn2vTk5jLp4hHqo47dmI8u2PjHB','vPH2XFJ1EYP3yDnyN7ivqaPI4O3lzGvXwxJRZwiHtjWOQZ5nxFPoul6r6J72GdTh','2025-04-13 15:13:46','2025-04-13 15:13:46'),(966,27,1835,0.00000000,'0xiDXZlqsuET1x2qET6HDl6Ji45MeWfRFLxSYTcTMu','hWvnKLDWR9FtXq25GZo6oJAcjREy0lgTOvuz8zlaNYewwcxd5ncWHw93abUQXFdP','2025-04-13 15:13:46','2025-04-13 15:13:46'),(967,27,1836,0.00000000,'0xpwKjdL5Fa5Y9glxhtI9oHakM4rrUpjBL8qImNfoI','5gAWkLPh5tqg1gxqYlBjDK6aYsJkPqC94Z7Npf2RdV2pbqKaLpc1pVB8VuGb3Doa','2025-04-13 15:13:46','2025-04-13 15:13:46'),(968,27,1837,0.00000000,'0xEIMO4jkDvzAhSTNQVsCbI6n2C6OBoSHsW9quP2wR','ECswiBE1VAef74OvsTyPOuEd6IwvDEfWxFnIqLbfjhpq66ho3WHWeEDRS9xZtjIZ','2025-04-13 15:13:46','2025-04-13 15:13:46'),(969,27,1838,0.00000000,'0xG0GyizskzTXqwL6tJBdlejfGIzieiqSzAilGCGPt','Hwp2BEPUWtkrTnWmwkR0OmbrpRnlEg83COTMdk4N3K0S863RDrVytnqrCjsSJjj9','2025-04-13 15:13:46','2025-04-13 15:13:46'),(970,27,1839,0.00000000,'0xSFMmnl8cvftpWzlWfvV0ZnLMhxZ2dV7tgHOZBhS2','xqYQAb1hIrx7ljpKA41z8fzMBUqOuYoczr44Q8xEGVMPMV7OG9YEJ3loOotWuTWY','2025-04-13 15:13:46','2025-04-13 15:13:46'),(971,27,1840,0.00000000,'0x1KiiSUoQnYmlSlNkqptP43O6FP6xT6Poe4qLCkiv','jnpSpadowh9W9GFaiSYAb5anVdxc11eo1janmtwsgo5CwF8fA7D9L7ovvBTJ2qQl','2025-04-13 15:13:46','2025-04-13 15:13:46'),(972,27,1841,0.00000000,'0xu90l4IQ0jT9HZU2tLXP9vMt1Fcia3vJ58whzCF1v','QhXLMklgVXNljk07LHBJLkqWmsq8bpXHWwPxfgS1kEy72zLuQIo0AVRtZtVRkAzH','2025-04-13 15:13:46','2025-04-13 15:13:46'),(973,27,1842,0.00000000,'0xJBLUGTJyZNschndQtJLiWaKUu4UVdpyM5QaKNNDg','dHyvQnmcxUMTimZu7huj4pjJMgxI6Bx6nC0KFErKdUFrZLxCj6FEYQfMu73WW5nd','2025-04-13 15:13:46','2025-04-13 15:13:46'),(974,27,1843,0.00000000,'0xFmqQ7ijUQYJGMSy6BcYLIqYhAFtOb1Nfi2M5VdnN','IVbBD3Ebaui4wbFvh2wWeN174EiB1FgECQoPNwbL7lTAzDMEIY0WOs99cZB2ZG50','2025-04-13 15:13:46','2025-04-13 15:13:46'),(975,27,1844,0.00000000,'0xZemDVJWCE1OEKd4hE5REm3dVMIHA2HqEMHXjXTpX','qas4ccpmo8tdOX8UNVytTSclOyEgidtZhFTn4EytjiB3zqc3kuq4oLR8OvcTfbRa','2025-04-13 15:13:46','2025-04-13 15:13:46'),(976,27,1845,0.00000000,'0xY2tvMnKnI4DR6UAAIUNLr9n39xKY93hp98vstPoo','1XvDdlU1mau2US4FJMNQ0UGNfi6jTj2W8HvBtNCKKw0Le06MaVMCb5wejf3LXdyz','2025-04-13 15:13:46','2025-04-13 15:13:46'),(977,27,1846,0.00000000,'0x196J9nLGHhSSppbtGRm3v0dD7oTYm6bp15fnyU2G','VNeIxVlA7SrvoDBqwN2n5NcRq5JXKw3ejy7IwFvsyi69XNYrlC19X934QhWGJkCG','2025-04-13 15:13:46','2025-04-13 15:13:46'),(978,27,1847,0.00000000,'0xdTkaMzwqGjHip7YFYTOLj35dgIeTMf3Qs4pr9est','XyMVVEmg6QRmdCC1PFBgkzojW5EnLZyhhaFiKfZL2YxqVUUf5b9vDCsKqT02cZTB','2025-04-13 15:13:46','2025-04-13 15:13:46'),(979,27,1848,0.00000000,'0xRUnmf9jqyrlFQJIbrm8GyY6k891WPvrnJJFhGwlu','xBSV33EouelYqst5ozwNIfXTbUlToVOFaxOlgvP7S2ADFS5FjaRqSXdT1HKjF7R2','2025-04-13 15:13:46','2025-04-13 15:13:46'),(980,27,1849,0.00000000,'0xRPASFsrkR2Z9R75YKV7Zil5tKuZK3H4aRhuTfG8V','LtwuVEAdzKOT4UkS09qLkyQfXAqHIogsUG4g2RPGrz37lZyK6wQLGxIAJoc3KZo9','2025-04-13 15:13:46','2025-04-13 15:13:46'),(981,27,1850,0.00000000,'0xSwb0x54aNdi4gejBnSDpv9HhTVSol3UGj2sBOBfS','IcRinOMcFMZaRZfLm1FHcCS9WebTo3bXcTa7QzAZUrKgxqhqDftXEYN6fSfqsTxe','2025-04-13 15:13:46','2025-04-13 15:13:46'),(982,27,1851,0.00000000,'0xWLPfOMNukRl3KEdJ2rsFpNposNxysSAw7vNansCk','ikZPxeQY6fl6SQqugCjdv6DMjkRh1rOGXXAB8V7VUI5GVIOUVCaiGSj9ZJowreb8','2025-04-13 15:13:46','2025-04-13 15:13:46'),(983,27,1852,0.00000000,'0xqOE8HdvhcVc3hHIE24wJfquEntI8Inl3gLN8D9E3','8VwiPBO8mDRZFY6eyfawNH4scT1qvTm2GwGhRzvb7CR8BIzKRLgEuB9WnsdAz397','2025-04-13 15:13:46','2025-04-13 15:13:46'),(984,27,1853,0.00000000,'0xo9w4ZXSE4gPWl6yAjr3rxW4U9fFtixMFRcLydCBi','RlTScCqvnUPXij0fpWIBg5D99L5rD8NexSYNTvqVO8xTz7ZvYlJLV5ZhDuDqGWa8','2025-04-13 15:13:46','2025-04-13 15:13:46'),(985,27,1854,0.00000000,'0xf9OFJJF6Z1eRxvRpPMAUO2JjcjrOvih79NSiDZpJ','IXfYbdU9nO0lQGwbvCYW8Hut1FdqE5miDPw67Y68CuBNVWQnYsq5Pv5ZTdYpInFZ','2025-04-13 15:13:46','2025-04-13 15:13:46'),(986,27,1855,0.00000000,'0xWRcqyxWS1kbHa8nKOTcVjAAnulnLbjuMt4kMdS8H','gTYTpzjMFqvlAzjNG8qXoi7KKuMrF7UpDBh38HfSR6FxSbyfPjNresE1sndU6C45','2025-04-13 15:13:46','2025-04-13 15:13:46'),(987,27,1856,0.00000000,'0x8FSk12QqBdd8lhDwcF8mfnwVZ1Izps0y3yB5OgYP','sKncPRRNgsnFidyMdmUKzDRXs2VwhwRMeUiLL09bVyBc432Ub8GJBMt7uaCgjrxb','2025-04-13 15:13:46','2025-04-13 15:13:46'),(988,27,1857,0.00000000,'0x7AGK1omaGACiydupL6eCQTOaICy6njM3aZ6BANR7','qX4VImAB1kwCU5rjdC3e7IQiAV2T118WvDARy59qcO7tMzToUIgWORfd8m06fVRt','2025-04-13 15:13:46','2025-04-13 15:13:46'),(989,27,1858,0.00000000,'0xqLvmb6l3mjjgP1fo4toRNz9MnmaMoppHfkih2sFZ','HwTDF5XUbLDfPp6JCbfe4OJI7GmLu1ZCqsyBvu7iEyRDvZJpNzZZHNQZHn3lBbMS','2025-04-13 15:13:46','2025-04-13 15:13:46'),(990,27,1859,0.00000000,'0xV5GTCJlkzB8Mi7442p1OBrXWNbsliXTHfArKkPYe','X2Rg37stwBF3ysz2JhO1X6AcLhm9rn483olojAl3ErVuukXViSsjagUYZU8fs5aV','2025-04-13 15:13:46','2025-04-13 15:13:46'),(991,27,1860,0.00000000,'0xqlZf9UZzkVGIQw4clvON3J0cuCYOmoLEOXG2mzSp','s9OWRxk7aTHzWVgeIuTDAxOqnVVkEGfuR68cAzVXz7C5JdKxTCanwFHRXfHUdFvG','2025-04-13 15:13:46','2025-04-13 15:13:46'),(992,27,1861,0.00000000,'0xdgldKPHs7XsYpafLtTJ6Rl4oJEx1tkvZxpghMYAr','ZBTYXvqGl5I8RwaQ7y1CdtDCF6CqPQq5zh4ABc8HicykzZwzNJHfYkLrozaagF7D','2025-04-13 15:13:46','2025-04-13 15:13:46'),(993,27,1862,0.00000000,'0xbXYtrH8HFXEW6fbsFcytJlXWEYCytinQ5khzk9Ms','cqb0FKe23ucP2VstMvlp2cAxblqnCzQiN5FdrOoseYVaF3f3tWpeLcpRIizpD0Vg','2025-04-13 15:13:46','2025-04-13 15:13:46'),(994,27,1863,0.00000000,'0xsMA2GSwmAG8i1NmzOHhsAMuX7ESi6agmkmBOHiaB','LfiGty99JdHaopjru6D8Sx5PyGXcomrXM3syL2bcFWmh5ynqD7WSMnPhIZqTQYLQ','2025-04-13 15:13:46','2025-04-13 15:13:46'),(995,27,1864,0.00000000,'0xoegY6TUfy9tqfuCzxpfUpL4DW9gHyiBe7nHx31sm','ZZDobdffKklFSXFcSI9Gm3YxcmhnnvLPxAI13bKFxDV8LGidckUvLrxI2TytEm7j','2025-04-13 15:13:46','2025-04-13 15:13:46'),(996,27,1865,0.00000000,'0xnEVYJtrarCiczeRDgPlJmesO2f95PKaeWO87SDeR','Vy43Nitzfo6g6Jzoowhdkur6GQE4da5Egtb0ejO54VAwruyBWpJtVNZ7sbH8v0VT','2025-04-13 15:13:46','2025-04-13 15:13:46'),(997,27,1866,0.00000000,'0xC5yelvZJIsOK6hfK0rUhYwVUCy8llr6AvRM0dsPI','lTJiRtVEB5X2NPKMJYRVd9adBkbgtqjiSeGrzJ02Uvvb0WA7PquEiQtp4NAchJW6','2025-04-13 15:13:46','2025-04-13 15:13:46'),(998,27,1867,0.00000000,'0xyakWR6AXWGbM1jeedhC2RVu7H9xGy78aNfAGDWLk','E29VS4c5AUVdRfFJqCnFCUyT0jVFRs45Ws0BAA33ppk4sq4WEyBUunp2Qe7tK8hk','2025-04-13 15:13:46','2025-04-13 15:13:46'),(999,27,1868,0.00000000,'0xiqe90wtgNWW3I6qU9cbRhrzHDI6rYOAYraovo5ry','mxX6Dh9ycT7jKP06XzYIBrhzk3EaySC0NArnXgByCVjxGtxjTNQM6XB2Jqn5M2Nk','2025-04-13 15:13:46','2025-04-13 15:13:46'),(1000,27,1869,0.00000000,'0xy5N5w8GRu5aPbMCbwDgDbgXauGdbQjoeHLWmoxpC','0S3nSMSO8vvu0lkKbAqF0tISwDJ9pzRYqDNQqSDU03jT67NhuYBGFXRDgC0Vn3Ke','2025-04-13 15:13:46','2025-04-13 15:13:46'),(1001,27,1870,0.00000000,'0xqHePnqvMRoxgj9fsQYTPRP4lRJzZKlDNX44k4U1A','THEqYqHaJwXf9lET99harIepo3q2jLqPDuewuFCM2sO59nTJs6zc4YmuHtfay8kY','2025-04-13 15:13:46','2025-04-13 15:13:46'),(1002,27,1871,0.00000000,'0xwN5pYvDdEj5UfdzVb8M2iMTzd09lgISG93amBG5v','NRnFGtL2lPBiclE7Ku5mxS9j2p0oRTtokKvA6nLXEi3Fpu5XMuZHUjUwsBGCLcqQ','2025-04-13 15:13:46','2025-04-13 15:13:46'),(1003,27,1872,0.00000000,'0xv8eCNeojZQM6th8WZh2Xwi88UMZw5HtgklDXqmPF','MHypEruJVKtxmWjqVGIDWvLFGLGHngGifQih8DwIVyFWOPNZlm9eUqXJIgj8bA7y','2025-04-13 15:13:46','2025-04-13 15:13:46'),(1004,27,1873,0.00000000,'0xT0h6bvL4XqPmB87PlQTJI0A51P4FJnmEPIsJFzFn','e9HZ11MtVArmcDcSkNiQZzXC6EsH0B4M3bjc6EyQicczRT1ck80AYFYqxWuFNeGr','2025-04-13 15:13:46','2025-04-13 15:13:46'),(1005,27,1874,0.00000000,'0x76yqG6gOymcsPLemGLzG5xwPUIkVGvI3uN6NazzJ','7Hk07vWfd4elNAgW33jXIDmmLOHJhsbL0ESZILkdGtFAho2R7xovbm0BiXuWKbfj','2025-04-13 15:13:46','2025-04-13 15:13:46'),(1006,27,1875,0.00000000,'0xEdDywdvMSbEX0W6luHl83mVvE03daDNRxJlRzUBX','NtCG35OZjq339jcBfwhO6ys9CED8Zb0pkzvYICEIrKQi1z4gBL1ggrhmBFv9aGkK','2025-04-13 15:13:46','2025-04-13 15:13:46'),(1007,27,1876,0.00000000,'0xteOtueqSSrQgMZ7bl3OevmfWE9103imJwTGpUXo7','w0TmyprwH8LhjFWljBWO97gOzKABQDJe0JeLm6nxEgTCcjRPbmGJG8jRXAiS7Vd3','2025-04-13 15:13:46','2025-04-13 15:13:46'),(1008,27,1877,0.00000000,'0xaXxW4aKkXsTjAnLQIT4S8x9xi0tNZ66uxoFDBNbg','t3jODYL1SV6UQFN26b5QiyLk7maCjTwxhqBzY3MsdNuxabIpLqdusoTt38oV81Zj','2025-04-13 15:13:46','2025-04-13 15:13:46'),(1009,27,1878,0.00000000,'0xCTVquBhs4lWFQbDDUNQLRQ3DsYUgzmDJr4oFcrSq','Iszrg9qG9Cnoj2S7c1iOloUdpy2xUy6WK6AkErTsKesbZI5fGYy0sUry4Syxe5vr','2025-04-13 15:13:46','2025-04-13 15:13:46'),(1010,27,1879,0.00000000,'0xF5vUXOrz6tgLGeVxnfACdtQ4nqz1TBqIH0wVZVgA','gJzjZr48RCKSNn4iDYn1HYMevuRAoy8XHLuAWdTC0E1TSMNiYeiBMKV5jqhbp2x7','2025-04-13 15:13:46','2025-04-13 15:13:46'),(1011,27,1880,0.00000000,'0xF7mkMLVPWQcamdcWVN4XjP71BryKCS3rhaCTX3ig','QZ7edLwgQnLdAHcEI9Oc14v4qQCum5MOjLHgrmqqAApIRYVCWYkbPS3AfZVVAnAj','2025-04-13 15:13:46','2025-04-13 15:13:46'),(1012,27,1881,0.00000000,'0xA0Hx9C2UC8bWTbFh3oGfhHzOP5TkFQUlMNlpqNTl','EzHhgxJvCYgvs92sGrOjTO4TN1Pdfz629f9CDRORrstpyWjFSWgS1YYUWvoYKJEX','2025-04-13 15:13:46','2025-04-13 15:13:46'),(1013,27,1882,0.00000000,'0xU5SvFdEmwgL4VgrOIpejoM9QI0fzowC0Wr3wEdSM','LkfNFL1SWJAHMTja3cWCRM05tTUJ1TjGrYNp9fyULgUyEA1Qfin6XsfU2g3A4909','2025-04-13 15:13:46','2025-04-13 15:13:46'),(1014,27,1883,0.00000000,'0x9VHm47qwEJ5SaN1vXtNoYZYmdvqJh2nH0JuQZCGQ','Y96vuPTnP3Crke7eEkT8V2I0rr5D2X7sgAYdO6N5dvWpqXMdU0E378Diuph60VOM','2025-04-13 15:13:46','2025-04-13 15:13:46'),(1015,27,1884,0.00000000,'0xAC9BNRkuZvryYv0MHxv4UZPSUJXdzjEApMrlVwAr','lTmyOCePDSm1LnGBCIyXa7OR4WIwMdZVGWshuSe2h340z5UE1dhjJWBC8zjcqp4z','2025-04-13 15:13:46','2025-04-13 15:13:46'),(1016,27,1885,0.00000000,'0xhgRMMdUoPucOOqkJV6Up5NtMTTUNDCS7nQvwzklS','sCN2yQz3RhxADnDdJymQ6asFYrXNBPqyBIGjQiv6gStMC7cZH5c4wTzEDmaE3GX3','2025-04-13 15:13:46','2025-04-13 15:13:46'),(1017,27,1886,0.00000000,'0xmcrSFlq1iqUGow0ceSPg3FOLj4JLlGkObskvQYDt','JPSuK79ZGIqjD1xZBDOOednj5X014Lg556XEFvGD3eRM1cVLZld5zsQJ4UntXJxV','2025-04-13 15:13:46','2025-04-13 15:13:46'),(1018,27,1887,0.00000000,'0xbGOW5aUWupmqqoKxAGLKNmGFQjwa3CAnc1Wj3X9x','MHXwrb8upGeSDOZC9JHYkbdHsyUMrsxC1JtjN1JHUmVkmLG4WQ9k8Ddmqt2vi2Yj','2025-04-13 15:13:46','2025-04-13 15:13:46'),(1019,27,1888,0.00000000,'0xzZvHoZuMskAZRqDxfd6V83HEizQhQDtCGRyTWgcD','TCwdiZ99pETOgOIjBS23EBTa1J98T4SK8N1xNjdUaD6B5apRN7zIh7SFneilRwQ6','2025-04-13 15:13:46','2025-04-13 15:13:46'),(1020,27,1889,0.00000000,'0xLtw6GpfgLNDUm6hPyQjYpZsV6NEqTksm22FgzllW','cvVwT5gxz5KrAtrQlvZKew4Dzq4syq2Z3SchlSqDG9ddvRjA7UGk3q0Cs1K5JGGx','2025-04-13 15:13:46','2025-04-13 15:13:46'),(1021,27,1890,0.00000000,'0xcgwDUYv3o5mB1od1GgoIUlSz6caQpWBeN7SZksXv','gCy7YZckZhHb2Sgy34YiUgSfaiyaJI1P1hLOi5dhq0QbRpSVyTWdjyYZsSXGcrm2','2025-04-13 15:13:46','2025-04-13 15:13:46'),(1022,27,1891,0.00000000,'0xQdYcNdG9ApLTz7RlUFuMhGKlTzgUYfRi24G99zGE','3bSRbXmL2R6dz7XmNMg3spPGtWkGogriKanvNEM6l17nT8OzC2PQqVBp0XoTwTA9','2025-04-13 15:13:46','2025-04-13 15:13:46'),(1023,27,1892,0.00000000,'0xfK1LxHlYvy0fGehe66VdAMr1Ry8wF6mLjbFjBpyr','TFI25o7vwjfB0aMOWDvUasqOJAMUvIhjBBBANYXVvnLZgAjiFYWm9Os8Z8lZzLes','2025-04-13 15:13:46','2025-04-13 15:13:46'),(1024,27,1893,0.00000000,'0xtgvggBwFGTGIljFb3IaEksKIaGeiTvwKhtOlzf3d','IXDcIxXqnDb9ZpQjY6FnFMAbKWYD82tXgWFmm4VpC2Au7eDCMgzvrNKTvWlrHLD0','2025-04-13 15:13:46','2025-04-13 15:13:46'),(1025,27,1894,0.00000000,'0x6T0iy7zB1IyvfgW2lQkJJZdSGzFofrAJbjGh12g5','6lZEYSoUhYz3B9xeQP1C2XK6ZlZWPCWHdstb7yADDHmWflDyrx4cgOhoAi1bEloS','2025-04-13 15:13:46','2025-04-13 15:13:46'),(1026,27,1895,0.00000000,'0x52QUVyJ7jphhjEKyV41bSOOqj7geYXaSjK9YOjEl','gvBYpMNuop1WX6rZgbZOK9jwV9PtZaiZdc6ZVQ5FBux5calDWqn1XdOH7QGL7rdK','2025-04-13 15:13:46','2025-04-13 15:13:46'),(1027,27,1896,0.00000000,'0xE0bkgkvo2MW9lmCQwZPYdXy7CHMUVqImpr0hmXAg','ps3CriAh0ZB6Ed3H0ABfcaIsAV2s4SWtuu9QCkZePTYDP4p5A04B7xOG43NYAD98','2025-04-13 15:13:46','2025-04-13 15:13:46'),(1028,27,1897,0.00000000,'0xa7iqcXIxq24UP7JedQUDvhdLp6SvwUeYfV69S7Oz','PCFrFPDcBXa2CWlUMiSHJgSE7all8W7JqRaSTe1PeaJLZtFuPwbvkc8XO7Jw5e7H','2025-04-13 15:13:46','2025-04-13 15:13:46'),(1029,27,1898,0.00000000,'0xyJ4IXbJ5WFFyXar7Wuvi1zGsFm3K9WeQ88mYogxy','0bkdr2RaI95faWedXPeIQjblrSzXDR7VIxASGZiMPm018sMKy1S9XVMGEcduUFK4','2025-04-13 15:13:46','2025-04-13 15:13:46'),(1030,27,1899,0.00000000,'0x94Q1Ngg6rZnwJgS0RKlZPpeOuUV6bzp7yN87gNqz','9ptxZtaobu7dJBSg0lcTyYKK7US90W04L3diCfaBOySWVpjQ37w6ntYgQ6LPJgt5','2025-04-13 15:13:46','2025-04-13 15:13:46'),(1031,27,1900,0.00000000,'0x0IEgMOptAFGP9lvK0Thl92Ai5WuQToz9H3CX0pfz','uCqknSoyjIEL9LrINu8lPpd9wC7fUSUKh6dsPthCCVOgXWE3cV3rU5M25Cqdrsl0','2025-04-13 15:13:46','2025-04-13 15:13:46'),(1032,27,1901,0.00000000,'0xFaBHjyXBvVYBOhdqjY5YLzRjoWotpTs41rRfFEaG','RP27JRGMC6E1LGts2n1AMWsb6eDPa4ySSu7Zt7HNF4vaKQQ6mPPy8EDEfqwudchZ','2025-04-13 15:13:46','2025-04-13 15:13:46'),(1033,27,1902,0.00000000,'0xy8PvlpKY9wXaphh2IDsZG9l0NdlW0C9RktgneMa9','662kOCD173t0scez7IbV0JrEye6n3t1I4jzlPWIwyLjzUGAch37Sqd1AFM2QqTZb','2025-04-13 15:13:46','2025-04-13 15:13:46'),(1034,27,1903,0.00000000,'0x6ffvDnUVeq3jxEh0MfmN1QNtXGEzVqCfSHLQh2Yk','6m6ou0lhgbQeVmi7A6zjuzi1Y7svlyUGKXUz3R8jSTEaIHKGdy5Cx8TpOAghU5xG','2025-04-13 15:13:46','2025-04-13 15:13:46'),(1035,27,1904,0.00000000,'0xjnkEPo9H6Ajqn7EDrxWMlG5n1RYBW7MxdDNphlL2','ybdqTqPs927fn56rY8stIljaPT5PNZ3Qg3efjo73Eb13R9mFbgPYGi2DCVVFR3KL','2025-04-13 15:13:46','2025-04-13 15:13:46'),(1036,27,1905,0.00000000,'0xNKCnq6mZyEcUNenbCSWWWjCOuXYsx3Oc053ZGHlN','yy8tlh6OJba4BhXhyzaawG29nMlWg5RmgQw2aM6lQx3HJrqPI7p5UZ2aDd9EB0YR','2025-04-13 15:13:46','2025-04-13 15:13:46'),(1037,27,1906,0.00000000,'0xLDsNQymDbiD4CCOnNuvaf8UOZhqZgwxXWmN6rCBO','epOBm5IfikUVyayAG4qOebU5A04Qe7qpF0mvabK4vaHm9lnIL9SPZmmfvOczSwaV','2025-04-13 15:13:46','2025-04-13 15:13:46'),(1038,27,1907,0.00000000,'0xpNx6jOizn5soPO40lupHUymgMCHEgqtnBeutqpi3','p4mGG5hyKH37o4N2smmkVvMG7BE1jiFRm8c2VTHbT59SXh5BJ0faaUEahhpT9ogd','2025-04-13 15:13:46','2025-04-13 15:13:46'),(1039,27,1908,0.00000000,'0xlOrHGNGC9HjVidAG3aBd2qf0Hc0J8HKhLZh4AO7q','cZsn7aWbZV64RUtyEzcxumnSY31qOl5qwZgq4R4haRioSXKAzKM4i9nZVc5txjRe','2025-04-13 15:13:46','2025-04-13 15:13:46'),(1040,27,1909,0.00000000,'0xB2YAcW6GA0sTFa2xTdHNRFd973MSVt11S8lMDZDg','53NwwiJw7ohfYnh8nnHmvx1qNhC5NmYN9awjKEaGhOOfjBu7uvCbUwV7NhZBssoQ','2025-04-13 15:13:46','2025-04-13 15:13:46'),(1041,27,1910,0.00000000,'0xJUyzrmmOXQgKFstAonSl1GLbWKkjicflhBDZgaGe','2DdxOBNyy0oyyT86LKCaWG0Tjhny9m53wWeCB6N2Rli1I0H7D1RTkU8FzofKhckl','2025-04-13 15:13:46','2025-04-13 15:13:46'),(1042,27,1911,0.00000000,'0xn36YuBlUkmqGJj7Kv6MJlXR3RTMQXHcRg2WY21ax','fmnUUhdmvypUqsjKR3PVjyVZbA4S5FtbC669jrKBVWQjW4nFLs4AzdiJwWMF61pc','2025-04-13 15:13:46','2025-04-13 15:13:46'),(1043,27,1912,0.00000000,'0xAdvpNPX3rD3kOY24rEwv3dszEHPaACLEIpWCgZtR','ardTZOL2K3FfAPWbex1njdu2WN0xzYvYXi4aw1Rbb6dXxdrfkWnD8hBI2btO8JB5','2025-04-13 15:13:46','2025-04-13 15:13:46'),(1044,27,1913,0.00000000,'0xXQpKhUWMh4nQFzbLmNzzKVo4Gbnnq93PzN6SXaI2','yEohKCYw7RVkaGiEhgCK6RRXQ1ljm3x5pNiFllWJZTceUCMovkPdLPvFZGQe86gP','2025-04-13 15:13:46','2025-04-13 15:13:46'),(1045,27,1914,0.00000000,'0xu8lSGdCcSncaSFz5NnYLWPkInfSNhKOJZXGVGaDE','wgA3nnjzh93cu80pdYoSTbp0Fqma6SBMA6rhb0HAA9ZNcG7InwRwlDz79sRRHPy7','2025-04-13 15:13:46','2025-04-13 15:13:46'),(1046,27,1915,0.00000000,'0xROe0tMfXGiGhXO2Ajqhls3DdmN48AA6kyd9LWBPj','DWDLuOsiXNm2CtWF2ygtjKMZbVXtXWflCghmHhXg3cfIa0L9dgmz9iU3JAwG2i5w','2025-04-13 15:13:46','2025-04-13 15:13:46'),(1047,27,1916,0.00000000,'0xjV03mgocEvySb2wNRWRrToabQVbrrDcSxu1txBPF','aWDkuGilZA6eqHGSDLlGcmDW6X78rJHhOI3fpZzLDtcYGdSv4l7TGwKJLRjfMVXz','2025-04-13 15:13:46','2025-04-13 15:13:46'),(1048,27,1917,0.00000000,'0x8z2h29Plpq0Y3hkvsrMSXBGvEOww00CtEol9YWyl','928tbLUJSMyiVhtrZrnq3ZfW2BHBLNBF8JPfXLedwtwbnwNVKziVs9rSpVeIjWFJ','2025-04-13 15:13:46','2025-04-13 15:13:46'),(1049,27,1918,0.00000000,'0xf1PIdfaDpGlY5Rbg5OKg5ARwiXGt7PIlDJ5LtDAv','7SxbFCOCruocgpAnVOyDYA9vhxfz4z8iaEBO208m8VcuiPgDxvGkShKCPkuRKIKl','2025-04-13 15:13:46','2025-04-13 15:13:46'),(1050,27,1919,0.00000000,'0xXIcntp4aWlbWDvean5JvEbsjiXVAB1LkvgdZ7YwI','HKruHVLj9ZGpA8c4Xv8KXRCOk5NHLvR728aCfHMFnV7UHm44GcMVXTh0UGG4B12f','2025-04-13 15:13:46','2025-04-13 15:13:46'),(1051,27,1920,0.00000000,'0xWufaFFYLC8TeIylv8p39qMU6bcqYaoAimtaqdPlU','nLZB2rTxHamEClrcvSkOZH2rDDmWFXTDkl7VEUywFovToU9LIPbY2OVTJpF1SEul','2025-04-13 15:13:46','2025-04-13 15:13:46'),(1052,27,1921,0.00000000,'0xSJi7u3JPreZtNGutwSTxeeaaVVkwGN5mNHZRMbUx','u7P8hovSenqGeTWSKwX0CXLuJ5uMcD56bMuExoqVHGQnBgBFenNulLgKCnbQYql9','2025-04-13 15:13:46','2025-04-13 15:13:46'),(1053,27,1922,0.00000000,'0xHr836tB5mAtE6a63Gwdu5VV4Y5MB9LPYSy1XWEI7','i5rrId8ZpywBNq0F8li8Agux4NAQzW2ga8sAaNR2sOId6G5FZQpjKqLKa3CEDv8p','2025-04-13 15:13:46','2025-04-13 15:13:46'),(1054,27,1923,0.00000000,'0xn61ufDq6MCIbnjI60DyDDKpU5DSZ9kxGONZMy45K','JNIzNW4SFYDIrbOuLDd48v6LNj92W7LybakdxKEy9B8PvHL6TyfWIRevf9CWrHc6','2025-04-13 15:13:46','2025-04-13 15:13:46'),(1055,27,1924,0.00000000,'0xAYKR1tjriQ60KMnzlAh4R6XofR3sTxqIgog4HYbf','6ARQz11RQHSBlhIzrVap4ooOF4FGhpKC5J9uzSBLTIDHjTbwPY5rUZ3xfqSO9li1','2025-04-13 15:13:46','2025-04-13 15:13:46'),(1056,27,1925,0.00000000,'0xbfVEGJWo9Ymi3r2mjYRQxy8WlTfiOucrOUfdsGXB','M5gCRQetQ4GyiOEx9aPPmbHAvGA1sHt7Hh6EzbPbnS64tcFYyW8a24Ehvvf0Do3C','2025-04-13 15:13:46','2025-04-13 15:13:46'),(1057,27,1926,0.00000000,'0x9IAMYvB0X2xH3GKZsCFrwtP5fgvgVOwhYR23mKld','8Qc678dgBS8tH7xHYaudF5KjmaiuGonyUmocpLoIgq6HkOxLPw8sI8UlMIISazkr','2025-04-13 15:13:46','2025-04-13 15:13:46'),(1058,27,1927,0.00000000,'0xzfWOdN7pwsVSI4L52IImmwuxEeiBUTW1vaZCyh0z','QmHQRcxGiNUL5wTc00USr5iiCtUbZrdp1L6YM5CEq2VSXrhdavL0dEX42YPyjfdM','2025-04-13 15:13:46','2025-04-13 15:13:46'),(1059,27,1928,0.00000000,'0xh495gc4webCo1FWNpXjU6hMZ5UYXk8J65MDSBmnJ','VmS85Pvb88jfg9WwxOEJR1lopiCDxuBmWnb4GQSUerEJkDm10mcDYk9vMsz9DJbX','2025-04-13 15:13:46','2025-04-13 15:13:46'),(1060,27,1929,0.00000000,'0xIzKVWjndcDd7DRac8S8OmSHhSh0NQWrUOPhbJv9t','9ssGS1hYDy1GQ4iiyfvgLmYnwXRdyTuK0srhbmHZ6y58qHp2qNdIitWccIxuRi6X','2025-04-13 15:13:46','2025-04-13 15:13:46'),(1061,27,1930,0.00000000,'0xHLzhWN6L3EIwHLloGje6Etc1NgsPVkNOd0jkozeq','STQ62VYuX9rd1AzgvoGUutsMypB5V0BJqDgDJfjbfHcHTkahC1iExnPkHW2svjLs','2025-04-13 15:13:46','2025-04-13 15:13:46'),(1062,27,1931,0.00000000,'0xeX7lgRL7dfIKjIsfycF9QDBhjUFbUAugP3q8WWHa','6TB0Hjdt64W4vSUhLxoIYJjYzywivMz6nSJJrH85S9RFnmWnX8l1uzFt8BaY3mFH','2025-04-13 15:13:46','2025-04-13 15:13:46'),(1063,27,1932,0.00000000,'0x8w4xPsIRXxrfRJk2xoyzSS5QQTHtcobJmanZnwlc','sVpT2R267t9IXPv3D55av4H5lEtGVIBXBK4iYl0vEY0MM14knh3vdjS0SLw8KtO0','2025-04-13 15:13:46','2025-04-13 15:13:46'),(1064,27,1933,0.00000000,'0x8aT5HaHQqU2SPrLtKup6qQ8FlJOeBd2bqgl64E6u','0weukbDrNKRN4DlWZtKZ5pgEUidHaqGq3rQH55ZsGBea79kCHe87fLcytJXDDHdc','2025-04-13 15:13:46','2025-04-13 15:13:46'),(1065,27,1934,0.00000000,'0xHHsM4TBJmbmQ08GQpxrXFymq1RpcmlHBMbe1vBPC','HINsEt0HCMhAbj1Toz2itTBvkFCHfjMM6lOpcl2bem0XpwdIgq7fMCUj13Gg8UCu','2025-04-13 15:13:46','2025-04-13 15:13:46'),(1066,27,1935,0.00000000,'0xWtbV4GGLJZN28y4HA7eklMAc9SuCZQ7ildN2vgW1','LfwPBjRQUJu2hIBQPCqGSveSkliX5s1m4QbvhoZUoP1vY0jFexqEVL1hfNDttT9j','2025-04-13 15:13:46','2025-04-13 15:13:46'),(1067,27,1936,0.00000000,'0xnSBcSklQmGqBb6HBq9W8BFXAHV0srNf4TavZvgw5','HeJUQmB2NPGs2mcBIgXmp2xE5lVvFy559EVPGUWSPOp7Rj6JfTSrGPYXRrjv8tuI','2025-04-13 15:13:46','2025-04-13 15:13:46'),(1068,27,1937,0.00000000,'0xlTB728nD00oELaNuPN8DHHVukNDRhsyxx8a0mbnq','uEmdc6xm5pdvQV4EIqEf6ijZ9K4MtQZdDIXEKGmPEm6jXF01dEKEJVFhPHwrjKMo','2025-04-13 15:13:46','2025-04-13 15:13:46'),(1069,27,1938,0.00000000,'0x3YxBb9PBwUJCYNHTXYwJccr0KYQ4YxZ6uwnpYDHu','cc7fVWlqNb0maxnEC4Q2YRKGh3dwLqL3dpMWlAfIP2nlH4P2AO3hWVwXOuuSxtFm','2025-04-13 15:13:46','2025-04-13 15:13:46'),(1070,27,1939,0.00000000,'0xmV7O6gVS6Rm2zluAMVzMPiuTZYHFkxGbKeNfa6cY','9klcjBJdqYCkhklbYq0DDVNwtKdsVBRydLqQA0BC7Ws5pQkNcBStqto4HDNedlJ3','2025-04-13 15:13:46','2025-04-13 15:13:46'),(1071,27,1940,0.00000000,'0xdubBXzyIFoz8rY3vHfzoomLXKRvQl34qbQXPejsG','NPzUaNPsIq5jEk3XFxQ6Gv5hb5lubDu2U5mIB3w5HDtxIeK5draNxg1RBwhDL4Ey','2025-04-13 15:13:46','2025-04-13 15:13:46'),(1072,27,1941,0.00000000,'0xzLdO3ymjpFfihpPfwxLDeZmfnqsRWyUgeSXUjVvl','3kypVRa2jm9wQ4dEX61BuV2tbhuNREDyGQtNKN4eIQkFBIUQrHaD1RUnoY651J6K','2025-04-13 15:13:46','2025-04-13 15:13:46'),(1073,27,1942,0.00000000,'0xejkpePtVnnMOcTAsuDKknLOsGs616xeQqKHYwxK8','1wKh7xEmi2bTNqLrRlSfiLZpMpmJ1bXCYAr2rumZW5MM8fQsiORB95w9bdryXNoR','2025-04-13 15:13:46','2025-04-13 15:13:46'),(1074,27,1943,0.00000000,'0xvj1qTT9QH9UikgfDRTjoBQiZoUMZRvKDvmJqwUbF','LCY1XcjHI0MmCbMv2FEKYuo5zAgzcy0Mw1pkcQqBpIOCM1rSe9sqmyKAW1IUTf6c','2025-04-13 15:13:46','2025-04-13 15:13:46'),(1075,27,1944,0.00000000,'0xU1qgMAhTHodrMQIGv87LA2aBh3uSXqASVhv0P4Ya','fciaFdefDRaDepsQQNPaE1gGp67fHpRT5bga63bPkQnP0szKGKmXpNQuzOk4nNWt','2025-04-13 15:13:46','2025-04-13 15:13:46'),(1076,27,1945,0.00000000,'0xnL5foxlR02PQle89l3yMEjcfQciwdmfBnQshQsOs','yJXsbsAWSFKBQldttW8uBlH997De16r1YKxansVyW5cn6ihOzAvRBruZZAE3dNSw','2025-04-13 15:13:46','2025-04-13 15:13:46'),(1077,27,1946,0.00000000,'0xPLNKM49WhpS1AYYhbU4imjGDl9gOXhQF3gPEkNj0','1rec3SIS5qwGcGLOnnlNTuQml2mhzxOgzYOTmfx0W2USwcRv8yGIQte7tXUtv2Ag','2025-04-13 15:13:46','2025-04-13 15:13:46'),(1078,27,1947,0.00000000,'0xRKLA2X1GM0LjuKzgG0pSNGC0cNHQTC0W2EMftnj5','Fz3Yb1mWq8yIOptukHogdMX5BFXLqWOVGRWS94wGfzlyVBwB1HX1cwJOK2U5YD7F','2025-04-13 15:13:46','2025-04-13 15:13:46'),(1079,27,1948,0.00000000,'0xsN7iOYssU0GEU1vcf56Gnv26AaKulOYWDkQzmetc','E6zTOwbjtYbWIFVqlEtFsLrFabbLeimx700jrJp7Mzr2Fyod53nU3fTaGnjiXp1r','2025-04-13 15:13:46','2025-04-13 15:13:46'),(1080,27,1949,0.00000000,'0xDIZBQ3Y0h4W0zDN8o8AprwaUlwIYnmqKfobC4ocS','IZDDXsxc9IJVelW1mskQ7eH7sIMReWZXz12DKWKKXRERfcogXPUpcfCAxYdEqJkJ','2025-04-13 15:13:46','2025-04-13 15:13:46'),(1081,27,1950,0.00000000,'0xSzy5vpWSxWnYPEbjH0yNX8f0gKS98C02myEKd1no','jAvqYfIOtfWEPZTf0bSZrzUytnSvPDvWy6JDdxRwb9oZLlv40Bk36nBl4iqckSsg','2025-04-13 15:13:46','2025-04-13 15:13:46'),(1082,27,1951,0.00000000,'0xQmVHOjkaV6Zz5tmQWg3gLJBneWaNNDmP1D9JqRg8','9DUJeTsV2wdu9AiG7ajo2Mcqd2v5wwMUedH2gzpZCiqLdJDpR4nYNPDYXKfZPDBH','2025-04-13 15:13:46','2025-04-13 15:13:46'),(1083,27,1952,0.00000000,'0xTmPG5dZ7qPsrbPFbd2roOvtK6N0sP4iLXDtXjv9Q','EBVuugK8ipfaavZiXywAaXYXXeHrPj9pPyNd3PGp4mza15HvlZHK8ceXfC70xcSg','2025-04-13 15:13:46','2025-04-13 15:13:46'),(1084,27,1953,0.00000000,'0xtAM4AgnpCtAnyIr7gTSYXvkmLTQavBnfd0kcQ5pp','5vdOZbNfOKEIJikg6hDuKGYOhavDMvlSEROyORFypwlT4m9qIgLrWLMrRY4u8HEd','2025-04-13 15:13:46','2025-04-13 15:13:46'),(1085,27,1954,0.00000000,'0x4g1N4cPruNUSWymBYKlS789jc3AOEK20IWuPh0Zf','etJuGahAN1ZkAKZmTEOyY5sjjoC2pJnYeApJ2qLiPqeAFCfyBFBXdF68rIyoRuIu','2025-04-13 15:13:46','2025-04-13 15:13:46'),(1086,27,1955,0.00000000,'0xhGuvWcoXiHIPkNAEiAXJtM025rmvMZoWyK8aqLap','INhQEClYoEUAwLKm2QfMqMhoru8yO4j8w88XQdr5bEDaQnht2stCYBoMkFBeypdW','2025-04-13 15:13:46','2025-04-13 15:13:46'),(1087,27,1956,0.00000000,'0x1WESc6YZa5h841GqyipE9uZsRoLghVhwS3RxZRxC','HF1ys9sd7SYMlLGaqyfKNL0wVwktkc6P4BwptmoRiwgOEBLywrGrs2wLrMR0m9Lz','2025-04-13 15:13:46','2025-04-13 15:13:46'),(1088,27,1957,0.00000000,'0x46TEgZlFAKjrefDKlTl4U8OttsASyCNnQZKUUKob','ixyFlqIrZGQQEhRDzcrhAE0oqwBLBYCb9YtsyikwNvJjostk2zsbDTN0Pr6YO9eT','2025-04-13 15:13:46','2025-04-13 15:13:46'),(1089,27,1958,0.00000000,'0xl75KZm8nz8YhhbbkxgZQkbVxPOlNUhH3KjLMQuDo','CoHi8j9WSiGlC7lfx0TnXdnYjbNFNnPL0qddUF1OpCtZw105P4RWTUEoHtL3pWNa','2025-04-13 15:13:46','2025-04-13 15:13:46'),(1090,27,1959,0.00000000,'0xgQLXdkesC88KgvVFkgoxA961GKWJuALfENStXZrU','X47VK5fhZnvfSwulJqnzFqI3GQ3tfPPnAmJOHcUbiQkNRXFgZoWMslSfDY5YEnCG','2025-04-13 15:13:46','2025-04-13 15:13:46'),(1091,27,1960,0.00000000,'0x7LwAUKpmJtiRM3GzMlMZGFTyJ7gNw5xegcnuCfDu','JWs5C5YthyZUcsy8mvbQA6s5gRbBsf1o0LBr3AiUfKHIphmU1Wzqu1xjH7SrIpug','2025-04-13 15:13:46','2025-04-13 15:13:46'),(1092,27,1961,0.00000000,'0x7e8UnUx38kUe0AFiNnPbbhaIyURBLVoxTasTWQng','8kIOW5H6vjPzfAbSsnQxDczkzwsCy5STEWfl3r7UWM8qr7GNrFNzCl9I5mBR8BBJ','2025-04-13 15:13:46','2025-04-13 15:13:46'),(1093,27,1962,0.00000000,'0x3gVo5xJqePxM0Bwhvziy9OyGMy2Dnb8XY52cnJoN','8rfteADDHK2jkIrEXdP938n8KdkHJfoJedebiBOcCBaox2aC6nxWDEot9J615V9q','2025-04-13 15:13:46','2025-04-13 15:13:46'),(1094,27,1963,0.00000000,'0xzPerQuUeMnPE0LUgniFlZd9HxMzHg6YYNc8tw2fE','98ejqkkLo4yzJ99RCO2eSbIGQ9EI6jGiJ4uItd12q3WpUw9eEFBr3I4t1dp6km4t','2025-04-13 15:13:46','2025-04-13 15:13:46'),(1095,27,1964,0.00000000,'0xz6tOHDW74MTGqnwcdMZwdglIcuaF3lpZAa7CTQjs','x5nGSWt07iq3qp9W6lBCdpEJBp2Z7JqQI2HfpAgpLiPGwVx7k06jtIYCxFChydhH','2025-04-13 15:13:46','2025-04-13 15:13:46'),(1096,27,1965,0.00000000,'0xIaimr2j4v9oxwgOc9j1qPxTYmaodR87sWnBfnWC9','0wqdOYYh8RRnY8rxAJaHKynGw335w0QKDkq5GqHNCoapr9gYGXQuXmFOTrosv6Xp','2025-04-13 15:13:46','2025-04-13 15:13:46'),(1097,27,1966,0.00000000,'0xNAbLAVyJxRSDVN1kjBzhVXXRGPzhIQAMgEndVjYT','wxshzt31ZnsciLgZEJVLl5JqkqnzEuDB0ieO09NxvTVYICmyni2NdjVdoKMDQQoF','2025-04-13 15:13:46','2025-04-13 15:13:46'),(1098,27,1967,0.00000000,'0xIYErpfN30JClNeqjK6QaB3qBXoX6u0b2eoQxOy4h','7ERhuYG5HLZmyeju4cDUYMAEpaIqDQIxo6OSr2b3CPcdxVh7va9Q3sU73G0lS7GW','2025-04-13 15:13:46','2025-04-13 15:13:46'),(1099,27,1968,0.00000000,'0x5T4PuMORHJwSjDa0yhp0Sixbix0bEyDmWgDnYVao','t0FMeFvt5eG4NFyRnn1GXpKF0dThwHXzqez28p8FlrbnbYu8gJ8g6nGM1P74gtT8','2025-04-13 15:13:46','2025-04-13 15:13:46'),(1100,27,1969,0.00000000,'0x0vPJ4I0zWJ9bChAQfV53h9AT4LDqjMEOVhOco1H5','TP4G1hxuZYrZO8YT5pmOLOxcsXZCeyr00RonGf4ZmPosxvzG9LoGGeotmyfsi1yu','2025-04-13 15:13:46','2025-04-13 15:13:46'),(1101,27,1970,0.00000000,'0xNOd7gsru2SmHYDUTHdWMxNROHJRGHbSY3oRb4zKR','NQavyaYFKYhFiVFOLqH8dBR4Qi2vHZjmYKucH2dhH6ZQO3OCmrt4HV70tRkdIPdI','2025-04-13 15:13:46','2025-04-13 15:13:46'),(1102,27,1971,0.00000000,'0xksr5uyYYv3afhjcboiqLQgyPzAIvr09bD7s8EBVN','x3oq82nBv2ncl7h6h3SUJV4IzgrKBxyHAbJkRAFGsEhDHblRjBTrpkq6W8Rb77w0','2025-04-13 15:13:46','2025-04-13 15:13:46'),(1103,27,1972,0.00000000,'0xONBK39KE1rbQktQMD5693AzdOqmt7udLm4qBBX4H','ev54iVe31OxnisTn2VmQ7oFZqja9ySbubVce8l7L6Z6uSWu88pF8q0PPNCah4nDi','2025-04-13 15:13:46','2025-04-13 15:13:46'),(1104,27,1973,0.00000000,'0xejIyp8fASeb2BSZakt16BV7tjG5ujJ9cUek03VmA','5LD5tgbolEg4uuqviS5v0ZnGl9Hi5efzHRCVG4WvXgvmB3cFUjaCOnujjly70U2v','2025-04-13 15:13:46','2025-04-13 15:13:46'),(1105,27,1974,0.00000000,'0xvwe8SvCKNLCqMbkaGp34SOvcAW8muhJHBJQ2af8d','2Fg45ekMoccdrRTsIkRY5zh1OYJ2zxT5QedOUpHwnIpVZAwxnsAZisWbM0uNIjEj','2025-04-13 15:13:46','2025-04-13 15:13:46'),(1106,27,1975,0.00000000,'0xVMum41Ew7MHGwNjUkf8iKuX7EjvPHxKkYQvY9JT7','igkNXZNn9J4056kg98EbHXOnptc5HpUu3woFEuANmM3nOf1ify1gKO2jvypUIKUm','2025-04-13 15:13:46','2025-04-13 15:13:46'),(1107,27,1976,0.00000000,'0xqpHzocrqXGdrP1nFWbbGmu5BVsDctgWpM9hEBPS2','RpHNu8px7Cus3mbrZbbEScEJbKCUTpd8e8E54wDcrJyvRnlpWcf739pv1Ty6BsHT','2025-04-13 15:13:46','2025-04-13 15:13:46'),(1108,27,1977,0.00000000,'0xuGJtyXBgJ6vQakxON0F8pPZN3fNSCwBkxhfuF88x','Eyn0PWrBY5fPm5p0REvlvtYNIXODHfMUbH6rpVsYke1UBqGMNNLWBcxfxC2uCwrF','2025-04-13 15:13:46','2025-04-13 15:13:46'),(1109,27,1978,0.00000000,'0xCVo94bLlmvjmO7WXxPRjXeB0AwDYKmAKQYzznQGa','JwSKFpyPMSdaXGzgwIXIQQYqOsNP9PsJW7rEaCU9z4xq9nhYiSPqF4clHr6FtK3M','2025-04-13 15:13:46','2025-04-13 15:13:46'),(1110,27,1979,0.00000000,'0xZH6wSmdrxS52M9h6G9hvRkIbiFxJQ9IwMFi9kqJo','ar6Q1cvKhMBsSldzpgRTF0ZKth0aaYDdDI7s37LF9yWqCOK10qL3I9Bp2G4WUHx5','2025-04-13 15:13:46','2025-04-13 15:13:46'),(1111,27,1980,0.00000000,'0x5vw7CamC08YvjwQRM7D94Fn0olgdgOnWBJdRGCdS','GbyQSy8oTasZBwxx4reg0wkHqVgj2WxMjy337u1FKPK8x3AVmdnRAxdwNFlVJkHj','2025-04-13 15:13:46','2025-04-13 15:13:46'),(1112,27,1981,0.00000000,'0xj7EYxnpYK9Sidwq2sz4awMjZefg3AEf7WLnc8t6p','IcI3d4j6tBreHA9Ixqn1RPABevduERLClp8sPEuSljRVLXv5fASJTaTc8MISe90h','2025-04-13 15:13:46','2025-04-13 15:13:46'),(1113,27,1982,0.00000000,'0x5zdG2LhsFqe8UDnjGaO8sfI6WVzY52xFcCESISU2','cFRxDId0scURM0m7XisU9aaacfDdZZMjsiLUsayqPiXv129ExYNyM5HRoLPvwpFz','2025-04-13 15:13:46','2025-04-13 15:13:46'),(1114,27,1983,0.00000000,'0x06NiJ9G0NcvDXBtFvMvVksuVkpWkvfcVXtxvUdwG','FS2jZXGRMNcXI5Dxz9Wkq4zm3wJ6PHHc1i8kn4k2YW2ZjuCwz4yS5l4VeTPUye0F','2025-04-13 15:13:46','2025-04-13 15:13:46'),(1115,27,1984,0.00000000,'0xlPcAw5IuwGBJSvss9HpCaD0wMqhtaifiwY7CZ4N6','bmYdN0q71zx2RI9hFZ6vMbTEz5E3lMqU7XA02Nl8l3wbI0CmJrijtuFg2CslpUoh','2025-04-13 15:13:46','2025-04-13 15:13:46'),(1116,27,1985,0.00000000,'0xVSBW2CQeZyJLO3bNY75E9Vt4B7x8wnxJIGSOge8m','gqQyKtBnNTRRyhzgoPt32aehAq7jSASVn5EQRLz0LqDif4JFwWub7qild5wMmNrZ','2025-04-13 15:13:46','2025-04-13 15:13:46'),(1117,27,1986,0.00000000,'0xobdQBmE2JQ4b3XYyW5J4BYYjThg7w95hUjKgnLyI','ExmwDsoe4JhqCbhNEnjWm5acto1bw2uvJZ4n9uTXVkBlPh7rdUqJmDfAMFE2gizz','2025-04-13 15:13:46','2025-04-13 15:13:46'),(1118,27,1987,0.00000000,'0xItggzhgGLhLPaWxkU9oTUOVY8z2R6JW9Faq6p5kT','AOKOmwo6YJMJuBYTUMBYdeswgC6Eyvqs0SRZVip5lgLJJTVhTAYyXhbdryCbOeKP','2025-04-13 15:13:46','2025-04-13 15:13:46'),(1119,27,1988,0.00000000,'0x9cds3GKqsXukNZYt667ytapkt9WQVAqqUKpRAlAq','77hwahd1m9kRDRZ78r3QxuOk0PoxHdfdWutjDXDBD7npSc7MTjliD7hv9iwO3FwR','2025-04-13 15:13:46','2025-04-13 15:13:46'),(1120,27,1989,0.00000000,'0x7OBu7reYciwLoxsx8biXyM7UlEQ4755IrJvTtXUs','yDmEJcmHcHjn4rU3ZsgcsYvmffGjd3cMHU71OrkmdRndapadZabfKSoltF6jOeyL','2025-04-13 15:13:46','2025-04-13 15:13:46'),(1121,27,1990,0.00000000,'0xu9kWavQeVye7P9sqPZVS4bHO5qeRWglYmeH31sAz','eGPDmVUGtIiSZLSmLsJQS7qnllaBY6qYJ3G8yUg575gWhhSSvIfsIGiOoklR9GV5','2025-04-13 15:13:46','2025-04-13 15:13:46'),(1122,27,1991,0.00000000,'0xpX55ZbBwC36QqS9MiyoE7rlJntPxbI7gvVRZuP6T','2JIvTuRAtQ7C4UHaxiYGwnXLSUOj17j7XnvjlPS9JfSPDZ1NOWAwEMFPnGnqjkJi','2025-04-13 15:13:46','2025-04-13 15:13:46'),(1123,27,1992,0.00000000,'0xxBBHUXoGOOEQ8yu7j5vxFSELlb2SpN46tNVRjaof','lCU7aGkF8zVIKNSMDdxddYNtcJqtvFlCPDdpkY1pd9yZ4YPouEkZP9W3t1jHVMpC','2025-04-13 15:13:46','2025-04-13 15:13:46'),(1124,27,1993,0.00000000,'0xRW3vYstMWMby8SvS80FPfW4P2aRq7DTkpDGT3Z5C','wh6SS20M0vUlylMmbXOgDLVfWeyQ6JkfO2ESHvUGAJAIjlr40FXumj8vP0mps4ux','2025-04-13 15:13:46','2025-04-13 15:13:46'),(1125,27,1994,0.00000000,'0xQk5ygSM8tn99Xs6NxggSFBS0xxYQpeEmGJfQwDbi','ubMcu4YO8S1e2Uawj5QSoieQxiQwl5g0W08JayBFb7mGmpteM7NBhgUDRWm3h9hP','2025-04-13 15:13:46','2025-04-13 15:13:46'),(1126,27,1995,0.00000000,'0x4YunTnjJZbOWpSpnYwUD6hA8aGBGVwQuem9oYWbT','fZQBAskwp43SF6STsmBj74CsXVeRNckLN1Vpt1uHKVDIi6wAHEFVOxALsKnYzS5v','2025-04-13 15:13:46','2025-04-13 15:13:46'),(1127,27,1996,0.00000000,'0xgYpgPKLmLtat6WxnMdXo2m39tMqCsuTQeHrwMWzN','1xUFf6iIZUDuEC5EnNrGqDJ5jOCOlAwkdEKa6guur0c53keyZ6Efx4jRfFdtBypi','2025-04-13 15:13:46','2025-04-13 15:13:46'),(1128,27,1997,0.00000000,'0xk7kSl2f4SeApW4x9f0fiWfQRf5gcq2oXIS5r3HYh','LcvJ1h29h4Bqwwmsda7v8bjCCI1V5ZNI8YhQpr06DyLQ5DtiukZKyzVLueSZHzgi','2025-04-13 15:13:46','2025-04-13 15:13:46'),(1129,27,1998,0.00000000,'0x5G5HFXEf8LLi5SgW4rSkplNEjo41aoGPQ4aupvHf','jjheDC0aDlAi8xW9gCyYe6FuTMIV0NfgDqFky0fcaQhZvTucX3gCawyj4CWeoKhp','2025-04-13 15:13:46','2025-04-13 15:13:46'),(1130,27,1999,0.00000000,'0xqdYMG5oZ6FD20ARfP2btv8hnDMBUWHXHuRR9koog','xUTw2ycBId0BYdGJGSqjju7rG8ryT4f59FplPu1nL3OUc1nfOBm4fhsRPSqJS3XM','2025-04-13 15:13:46','2025-04-13 15:13:46'),(1131,27,2000,0.00000000,'0xapQKRo3th15057AqnbtXdHrqI0gWKubSS9b6AX9n','336ZeXqbhnBFZI2PPCZJqISF2jipYJ4R3qcB3ujkLZ040dtc85Vntm1QF2ERt1E8','2025-04-13 15:13:46','2025-04-13 15:13:46'),(1132,27,2001,0.00000000,'0xYcEWDgFmAwCXBXbKRgr1d7bwkMzoDC8FGM8j4kUu','9Ost3E4RIOxAyRwUTR61oRMiZXXa0c9kF56T9R8AnDLmm0zXYcrQfCf9SOrICqwu','2025-04-13 15:13:46','2025-04-13 15:13:46'),(1133,27,2002,0.00000000,'0x6BbiSxLcGUm2tGMNlnKPmq4Bz3COLdoe0NYkyoWv','PgfJ67PzEOFabk1pSXyRGBIydcHRKLkVFifbY3mATvdr1FotF8tGoSgjlZpodCac','2025-04-13 15:13:46','2025-04-13 15:13:46'),(1134,27,2003,0.00000000,'0xjKYyulvbvxAujTlAdyGlwggaxnyirtwpfFPzToia','g3KmHv0lO9p2qzaf7wqqsCeP1l5mPsIomsEPH7MJclr9KgTa8ylqiTCwyLBnE3Ip','2025-04-13 15:13:46','2025-04-13 15:13:46'),(1135,27,2004,0.00000000,'0xMazmSllSsyQV8TEQgZ8659cHVxXg1LhslYHqtH5t','0FWlde7UIhl7TARE2unPDIRoUTHT1XnNf2MhZ6c1u1N0sTkG8aS4LvYjVCd6FmS1','2025-04-13 15:13:46','2025-04-13 15:13:46'),(1136,27,2005,0.00000000,'0xKXCsbogF9w5hTe0W6onCpxKnzwnh0r1RSvtvvGCA','ZMVyyogkJgGOvvNGfcLyQlUFZwUkFyptbcPp73BOjQVUV4EN8WVrTg9dqWPTc1ay','2025-04-13 15:13:46','2025-04-13 15:13:46'),(1137,27,2006,0.00000000,'0xTTnIq2D8NFpZnZ3hkkJCdlfETQLwrGQethfcONo5','Lt2VhKFsyoUtoDuCOLnP3hxkr1dU3MnBxChG2ntQtWVOCr43kFjHdrStRzFtAd4C','2025-04-13 15:13:46','2025-04-13 15:13:46'),(1138,27,2007,0.00000000,'0xwX54t5XlVhYdFKZ0Wl7Ngk4aKvMLMYC942WOn6FO','7bGeppDEupJEr2qzwotoLazM9EEJEFH7nEvEwVfV7e6tnCIP3yg3zDYj7yQDYpL5','2025-04-13 15:13:46','2025-04-13 15:13:46'),(1139,27,2008,0.00000000,'0xr5QJsdReE9aVFOU9axudE9DorvOOkJdmII4tZ36s','Os3NxZmCY75SannuzYgFABD94fEKMEUWQuSvEAd80sVCMwojTv7EYi6qSKBv59xr','2025-04-13 15:13:46','2025-04-13 15:13:46'),(1140,27,2009,0.00000000,'0xlbv9m93qbz3GOuxNN4saQOghqbm2BonyruujXTY0','Q20LgLaG8HRw4ZCPUcCBN3lqWgZIDd86cI00dc371Gc2P9Q7ysETYboQbNVbkF0N','2025-04-13 15:13:46','2025-04-13 15:13:46'),(1141,27,2010,0.00000000,'0xAJH1f4KJtZfgsv3AmLaq3EJ2nncjS1iDPNscglOC','QK9F2ctbXgwBASTIuX942yftz8E6dPp1Nc2mwBJgcZOyXZzFP8guP9HCV0HNQrXA','2025-04-13 15:13:46','2025-04-13 15:13:46'),(1142,27,2011,0.00000000,'0x9eTDupW8IMiGPYnOcnf2P7XOz6o1fSctafrMwrpr','w3kg0aRNwwCsG6Wtl7Kpc2qjOIE0Urfw16TJUeillvEkZcNy5vAGK1y9cyTBinon','2025-04-13 15:13:46','2025-04-13 15:13:46'),(1143,27,2012,0.00000000,'0xSy5RswOco0EwePPfIBIo5b3Yl4MDXfptG8GvWH5i','o30zZc0VBr66AD9RwkKOHXIKXIJiAbclep8TvPsMPJKLf2F7H4tczWH1hQrnigXF','2025-04-13 15:13:46','2025-04-13 15:13:46'),(1144,27,2013,0.00000000,'0xsET1q68ChdFiU2l8TixG3XjUhcjpPtN26QZyZRlu','0IQQ7mgZSWLnpGgs8BUi8AFkku10veLVdGmQ2xIxUij8IGxQ5rNJ16U4bismUC6B','2025-04-13 15:13:46','2025-04-13 15:13:46'),(1145,27,2014,0.00000000,'0xGIo2vw0r5Tz5vxcK16c9vBw2RecQFbEs63yMAs8J','01PUz5XPeywUgTmibXIGmL90JGGGm7h4D5Q0KheBEcB2C46bUeXDYpmq7Hu3S6mr','2025-04-13 15:13:46','2025-04-13 15:13:46'),(1146,27,2015,0.00000000,'0xr3XL7gkKOSZGqe2OI4rVcNpJHngN5ABmdrWtJLhX','qstDb0qsOlSzQAcugyHZiBi0WS8xjkJjur6BKGPyFjIV0bvShYIEEQ6O9mEz7kL0','2025-04-13 15:13:46','2025-04-13 15:13:46'),(1147,27,2016,0.00000000,'0xcN5dFoowaVScjUXIWyl7h80U8bSohZaDS3He1Fpt','K4IMmEIpbayZLRl9XPDiKOR5DNXDuIO8spqyUODJPKyGX5oYyHX1FUrpZVCiKPTz','2025-04-13 15:13:46','2025-04-13 15:13:46'),(1148,27,2017,0.00000000,'0xqjehuzZwHwLRcwMnBcXHyF6JefL4mW7ekxDrj0Ln','fPjaxhhhl3t3zgF9OgtZDtQ6p5gqIiFBTXkcl45orkm8PUJn3PL3YsIRGeoOw2jQ','2025-04-13 15:13:46','2025-04-13 15:13:46'),(1149,27,2018,0.00000000,'0xCwsmaYC1GLMr1YD9dNnte95PYLPCtocUdFcrb1vz','HVgI1jk4bUaovxGQRDCJsSz23nJALYigyNUf5tNm3OfpyQiiv24vJHL4u5m9Etax','2025-04-13 15:13:46','2025-04-13 15:13:46'),(1150,27,2019,0.00000000,'0xUqk2eoAqwHneN2RN7HMwO1WNid7I5gzE2jIJAEyj','7yudFrI1Bi9VtNZkK2l9KrctnVetyHbJScKhxne5jGQ8benuZ7fS7HWbASU9szZ9','2025-04-13 15:13:46','2025-04-13 15:13:46'),(1151,27,2020,0.00000000,'0xKQKnN3CFyfJrdHC7XijW5612MFFqRDFSB4rdAP9u','UOUIrsyDxn9EoGsRfNH2idOavVgDm17m8Wn3VLiH0CV9soN1vT33j1tktd5rCbIh','2025-04-13 15:13:46','2025-04-13 15:13:46'),(1152,27,2021,0.00000000,'0xzyGbrDIBt2BPJTzW29GtDTH8whPMMgSkdYMTwSC1','Q1Hedq6ArscmPUPCt3gLJwfftoRn2rU7KwszgtHJVXboxsoyzRrZbOoLVwVakIfy','2025-04-13 15:13:46','2025-04-13 15:13:46'),(1153,27,2022,0.00000000,'0xfBDYFWK2VLytMG11m9zbpBBh9BDs0sr4nInlpx5s','F62sZ446PtdABqXyPKAoKJTlzfY0mkuYANeARvZT7b2gzF3dEKAwMTGAUxz5gwHf','2025-04-13 15:13:46','2025-04-13 15:13:46'),(1154,27,2023,0.00000000,'0x8i5DKAoHZF1idtOEVmi5VvrAfZqzkCzQbEfj8aGy','1tH8UWbkhvfmDnM6QgsVXfcgOuXs5iXdR2WXv7jgt3pDilDVOp8iyzxIaRVmiznZ','2025-04-13 15:13:46','2025-04-13 15:13:46'),(1155,27,2024,0.00000000,'0xgh4KaaFAVH6egIZkYMKClwpKQx5tbJw0tHI6QOT5','d448A5XNmFx19vQExVxs6WFFMkxXIjK168mwyXqGkIa4Lpg6DtoR5DVW0KAJuUeJ','2025-04-13 15:13:46','2025-04-13 15:13:46'),(1156,27,2025,0.00000000,'0xO2BhN2srqLh6sRp9uTsPRjLnC0VJNww2TYjcN5uQ','OmZyJCBVFiPYbPd9Pd5BTTkuvi9xX8g1EG1LFw8OXnD37PE7UOmW1nPlRpaCWalI','2025-04-13 15:13:46','2025-04-13 15:13:46'),(1157,27,2026,0.00000000,'0x41MSWaU0ll7RIXyC3AWkWivOb6rtKwScHDCTHFGm','v8TAg6yCMim2My1KAPeuSiSdjNf8GeimFZBNSAFtK94YQcn7akDTvUmM7Y3ot9Lz','2025-04-13 15:13:46','2025-04-13 15:13:46'),(1158,27,2027,0.00000000,'0xOXBhMGe4hEfl0WUvyrG7uCzi9aNZHhhUvpsk7IJ5','RF5qWjH5Nu9dancNHnqdDlj8Kqf5xFE49I1N8FY9xFDpl0F8D2CalI0uOYqlkL5C','2025-04-13 15:13:46','2025-04-13 15:13:46'),(1159,27,2028,0.00000000,'0xbHTJxz49BJeRDatBIy7eC7oNn9Pa2O1uTksX7dqU','P9VQtSvpuXVil7UCfi4yO0faPASZ4tt6TGBCSsLVw32bWkU6yblxusdF1fvrMitp','2025-04-13 15:13:46','2025-04-13 15:13:46'),(1160,27,2029,0.00000000,'0xGCt7cD4pHhEkZu0BgCgfJOK1tBHuk13V5L3t6czx','YvVyTqbkTQPdGneQwzcRe0QKo5uliiYPVLm1dmE6mvToGtah88Pvzkqnf01VBZCC','2025-04-13 15:13:46','2025-04-13 15:13:46'),(1161,27,2030,0.00000000,'0xCRqgxYi5sTOhvljIpwOxIZJBH1u7kVEfHwCNqVt9','Yt7yNxcX8QySYLqR9Bw2stpusPlYnscm2DVKXmqJ04LhLDrUiQZBN2aicOxgKGiX','2025-04-13 15:13:46','2025-04-13 15:13:46'),(1162,27,2031,0.00000000,'0xRcDKuUPwmlf9OLxlTNG27Ixvuhy6jL8KRje2WdHJ','xQ5aolTx5erbmRml6miMUQqEGZPSfQ5HefL6ia4p6XxEpuXvP9uRJxnSbd7Kdswh','2025-04-13 15:13:46','2025-04-13 15:13:46'),(1163,27,2032,0.00000000,'0xXZywfRD5NvtWj3PincLR7LHNPifTJQOSqqaUP7wk','WtzfiXcdoizsrTgcrlihuUf4hQAEu2OQncpthXAzqKhKRBmv7u5ozcgBuI68Rv37','2025-04-13 15:13:46','2025-04-13 15:13:46'),(1164,27,2033,0.00000000,'0xVjeVv7PjOV9jKrSiPX9RuA5DxEBm1mMk85FXcTEq','RLDpMp1zDpLV6WjsbDPOeDULP7u5y6NCaejzvhsqTi58Nj6F4AHJUurQfB4PcqlC','2025-04-13 15:13:46','2025-04-13 15:13:46'),(1165,27,2034,0.00000000,'0xi7b43EFwjHDrFUROnX12sn7h5S5Nw9Gda9KOKfRj','2qKeeScLb7qQsjaO5lZqqQTljl3KSOKeSGGZyd0qOXyxo8Gl9MhYCfJQGAIgRmov','2025-04-13 15:13:46','2025-04-13 15:13:46'),(1166,27,2035,0.00000000,'0xWIX5n6jPzJbgVnsZlsuqkSmyoWrVcWduhAMqM8cW','u5QGmsUwVJlJ2XsQSNkhcvd22HAGD6pDe3wDqxD0SmB0IQvL3VZrTEW3TqsWgH0H','2025-04-13 15:13:46','2025-04-13 15:13:46'),(1167,27,2036,0.00000000,'0xxl0LpMv4iGTjF6KHsGB1WaAhqJOihZvcA7ajb1j4','vNL5vFzYA20XBulXPe2BpRvUMv1KE7ORWwSJBPqJ2aASgmJOxMjb8Gws2T7VwYAu','2025-04-13 15:13:46','2025-04-13 15:13:46'),(1168,27,2037,0.00000000,'0x7PI7gzLX3qboMJVWKjOlJMKAoBKlYzbzhY9NQ2rp','xyvtH2Lko7tGpQ9hBTWQohqlsXlc8s0jt0RgUQ602fWuuFoRvhqpGGKhZvzvqEbD','2025-04-13 15:13:46','2025-04-13 15:13:46'),(1169,27,2038,0.00000000,'0xq4jEc5j8rswbFkchn8W56cdXje7uF8SVe0TfHITy','dkDMDdoaLYuHfN9cFV7kJWy1Yx3LHjMoSH6Xlm1dTgxNsvurm0y2Ro31HZUCokp7','2025-04-13 15:13:46','2025-04-13 15:13:46'),(1170,27,2039,0.00000000,'0xMD1WdJAMzD6t0T2g1lQrXkHsEzlPpnlamsE22Cy1','v1mEuFDD8cqYNyTxSSwcVegUkenOpOabIhQGQkxf9IebX1VGzOxIbPAAqpnxm74u','2025-04-13 15:13:46','2025-04-13 15:13:46'),(1171,27,2040,0.00000000,'0xMSqGaBhAcLyHT5jk3afUaOQA6kaWXcc15Fg9xBwX','GgFdplynjpoNcyc3fL5vzEEduex2FCIDz9lnKxT4cwTxNaZQgqS8IhcFNpTfYxbA','2025-04-13 15:13:46','2025-04-13 15:13:46'),(1172,27,2041,0.00000000,'0x1F9afrTvQcg6xCWegFq1AVGGj7iy2La9uImP7txo','feSqmdMln8knu9ftuPizJOCmBmCjtSjYdoaekhrdslClhlesChumkocgVMDDXqth','2025-04-13 15:13:46','2025-04-13 15:13:46'),(1173,27,2042,0.00000000,'0xXNPvnlyLPx00FBc5DlsVnNsH37LgXmpukxDyuXF1','t9TS8wn86I5peheL550Z2a4jh5DqxK8WLyUgC9XOORJ0h8PC2CXJ9b1qQAMNccUI','2025-04-13 15:13:46','2025-04-13 15:13:46'),(1174,27,2043,0.00000000,'0x6QeykdFYxmW7RxZMZIuBmVya4fm6SIvAqwZr5t9b','T6JdsjlL5Q5MhQmN9GZ0LftJtf3tbXYgKjUNB8S0mYGpIPysJ8oM0FwRNavL9rgJ','2025-04-13 15:13:46','2025-04-13 15:13:46'),(1175,27,2044,0.00000000,'0xpV0MBGoHvl6fVOgtAAHIOnAN6EtaLH40Wcr3uaIW','taIXwWIWZ0iJnba2zBuEIq5Vp8NyIjBIJNhoIPndBehQtvC6ZJATpqkJXg6HfQZb','2025-04-13 15:13:46','2025-04-13 15:13:46'),(1176,27,2045,0.00000000,'0xFfoZO7AWtnRMjK0yEV1Rjr3jzqkx2cYaQ5PUnB78','lx3oxIEX2wFioFwJ9MifZeZQHMPjknSHi9llNvlQO2iBcYDcXE5HeRdXa44aS2Cb','2025-04-13 15:13:46','2025-04-13 15:13:46'),(1177,27,2046,0.00000000,'0xOBaCDULGrljhTJgqpagJF86eT2DhHNsvISN8HVax','t0t1jV5rHdtCUeVJ2Bi2bsK2olGhk20PfRBz4Rb0VJTWbgQBMTZMHGgIMNA8aApq','2025-04-13 15:13:46','2025-04-13 15:13:46'),(1178,27,2047,0.00000000,'0xYmxcL62oZgnaoT83YCQcYuMchOAA2rgNXgzkzq1W','r3ck4CAK1JQIrmp4ALjHmw0QPGNtr8pqItmAxM6OAxcadVyu0nGcZukhSAMR1gZJ','2025-04-13 15:13:46','2025-04-13 15:13:46'),(1179,27,2048,0.00000000,'0xTInTt6P7umkuBA9NwFStsjrE54HUrw0FDArdMyVV','SfXpqj3nBj25iDMmlSiRJ88WnRvvCqWE0IFnhlvN8fy4v9UJrfNbaEsvO9vIARQR','2025-04-13 15:13:46','2025-04-13 15:13:46'),(1180,27,2049,0.00000000,'0x8SDiSgTqPQ8iJqwHruYbG5Z69r8PSrxNR5IXbUxZ','F2WGekIKPkL7l3baOEWgMSgrc9C2YLCofC4VphdYy1MzzmkzU9U71WlrOnt3hImk','2025-04-13 15:13:46','2025-04-13 15:13:46'),(1181,27,2050,0.00000000,'0xe8XNweUca3siKrAZdnK8cb5hQfLWQEOflIKhSink','E8myLFdrn2T4IJ8rN83uFUDuW2gNjLQLecsTMHefLsU6qEAj1bLFqmqGPOZeouX9','2025-04-13 15:13:46','2025-04-13 15:13:46'),(1182,27,2051,0.00000000,'0xMfxBCB3x6Nm7dvIIJQVuXQQ4SsqqFmmDpDTzI9kp','CQxGlBhtpcuSPYWs6kuFPwCeH4OYHD4ZMf0m7621r5ZhMrNUJpajea6bZ1F4YlAv','2025-04-13 15:13:46','2025-04-13 15:13:46'),(1183,27,2052,0.00000000,'0xb45e44mcSdKRH8p4e6dXaQoYj3VqHZz2W3OMZsgi','gAwkCHFR2lEyBIRcKA2axs6InMsSpw0imjvFjBv8h5CzgG7BH4v2ur5FweOc9yP9','2025-04-13 15:13:46','2025-04-13 15:13:46'),(1184,27,2053,0.00000000,'0xsqDDUcAfrQeuKKEEoUxFbsVegHYWnzfUTNHhpS4S','d3D9dlDkJ7mdOhnrhAuSDUZaD4OWpFgDYVg0LIKM8vZJ4ugW1uEiDB65kQ3KOvtB','2025-04-13 15:13:46','2025-04-13 15:13:46'),(1185,27,2054,0.00000000,'0xLxuG1hJGhO7hIQSO5umDOBSkgfZV0UKH7ZqIi4xm','d6PwSyH2eK0nfPb9z93tmUw8ES0P8mZZ8oZAYfopG7j6tZyK9nb7Daoy2pO5rZnE','2025-04-13 15:13:46','2025-04-13 15:13:46'),(1186,27,2055,0.00000000,'0xyRU1yoOWZMkJZ2vWA7aRVhk1EX6rtuWsc61ez8hU','mOyaljExtppGBn1xecEFd1LST7TwbUy9OkA9DCqR4dGkQ6CTlg7bl1wgX5IiKZLl','2025-04-13 15:13:46','2025-04-13 15:13:46'),(1187,27,2056,0.00000000,'0xUS8LvCZX7BGLQTUnEgaQXCO0lMBSqYlrTFtrOFYN','4lJoyfnDawYCSVsOInv4Hf8sJyaDprsxYREoDfH09ltM9O9edUfecOKk4Tl8aqNQ','2025-04-13 15:13:46','2025-04-13 15:13:46'),(1188,27,2057,0.00000000,'0xWa66vixH0mTRWEM1CTLZEMB6NOXvElHiz4WMAOqT','h5ZDYxJjRz1RbgKqLNd0NbJzgUbn8o3DwMIeKlTtTIZIKoZBAPdxrvLgesK67DsK','2025-04-13 15:13:46','2025-04-13 15:13:46'),(1189,27,2058,0.00000000,'0xqDdtTFLP015WA5XZeTfjDwsXIXy3jAyuVRSgNdke','a1f5DSw0pA5XttRWsW3yqytcTt7fqBKt2FV3es73oMhpQD4nBVx3Xqkhfvt6nLP6','2025-04-13 15:13:46','2025-04-13 15:13:46'),(1190,27,2059,0.00000000,'0xXOIcnPWXK3IMCrQwhbN9qFDLzBw29RrHZenEWbGA','KrYZkW3y6w8FLiDuJF8U7YeyxTKXnuEEqCMuaVwca745EdxYx667i5F7VwccuPmL','2025-04-13 15:13:46','2025-04-13 15:13:46'),(1191,27,2060,0.00000000,'0xf5h2eCqszaH6Chs1v5dhjxjAIcGCnJTwTGio7Qib','yEcfYDQw4fJZEjJuPjKnSKYBPaGgifTPVYTjhKVbr2qvFtbpIIPef1cBQq4rLYJl','2025-04-13 15:13:46','2025-04-13 15:13:46'),(1192,27,2061,0.00000000,'0x9KLD2ZLqns2KSvC5XeiAXqIMQd5M2ECA4GvJDtHQ','xsIgisPgzRRfiGE0dn0gqQIeQPnDmrV9VmOF0Ycs9hhxadu0oBBRVG2oaabt7HV6','2025-04-13 15:13:46','2025-04-13 15:13:46'),(1193,27,2062,0.00000000,'0xtAZFqBD9qYGJDMeYdV7Znoy1iRVBe9Z0V2RDCTjY','ygiK1E9AnxVFK0fUHdXwXve1fs2PRZsvLM56aEZA8OkJru8ytfhAfgRZSzWgtZ79','2025-04-13 15:13:46','2025-04-13 15:13:46'),(1194,27,2063,0.00000000,'0xVRXbSWdEvk6EAB6WjT7rRDO0XvXB7rtxmeXdmdwF','tGdgkNgFIAryPgKkhFt277o0d6PJt3e6AVujhVMU2CNyzqUIwthXZ4ZFT3gknguO','2025-04-13 15:13:46','2025-04-13 15:13:46'),(1195,27,2064,0.00000000,'0xlVWWVsyMRyo83NCiqdgK5R1NUcV33oYEjoTEYxn5','JTtFQrQ0E2QlzDaIjzK7r8mdwA7iLTpqM0sCd5kDMkfjrf1hhgKGhgTelQdrFPCF','2025-04-13 15:13:46','2025-04-13 15:13:46'),(1196,27,2065,0.00000000,'0xcVmZkafR01nw4lnuh0KcDfBFoIbBxY5jJeWNB8pq','kieBcztuvFDVT8dQEvVlS108UbJVAsYBg6lyy9Nybodl4vgjqmStNccsKRXYKKrV','2025-04-13 15:13:46','2025-04-13 15:13:46'),(1197,27,2066,0.00000000,'0xxLTmey9TPB267BlPe5BHGbrODw0If7vutE2djAPk','LeXH4cEque3nSex3pTr4QRqWbh5lQ44jg2WxeRV1TwZXhWf44dcSwyVeRZry8mUn','2025-04-13 15:13:46','2025-04-13 15:13:46'),(1198,27,2067,0.00000000,'0xTwNFce7Xx1bF4o1hDzWXjsxe7NMta2tALP1HS1Ot','Egu7eIM6HhfsjYeAsUYc9s0E5MeZGYzFoZfXuDzqDAOjh44z3c2eLQBPW4gqCO42','2025-04-13 15:13:46','2025-04-13 15:13:46'),(1199,27,2068,0.00000000,'0x6DLVMquzO4Yx9s8HmxjrAqSkpEmBydWx7hAV9LyN','VMLTRKm6SdGybef6Jyobi0cLdBZvTmS59TtKYWOdsFsjsmux7E5tiSuc4Ng8O2yP','2025-04-13 15:13:46','2025-04-13 15:13:46'),(1200,27,2069,0.00000000,'0xghRZ2GLsPKsygDTLHQiJuT01gTeBKv8phFGKMeAw','aoNmmHIf506wbyB8RE7DeKC0cyScvR1fSHkhEwmwEdYgnSkgSi3OCrBY6XsPM7AS','2025-04-13 15:13:46','2025-04-13 15:13:46'),(1201,27,2070,0.00000000,'0xfsatqmxVInwQvaDOhBsgGz8JWITz971yRqgz4nA9','twoXH54W1lXPf0grQxqkbxPST76VqyW879Ld2nP41jED0r7OM2sJxaiD07urK1mL','2025-04-13 15:13:46','2025-04-13 15:13:46'),(1202,27,2071,0.00000000,'0xUADfvmVZCzam0Q9LQfyStIu7W81MnFzaCNN8wII4','3t72uXQWtyntlDVdYD1LxZlwQT2zVcoV0oDYAAPDXUCxQkkQD4rmuyUcGFdY2zJA','2025-04-13 15:13:46','2025-04-13 15:13:46'),(1203,27,2072,0.00000000,'0xlobt6m7WnkElwkxsGkWpn74u4wq1d7UpjfUMHMx7','7g3imGo7nPmLprB56aqXq9p8drFBQApzTLqNujQk9EVE1iXLT4m0HO49ruCVmW4K','2025-04-13 15:13:46','2025-04-13 15:13:46'),(1204,27,2073,0.00000000,'0xUDvXoQ4i850jxKRM7t3oeKUfZ3Mpu8g82l6gFTnU','6Hyt7gteYPSgU4GC4mD5AuJlrBaOZmhPGVfIQQ4KWyG6TtcLgRK8DqWaow7Eg6fX','2025-04-13 15:13:46','2025-04-13 15:13:46'),(1205,27,2074,0.00000000,'0xF3NeCwAfvyKkbZzqj8VKKByiiye2MUagsggicKB1','JljnsXKNEJ1jJUO9aAdVdmtqXeIbBmw09GFvPo2AVVHIPWb3RKikiYIzB7jhny1Q','2025-04-13 15:13:46','2025-04-13 15:13:46'),(1206,27,2075,0.00000000,'0x9aOodo4uuUoKLw3zGCaA0UR99JTssbAJbZF1fdGv','1av7fXpopsR1jeF9Pp2GgDQazvC40Aldo0pMJa0zCI1rRMIUr5zHu8arKsDp4FhL','2025-04-13 15:13:46','2025-04-13 15:13:46'),(1207,27,2076,0.00000000,'0xNofs8yVlyY0XzZC19X4w8G3yI0G9P7ZcNaxUrut3','NNsZlfhOPYcmg5Kpd1eJvEba50oXuO02Lw0B5whxjCQ4LkceiA92XO14cwG7tXbI','2025-04-13 15:13:46','2025-04-13 15:13:46'),(1208,27,2077,0.00000000,'0xAjt0skSe5RP4tdFkihUwXzM4An7GYYpq1O12fgYl','BKWJPTAvTrX7wS2V75FxTAQ0j6uWNxLGmNjMCXHco84mC7nLPWAX2su0uonDpgcH','2025-04-13 15:13:46','2025-04-13 15:13:46'),(1209,27,2078,0.00000000,'0xazpD1ebl6cQ4FOQQ5F2wRcTAvoB9LXWRNpNgAtt4','VQdIzkJHlEVWXaVOXFaqI6Y1FCVHjeN5sZpqeHsUycQi7gO8PFnACwkDq9TwHW0p','2025-04-13 15:13:46','2025-04-13 15:13:46'),(1210,27,2079,0.00000000,'0xWxOmHPChn2kX8eEtY3k5J7fuquSEavZXSamQEGAP','FtElL2l62FMSi5J1t3tzyhJWZ3CN4pihACvHGOHRkTUQNULsjrWzU9xyEUkaXE6h','2025-04-13 15:13:46','2025-04-13 15:13:46'),(1211,27,2080,0.00000000,'0x6FNsvzMUcreQL0kEv0YOt7RrufgNTLfWAgJ6mBVE','OCTB8q0nkcCSyUifMn5yHH6DpAqLqZUunCoRHNZenj5jYoE6AxgMEpvli42goLhw','2025-04-13 15:13:46','2025-04-13 15:13:46'),(1212,27,2081,0.00000000,'0x5cHNbaKBy3C0DJIgNIfMeMJmGft29MJiZq5e0WyC','adFAIDMF6V8oV54R6BSyCGXuHK3r0hvcisAeVuDYQ95kVKNXfeVzbyxlEJbozOgv','2025-04-13 15:13:46','2025-04-13 15:13:46'),(1213,27,2082,0.00000000,'0xNypruUgGEopdYi9WAsYR6HDFHI7mEoIsBFYj1bOi','nElAPZv1CnbQTiaGZzw3h21YNixiKLTJPdW8fHCFQ9qNj3ZHCoeLVnsIgYRU7eqe','2025-04-13 15:13:46','2025-04-13 15:13:46'),(1214,27,2083,0.00000000,'0xpqiN4Nnm98WbduSOgF8SSb0XUA75pA6KM7yWcv69','hCS2WaVBY3vAUzYRU41BBL8N1aREiMWjGTOteWNJ359R8UGkhVaF8sGG4VV9ol39','2025-04-13 15:13:46','2025-04-13 15:13:46'),(1215,27,2084,0.00000000,'0xHsupZVJ4FkobQpDJ4KmrTy5mrQ0bJm7NBtRXg0qx','Q9QNWEmCRHV8iRr5Or6ql1xgduJAkxlUSbJmzXlW5Meev8WdIEeYLcAN7PRJnTbB','2025-04-13 15:13:46','2025-04-13 15:13:46'),(1216,27,2085,0.00000000,'0x6cYltx4tGwJogMY1DOsdFvEmKje4EVCjZyrh8h5g','WBCFPgQN8aeitQZyo6Qi2ayriG8yYw4gYW5jLM3Io9QW2xDBuRJ7rgtpLBDS0TZP','2025-04-13 15:13:46','2025-04-13 15:13:46'),(1217,27,2086,0.00000000,'0x6t0qo6TFt8kHZcyx6nPWbAQPX98Fdip3x1ohrUq5','OCLYxw0rvh3cBudcFOUSgizgoyZmbnGuuTF6gCjBTOxE0ZDRe3e507UqJZZT4r0T','2025-04-13 15:13:46','2025-04-13 15:13:46'),(1218,27,2087,0.00000000,'0xzj9ntJrTAbej7uP9fAFZOEVjorgH64WAYWF9WF5w','5G8lC0XK7Y46fVRNmGy1nfMZMOS7yTm6wBJxoRSKis0XNqhzZESX0yZvBjHX9cOc','2025-04-13 15:13:46','2025-04-13 15:13:46'),(1219,27,2088,0.00000000,'0xJamsw1MJ9Rp5XuTjpvhFrfCwAaxjpHB4QsNMaBOr','M0MPCKKIc0E0TueySo9hXo7PLJruo2xesjk6Pg7rszSUdMUnlaWpSuJJIohbgz6K','2025-04-13 15:13:46','2025-04-13 15:13:46'),(1220,27,2089,0.00000000,'0x5Q5tPz1EKTlF8XRj4e1n0qGMugEnH8ub5MploIkh','a8GvcOGuCxkwYxftGDmpspil9SUEojposp2DVV5AafaYPv3dmqIehdegDd0KhnFC','2025-04-13 15:13:46','2025-04-13 15:13:46'),(1221,27,2090,0.00000000,'0xorXFdCXRNPc8kUjZr9rx7XdJLpc5Zq150CjBrLvu','Nq3J5arK3PEtqFqslwDvJrGFNj0xNBpyXCOS9IKRFljOGNtOepDGTfyO33gUgG5a','2025-04-13 15:13:46','2025-04-13 15:13:46'),(1222,27,2091,0.00000000,'0xctvk0lfjRfasmGi22RFVPjcAcH27jR65212tqZjx','77nDhaZJjtdd1QMV0sbV0GDDMWn8xeOvnMtf3zrJCbN8R5tLsjx03RlxIKV0HyTr','2025-04-13 15:13:46','2025-04-13 15:13:46'),(1223,27,2092,0.00000000,'0xfQZLGksBGhuaBvIkhTzLteND4g2KvzKXpjgaPCyw','q0r6exArZZYbLIiN48aXRGcmA49kqfDhK7MGSRqLeO9Y9RrhJtvbEIxPsNzkJp2r','2025-04-13 15:13:46','2025-04-13 15:13:46'),(1224,27,2093,0.00000000,'0xh6K1KhJevjbU2aNXOUVyq8iwblnvNQHXDcPuzHVt','0VGTr5YE9nAQ7iTZTa8ftg56sNyGryXqJ8J8xGHhRD2JCJN5RpRqxdRhtVX0tss0','2025-04-13 15:13:46','2025-04-13 15:13:46'),(1225,27,2094,0.00000000,'0xX3xGXwDponZkzzEw4XH5xEgQNhxj1nSrlR9FHyYN','rjcALmk7RmBYoPoPrzZdggna7KVpjENj4Xv3eR3D3Kb43cpde0ErC2HhFtV58ndb','2025-04-13 15:13:46','2025-04-13 15:13:46'),(1226,27,2095,0.00000000,'0xX15CLg3Ol129Drtk5VCqOjIjlsfORkaRz6Cm5bsw','z6mzSpo2X9rMHx0oGagLgHkyBUeoMOWtdAiEsaU9hByXp5EjhTlltWO0UetIPJ6C','2025-04-13 15:13:46','2025-04-13 15:13:46'),(1227,27,2096,0.00000000,'0x2B7VY2RTPMfDbe3jKWiflCXUrv1G0rw6LopBMtlV','8thXqWxdjBgC1jH4gZtQ1smgJZRm5cNQK8vpf1yu1x20CmRoMt5F26kTVem1Xr7z','2025-04-13 15:13:46','2025-04-13 15:13:46'),(1228,27,2097,0.00000000,'0x7QILBHJOa3QH31EKBpzjL43criFZv71oHkwBBuXL','x6riAg4YhjDAwrgBrUNoB7bcbWbBTvYYMJjmUb9LFSZ7mu5do0Jw7EqaRteXKcxC','2025-04-13 15:13:46','2025-04-13 15:13:46'),(1229,27,2098,0.00000000,'0xgigMeR80NwnMvMwFpABAdXBqpAOrL3Uh13ouYeIm','AxmVaVPcp93pBxHloXMuuWHKc13g97Dl9J62btFGXgnq1W4kcohNYSpdiNV3omLC','2025-04-13 15:13:46','2025-04-13 15:13:46'),(1230,27,2099,0.00000000,'0xcvwSjRhDpoA1HSEYC1yRQqmaypDMcL5V4bIdaLP9','1eIF1bboWbwc5oEJD4Vs6vCZ7Zn2fvZkneyRRGO2dJYIRRAOZbkWmePqd5X14WFk','2025-04-13 15:13:46','2025-04-13 15:13:46'),(1231,27,2100,0.00000000,'0x9nK1Dqg9rSOj3OWkWhlj1Afh7qRpX0sv28aqd2E4','iKvyuLIB0mlt6Jbe614f1hETiwcTDWxSpWzlKcVfEGh83dNOloXMbkQhJiPGRS9B','2025-04-13 15:13:46','2025-04-13 15:13:46'),(1232,27,2101,0.00000000,'0x2yW5hdSSFM1UCXxqj9BI18p7esT4YxEzTL28TWwp','byIGYRd87CwbIBJmzyDWg14AeOws1gM6YqlzGiOylFRSdW7UTrf8T2M7sMZypLsI','2025-04-13 15:13:46','2025-04-13 15:13:46'),(1233,27,2102,0.00000000,'0xHMbXN2Ho3n8orIodVCRy7ArKNTwpHTZKorNFZtJB','IPpzq7yJm9a6lP9eXNrZxBYicpPXEHLcZSFx0Sb7HePnAOyeBdQMVzfkYi3ltUXz','2025-04-13 15:13:46','2025-04-13 15:13:46'),(1234,27,2103,0.00000000,'0xTRbd8CUjycaaKfuCpeBcjk1tnNpwiqT4PTLEQAR2','RrHsiBWiAQBugaequSpsLULHFB8YUF6P6tdy7lVLqsnVUZlJBSj7AdgK8jywUbS0','2025-04-13 15:13:46','2025-04-13 15:13:46'),(1235,27,2104,0.00000000,'0x2CjvR0kHKZs23ve6b5r040tlUQmdWzJPeVbETCvL','ehrxhEs35dh197hfx8txSXmYs6GKuApHKm5ewp1MxnPzvyTR5zaMDPsImN8fDzby','2025-04-13 15:13:46','2025-04-13 15:13:46'),(1236,27,2105,0.00000000,'0xzDTmOhiUfVFuH3TBbSs6hExpWc6QmKewIwr860a9','UGvqjk4lxSoM5bCgs7MdDYmWb3GTprI696eQgVFphCa4i3kNEpPsF6fFKn4Q5g6y','2025-04-13 15:13:46','2025-04-13 15:13:46'),(1237,27,2106,0.00000000,'0xydzCL0Z0qxsDk1le6th4eCd2Tu4ClY68pYrZXDQY','8O6uGsKw447w3tlval2MiAfVFAOVEMEUr6EO5leTpXWxnpKNsYCyngh19K28abc5','2025-04-13 15:13:46','2025-04-13 15:13:46'),(1238,27,2107,0.00000000,'0x8LW8H2osvzPNSvMdrhMG6kWYAOcVfZeyPW9yY3bd','8YAWL8aSJnJJs90BATNYZdoGBKcMhBxEUTTcx085XKl8EBu6g1MjNnoZo2a9gc6V','2025-04-13 15:13:46','2025-04-13 15:13:46'),(1239,27,2108,0.00000000,'0xtkmtZJO8bFaDFYlXyHruRhWoj29o8Cgyi029o2ct','IrszwexqgSZYv15H4knXJGramq5gWFwiX8pJSsF0KNBoQSJZi0ToSGwG7IUH0q9L','2025-04-13 15:13:46','2025-04-13 15:13:46'),(1240,27,2109,0.00000000,'0xScZv5z6PFMHhVQFYyQPpDkAtzkI1JUwVXqM3RsZh','wx48qhDuIBexWhweeY5xVlzeGJdJlRGJM6Ju5uxcAhyEjhZDYduV9xfq0Gf9HQhw','2025-04-13 15:13:46','2025-04-13 15:13:46'),(1241,27,2110,23566.00000000,'0xwoKGAgXEKuyMbqPXrssntj5Y4jn5g1lRwyyItzJs','PeivrqbNqbzqyCgmpDAh1gSowqBXzBvQJryCHwX4gK8xLmBG5uEjLb0SWvQe5NCE','2025-04-13 15:13:46','2025-04-14 08:19:00'),(1242,27,2111,0.00000000,'0x1NhlQ33uvRX4ezknQtPCSqE3LiJF41GIJG4J7D6a','VYXR7yPnlV3abJxfSbUbsan37fyK0bH052vZBvIhD8Bu56rWS3EB5zdF74UVZE8D','2025-04-13 15:13:46','2025-04-13 15:13:46'),(1243,27,2112,0.00000000,'0xpki6X68MQoT0ox4l10XyiHBaf6rvXq8bmeuh3EIn','YRcy2p6bSA3hfi5onKtHOSPAYxVbS8oc1B6wDIDtzgQKcKCtOUhdfYiKYEosbxqO','2025-04-13 15:13:46','2025-04-13 15:13:46'),(1244,27,2113,0.00000000,'0xuHUrrhRtyWJj1NjKys9Obej4pBV1tpin1msS5W4N','Q8XzhRXxF50HdqS4knPhqTKESXts0EnLOY4V6CnJfKc83mCxnjF7w9E3RHOsrbqF','2025-04-13 15:13:46','2025-04-13 15:13:46'),(1245,27,2114,0.00000000,'0xlzs014FiE7s6l0hKZqBjMgD8BkOEzcPMHZUz2CjJ','0Lkz6XFc2sZ7qMLaTFl9Ll2YENiCk4M3awojoUM0BY7mBL7FxbaJ4x9SbGNntdw3','2025-04-13 15:13:46','2025-04-13 15:13:46'),(1246,22,1708,0.05962933,'bc1ZMUR5gxDd3TO237SXMGmzoKBS7q3pI9dUi9KiA1d',NULL,'2025-04-14 06:00:27','2025-05-21 10:30:27'),(1247,28,1713,0.00000000,'0xrjrcOJGdLu9aZBBqmtvDNUBEkYybg0xjzX3svRyq','Dxnw4mdLhL3x2mRi3TX0EApF9RCo1wbmId3FcqK9PwLlFrY1BhgC6R0PkJ6bghgy','2025-04-14 09:07:37','2025-04-14 09:07:37'),(1248,28,1708,0.00000000,'bc1rF3PY8WHSkRgjW9Cn5EBWzRQf4YNRseWZJnSnl80','INnzulDAyZyMFPABRbVmz954hWFaKUZFAb6WFsiU3vUiJItzNJg2NBDuJdKN4mzz','2025-04-14 09:07:37','2025-04-14 09:07:37'),(1249,28,1709,0.00000000,'0xaqRbpKGgBMu2haUup4t7T2qfcUakLvVYoEnuAhXe','nRbmvCf0NtFvA79l8Y22XOnkcVteyGHfpK0EjT0SIH5kc0Rlwg6L6qPnAhramIsH','2025-04-14 09:07:37','2025-04-14 09:07:37'),(1250,28,1711,0.00000000,'0xtM6GvWTRwRTXI10dlk6wX0T8HRA0Yqh0ALL76Mhn','e45WTWZqDCiEaIiEYjiB4sB67sSaxpFqYg2SyPsDobpzhRjIqKePo6nij1GCherR','2025-04-14 09:07:37','2025-04-14 09:07:37'),(1251,28,1724,0.00000000,'T1NlsR9wzVXTRRxRVJ1rRy8uTyoO5zS6uM','gurQb7QnJ0ub9x6a7MjKm2KroP964zixatFjnbgWXuDUqLWbhtmMHIfZamSXxZbM','2025-04-14 09:07:37','2025-04-14 09:07:37'),(1252,28,2110,0.00000000,'0xV8oIW5xI15kuDIcxmQlcBAS7hbkjmoHZxUaKxYKk','bXntdWVtCuge6M7k95slovqdCQJ081I6wTARsQPdeZ2LjoT5wZ1iogtfA3BUlxRW','2025-04-14 09:07:37','2025-04-14 09:07:37'),(1253,22,2110,100.00000000,NULL,'Gx4Kurg7VqGsFHv8T94qB0mYQS6ho5l2qYehBAfYY2ssauTpbEavtDlwlUiX1O6j','2025-04-14 09:20:37','2025-04-14 09:20:37'),(1254,22,1862,0.00000000,'',NULL,'2025-04-24 05:08:42','2025-04-24 05:08:42'),(1255,22,1717,0.00000000,'',NULL,'2025-04-24 05:18:52','2025-04-24 05:18:52'),(1256,22,1769,0.00000000,'',NULL,'2025-04-24 05:22:17','2025-04-24 05:22:17'),(1257,31,1713,0.00000000,'0xWp7fq0gllXpQkp8XR5Trp1WewcnYJZTbZDkANZG1','grKC6B2cu9LKnmpFNoRd2T8S75zXslu9mz7bK00X1WzXgg2KZGYwBaMxVT5PCnDp','2025-05-07 01:51:20','2025-05-07 01:51:20'),(1258,31,1708,0.00000000,'bc1PT9wfAoWzMl8dUVUA8HMK3rN5vU8vQAnIhzi08gI','62uuhx4IepvC1ATgA2fZIfcDyA84hemcAZx0eXorhePRAIY7qaWrlNZJ0IRNDThR','2025-05-07 01:51:20','2025-05-07 01:51:20'),(1259,31,1709,0.00000000,'0xyd58L8JBbOneWIQwkl1eDjVh4YDNDLS7XvHqelUo','1BolGMuGOT3DsFfCsrLdBsmwr9dfY4ezThKwrgpr9NOhXb5S3kQWlH6b3BQXyGE8','2025-05-07 01:51:20','2025-05-07 01:51:20'),(1260,31,1711,0.00000000,'0xQsvX0wifmls8k02FDoOLyUBLKsNDWzoWBBOfvHhw','r85clSkzFWPTdVbA7pTUtP70mvhPssRz5XYvscSLaZMSEbSn2K0FESvgSgUcQ7Pc','2025-05-07 01:51:20','2025-05-07 01:51:20'),(1261,31,1724,0.00000000,'Tyu7PzAQ524wVVVy6XRzvKh6QRIZK0BdSj','keTYGZ4OtM44QgLRXgBceJ7lhY7l0vHtWjdp4rfWgqcQ7cnZY3ZGiNyx07N41qeo','2025-05-07 01:51:20','2025-05-07 01:51:20'),(1262,31,2110,0.00000000,'0xoxRFwFlGd38Rl66jtHRT2vDVHMwp8vIRJve4TlzM','yF1j9sPONoVcvgOs4IlCewJaxcgOwy4I5EjoGO5ijMR3yt1B8KlilxJ2LUiTWO7F','2025-05-07 01:51:20','2025-05-07 01:51:20'),(1263,32,1713,0.00000000,'0x4kk1oa9p5Kr7gHJARYH4ypLk9bfnfHGDW39vYh85','HhTV7WRTBFVsTmuGE2DNMKZhJeRUx8tLZIlwqY2CIlbzk5446S234tiZE5hyB8u9','2025-05-16 11:19:09','2025-05-16 11:19:09'),(1264,32,1708,0.00000000,'bc1SG8337rixTyneTf8jzuj42x2QM037VAhRqYE0ymm','C1eRLpWqApqo0girQ383QU6v5Ov9Oq0sehS1vqdKc5f3OovvOhvfrtFd0j8ZaLqp','2025-05-16 11:19:09','2025-05-16 11:19:09'),(1265,32,1709,0.00000000,'0x099x3ZPcoQsfLYljKfJlzv8TzKt8Yp2CgfgPDTqN','OUJE2CegvP5q2IlFgu7WYfUa5mfXVQ8MMsy9PoAzGsfMMgM0UUXNXXwpsbobJYEJ','2025-05-16 11:19:09','2025-05-16 11:19:09'),(1266,32,1711,0.00000000,'0x88RVn3qmFkObMml9h6JxEBFbPf36sxbTzzkyDxpj','htBZNzcWq3j7fFbEFbKfLnWduUPkQc1ZMWeFsVe8fcpe9QoVg2Oyl7qadLh5cz4N','2025-05-16 11:19:09','2025-05-16 11:19:09'),(1267,32,1724,0.00000000,'TuBECk5pRYLvOvE1QtyC8EcX8iQ79nTIWd','E6lwScDpUxCcKzsgN8LUTc3mb4SrvScsMa5oSyxuRoKNPejQhxCxRlx6O1mxYx0T','2025-05-16 11:19:09','2025-05-16 11:19:09'),(1268,32,2110,0.00000000,'0xNPIbwS4Mac03aznw29hE21b7uiQzvszlMviIAa4n','7japR2OgNODq2hRdpZoENzKjuzUzTg6AoqG2mE9MJZtx3y0b8hT38hLkhVqCPISP','2025-05-16 11:19:09','2025-05-16 11:19:09'),(1269,33,1713,0.00000000,'0xYcRIbvIhsqXUmMb4URzCJGp2GRzKD5m834wizkWs','pIwhBeYxBUAIscNq9UI4n5j8wOsvVTZLxfqcuaY9gznayVA9DZW2wTKqTDBOJdcS','2025-05-16 18:56:12','2025-05-16 18:56:12'),(1270,33,1708,0.00000000,'bc13gL7vg7dpltv2q02usI31D5hvhVC6EssfuwDguej','N1HZOLDxiHZT9Q6XEdZ6pdYOCOJa1u2kxhuecLVgAFfCJAHlJ7UwHi1yfhTxYnB4','2025-05-16 18:56:12','2025-05-16 18:56:12'),(1271,33,1709,0.00000000,'0x9oe4U2V6mLWGfUUzQx0b90wCm9gCHilPgoq9zHRl','SBWjYxxnbkwdFV9F0g9hSCXtpMqpp7nTZ781DYnXPC1DyhXXJJKFkEmi1e6J2NxB','2025-05-16 18:56:12','2025-05-16 18:56:12'),(1272,33,1711,0.00000000,'0xnnudOS45k6riEzgFJevFnlHk8l7VFvMFNWOVcfGp','belsc2P7XOJIVsY7VTX8oOgBxPqdodP5FBOLskfB2RrQzOHnPAtiTsokTrZDSdox','2025-05-16 18:56:12','2025-05-16 18:56:12'),(1273,33,1724,0.00000000,'Tm2YK5JAMLwJDOwk6h8DhmYlThzk3MFX1x','MrtcWN0KJA9d7q2nkZTfNh4WlpvRD2oyodpphxtZ2xdeBYsdqeinKdIwe9rjRj0I','2025-05-16 18:56:12','2025-05-16 18:56:12'),(1274,33,2110,0.00000000,'0x2bUTVUGXGiXxt5pDjXmCktAlNcrCUebAstL7hpl3','eDjIL3dUyft1yFJA31ei06Iay2GK5Ty6iSP4FvOZ9tpZpu2x5r0gwS9kOYJ9YDi9','2025-05-16 18:56:12','2025-05-16 18:56:12'),(1275,34,1713,0.00000000,'0x1ck602GzcKvixysZUJVJwamTZiZtqTV29kIgp1Ds','9ESnzIPBATlRuIjAjyusYkcUlI2xEYgwrifV874oqIPsyOUvrmlan9OUGPVhl5h0','2025-05-16 18:56:51','2025-05-16 18:56:51'),(1276,34,1708,0.00000000,'bc1BRuBmm24edbF9eZvsOTWgQWDfPTlYwaCKdWsx3Oe','hpTJxGLYywRHN0i2IcQKjutLICi7PK6G5Uvb6ksyLtGJA8Kln4kHvkG3IWKKcA1y','2025-05-16 18:56:51','2025-05-16 18:56:51'),(1277,34,1709,0.00000000,'0xEHiK0VgekBrlkdiCRzyPFd4JgWx7wyfPMQsDIpWJ','3FSJpIn9sFOHSYST6Js0wUhpyTEjevtNh87AaCBMMQ2hQWn3PrVLXiujHlc8QoZj','2025-05-16 18:56:51','2025-05-16 18:56:51'),(1278,34,1711,0.00000000,'0xoou6jfh9Gu5KSxw2MGSbe58hYbhsOg8rtEQN9Nr6','TEk8CmzWjTslNUA5NlR4ciSrZVdWZwoZqGZwLaTKL9q6vlPXaMEHB9OgPkbzt2fD','2025-05-16 18:56:51','2025-05-16 18:56:51'),(1279,34,1724,0.00000000,'TYzKZbeg2HZJXUOeRKyngmoiiQaDTqCRSD','uD5cxPchUe8FdSxJsfXd5XocP9m7OMzVnr4IZtae9r93VefKYy7Dx8MarsGClDlv','2025-05-16 18:56:51','2025-05-16 18:56:51'),(1280,34,2110,0.00000000,'0xcLDFkgzmcKYLR7gVOsNdr03TtElO0QMdUWeKd5h4','1oGWJnYrDyB0YMn7xFxwTZZrLpEFLm4gEDzeqWMPUiULsSSmMfM6wUXWP5pZRDQH','2025-05-16 18:56:51','2025-05-16 18:56:51'),(1281,36,1713,0.00000000,'0xSQZKoL1G3QJlV7t2cy1GHoknrRjOdcQ4Iy8JLhBe','U44z5yuhjFyVTfhbYI7MMJks5WySCI7PoIiqAVVUwvTgxWa9xS7zbT3HqmSWGUaC','2025-05-16 20:14:27','2025-05-16 20:14:27'),(1282,36,1708,0.00000000,'bc1QihakKEWakg9vrLneCG4HTrJb5RQBk9QQOOlE6FH','sVzYaqmIue6D6P6ZOBaqxcj657bhCNGTvPhme0YSgpwDvtFDyT0J9NUh509gLRzs','2025-05-16 20:14:27','2025-05-16 20:14:27'),(1283,36,1709,0.00000000,'0x1ElKbMHau84Scai3RqkFcvRv6lk1ZgJigalPz26r','QoHcJ4GqQn1oOwgZjsaieUcGPylE8C6bJv9eRQ223iXLlp8qt7rQR9s6M5HWtGG3','2025-05-16 20:14:27','2025-05-16 20:14:27'),(1284,36,1711,0.00000000,'0x1Ch5mryVE6m04tIReS3kfPnlIh84spYpCLeOAjGK','Bm5kyEGOv977ZZGGMQZ7iue967sFXRNdUltNyj224sbSymNwbttTTHhDkUh0cIWp','2025-05-16 20:14:27','2025-05-16 20:14:27'),(1285,36,1724,0.00000000,'Tzw05w4kBiT81JIwDS1a1BRRshOY6ln41g','cw6EiM3TrNuyeTjnQkxz5wdWO6pt9dFGgyfNtJydUbCOohfp29c3FwvXMxqiPgTo','2025-05-16 20:14:27','2025-05-16 20:14:27'),(1286,36,2110,0.00000000,'0xF7YHGG5aydZHdq8dA4IJ7aKuNiIBR5QpesFtIp6n','SYRQZMTC5eVzGkhb1n4Khkr2T5dCftLStg9ZeHxd5aH4AHuxXRYcW4mpPeyAgLtI','2025-05-16 20:14:27','2025-05-16 20:14:27'),(1287,37,1713,0.00000000,'0xi7GZKCBmucsUogBVMdeYX65pC5RF4Qw1oaxEgL8a','8KZFa8h13Dzu6ujINshR0IzL8Zf2yJyjTE8fJHgu6XItIPn0cMHpj4DZstAoTANJ','2025-05-16 20:14:35','2025-05-16 20:14:35'),(1288,37,1708,0.00000000,'bc17Q1YP2u8j9e2FL59yNs50pQkzreFD7M5b4hvxFjp','8NA2bM9Uu7YbERzRdYedN2YSxihDj0TqA1ztx8qltMwKHctWsNew8gvxhAOBFakK','2025-05-16 20:14:35','2025-05-16 20:14:35'),(1289,37,1709,0.00000000,'0x5TNw4pSCIA69Iq7KJEPDoHQhDbinv0jJHy24BO3H','ZKSlFgKs8LVVf7kPoqkIV49UD9z6dLSNLBn00PlUq48pW2Ge6Ecx9LLf752WLP42','2025-05-16 20:14:35','2025-05-16 20:14:35'),(1290,37,1711,0.00000000,'0xwW4SNm2LEu1YyjWghfK5gBVCouhSt9kPNkyVDuVB','nImBqaYxyaleV4vdEVVRNxrRsZgJe62gY7uAeGVBjmZpqXRrv1EHGvHPurobFgzj','2025-05-16 20:14:35','2025-05-16 20:14:35'),(1291,37,1724,0.00000000,'TcnphelEkjTQjurKeLcg0mLfrsFWV3K9Ss','Klu7E5oUrw25J7LYI6Ff6U61fYSSWrOSQw4GIiZoYua7IV41G651VcD5oz0RBzho','2025-05-16 20:14:35','2025-05-16 20:14:35'),(1292,37,2110,0.00000000,'0x6qCWR03BUhx277cUqnuRKLTnGFU3lye9tXGErxR1','WWvDxxsVP9PtFSm8Nxeq7KV0tsRgm76anq9zugtQrlj6VsWGDsljVmOUqT4U9xBL','2025-05-16 20:14:35','2025-05-16 20:14:35'),(1293,38,1713,0.00000000,'0xkyUGfcBdsFyotGzTr6LQudYQukAJ5ZGmghV90o00','dgTohh6X5x3bSyV1a9PtYqiqcBtYcHUSTj7rFOCtgmNGU2aGoeteZvikNGTmKc3e','2025-05-16 20:14:38','2025-05-16 20:14:38'),(1294,38,1708,0.00000000,'bc1mM0v5HtHbHXUTwurGzh8Vf21rEidmVkEWFAoBV0W','p5yES4pAnlcpXoLbYqGHfZYVm1Pt2eODGpC3TsVrKeTuUA4tVDNiRpEstYI2bKOl','2025-05-16 20:14:38','2025-05-16 20:14:38'),(1295,38,1709,0.00000000,'0xaxeT1wKBO3Ymr1W8tXuqUp2Vkw3COEZXrYg6A5fX','YXQKmFlEtSiXVEVKpV6JIMRfGfnyW4xhiGYUWvfKG2SPu0DgTGygUlU2fAPFroqj','2025-05-16 20:14:38','2025-05-16 20:14:38'),(1296,38,1711,0.00000000,'0x5quoCLA7NXfVuOn7W5ZGZBvrE04mw9yWi6i5FtCR','ffOLb3XuHBCSDnJMGHRobbTNdSukfjRlBd3N6tXw9PNaLKs5yxtQ3eAF0DULEfo8','2025-05-16 20:14:38','2025-05-16 20:14:38'),(1297,38,1724,0.00000000,'TUEb6XK3BEctUmwAK8FRXCEapU1ndft8za','lhZbrfJ7oldMFzSPnPDn6Ic4sH4mywGILBW5NaP796UhQehhy982VbD6AE53u0WM','2025-05-16 20:14:38','2025-05-16 20:14:38'),(1298,38,2110,0.00000000,'0xYVlA0qbcMrzoH3M6iboS78bCkKwIfKBRsgkRHYWl','CZfbQYan4z4km1oG0J8OSUONRBXQ8lEBI56NkQsbW8Ci32vC0SIqLDl5z43TOqMn','2025-05-16 20:14:38','2025-05-16 20:14:38'),(1299,39,1713,0.00000000,'0xOJ9BwEAjxkictCH8GIkohMaYmuCMGPzfahhxCsBd','Xn6D8mK3Ys954p1TcM7DwdgCCvkAVD27Cq3A0G32fpRkCIxrckC2Ml6UN02CApGJ','2025-05-16 20:15:39','2025-05-16 20:15:39'),(1300,39,1708,0.00000000,'bc1HVdyDRPlObTrFj9xzYjyKya5hgfNKCDp72qQTthM','Ni7b3RqfFrYRJVOw0bKLYFnie5zLHGcpWfjdegwIWuRQY1NgOMS6bVBUYO2aBqvW','2025-05-16 20:15:39','2025-05-16 20:15:39'),(1301,39,1709,0.00000000,'0xArM4wtRkpGx0MFAqRKq2YOTcOQAjUjNLQlcykRnp','VP6uN0gM2fARi3rmTuu4Twf0j3tXCYd3HVg5M4Ihi0E5qdDvDSIq5R4WB7xixfnM','2025-05-16 20:15:39','2025-05-16 20:15:39'),(1302,39,1711,0.00000000,'0xFqXqBHGrKO6eFkRrgDspUDnWkdii7IoRH7fZXogk','b149GdlJlBAopdtCj2bBmQGro4e4sONMH49Z9HFhQpnmwPjInW6QJma7a6VOP2ej','2025-05-16 20:15:39','2025-05-16 20:15:39'),(1303,39,1724,0.00000000,'TOHhkGZH0w7AcnmAElLT10PEwNFgggIZZW','tu1iBdOwyql0ais0iw6JAYAIWq0N4oKgcv4qORf3H89NflCafOh5mliytk5sAs0N','2025-05-16 20:15:39','2025-05-16 20:15:39'),(1304,39,2110,0.00000000,'0xuRVxAeba3N8zUNlrDiFDNj59NrmZnBw8mT6pqSY3','RmvpFD1Mbmz9wTNzCbR8voNiktTYkBdL2rJJxsMxnRTwBhckfL6JGQ4vMvtdSJQk','2025-05-16 20:15:39','2025-05-16 20:15:39'),(1305,40,1713,0.00000000,'0xZBgKmgu7PLY5UODNaIiBiRwY4XPE20dYA4YcxGwK','XSEnHI153UVvKoXJBwjmKE8vcvcMSikhVJyT4OZFj5QwKhGsLjPGPoXLgVph94GT','2025-05-16 20:16:06','2025-05-16 20:16:06'),(1306,40,1708,0.00000000,'bc1ArBoWUeKumCWy6GUTkLaq0ZGVGKGyhdbq0veQ5Ok','TJFxhsnPMbxf38HwlonX9BVd6g2nZLys6RCvQLBRE10O04dOjHqxHPyhJdfWdIFT','2025-05-16 20:16:06','2025-05-16 20:16:06'),(1307,40,1709,0.00000000,'0xpDPhDmEshTUVU7vpCvJ3f2qMvul1JZsB3p4ypC4A','58BdKYO3UkEZE6x4nXs89azkn1pIj2ZdbijUQyLxOslENjxgTh33lVsNDw0ppJxf','2025-05-16 20:16:06','2025-05-16 20:16:06'),(1308,40,1711,0.00000000,'0x3HMORAdXw8VorJORov8vnhNIl6KIEetB0nZg3zyb','9qkEQLAoap4l9KkT6MKRqdkHSwxgde9rqOGbR6timAUzrfD1WtCpbFRbbSyAzKug','2025-05-16 20:16:06','2025-05-16 20:16:06'),(1309,40,1724,0.00000000,'T56aleAzzTQ7NKnQdFVx89IO33a8MuSUVp','zGcX2bd77VYGOUOLnJH9w7F3k3FIrLbbEKKKsLIHm6HV29fKNrBszqISUCWotqCT','2025-05-16 20:16:06','2025-05-16 20:16:06'),(1310,40,2110,0.00000000,'0xR7Za3oUKohTg2FlJ6zYs3zbaAOEW9aDeH5t9Yu3y','OLsUVRmAI5TxchK5GkGUKR8WSBoNACwrU184NFZeyPlh3joUDiyvQtirr0tpmZ9B','2025-05-16 20:16:06','2025-05-16 20:16:06'),(1311,41,1713,0.00000000,'0xxK9CTxlvePxWHRufPcoESLmC2TOTvjs06tZLzB34','Mc2n09CtiyETGgKQ6pb41VEqImO5CNEosj8BIkpdBUDRYGXJCM4qmZjjJmUWBhiO','2025-05-16 20:16:36','2025-05-16 20:16:36'),(1312,41,1708,0.00000000,'bc15TewvievvInlzr8qSM5epurVi4TYTRxw62jkS33u','v8hqTPuYAEZIC9JtJ5uDFGMPigQEpb9Zdze8k8ilOkqciSVXQo9mjyzTXrKKdZnR','2025-05-16 20:16:36','2025-05-16 20:16:36'),(1313,41,1709,0.00000000,'0xrRUvGpTCKPTLHFYkHnrJJ3oVKdJQ5dwmLOwIPrck','8QJDqWf4kNrYvUfVkXWwC4YIeXLfKzp0R7IKWpeQZcvo010UL5giDtSaUN5LgHu8','2025-05-16 20:16:36','2025-05-16 20:16:36'),(1314,41,1711,0.00000000,'0xGM0mlLO5uIlLEnD416nEkdNSs9PH9kJlZQ40SDtr','MpAt9oNPxp6Cfuh9zhZuSXLlTdiiBs1aIYl3kRo9XNtDCyfOo96si4M48nq1obft','2025-05-16 20:16:36','2025-05-16 20:16:36'),(1315,41,1724,0.00000000,'T6zx1ao47vVkPtgHkWJG01y5hbfkoen9sw','M6JXl5QmnWSMtsUEWUXMLwmMQ4TromzTwpTYqIjD2z35pgGeKekMFdhtv8FGhGKb','2025-05-16 20:16:36','2025-05-16 20:16:36'),(1316,41,2110,0.00000000,'0x9jn2Z8U8cJPZrUOHAv057nPFh3ivc6G0L1FuXIY0','EkJZQtgS70ylCCxwhxQmaa7S8gouc4uBbIK7MxkAB4rHw9VRG2QRYZoaEySs7Fvs','2025-05-16 20:16:36','2025-05-16 20:16:36'),(1317,42,1713,0.00000000,'0xXKsdJpam1O3mZ6gNsmzZrTO6HnLT8MisUozWljHG','3JZwhP8tJSeDYhtXLsSEFIbpQJUW2Zpy4loAAhKXyPk34zfe59Dfawr4HvWVv0kP','2025-05-16 21:24:23','2025-05-16 21:24:23'),(1318,42,1708,0.00000000,'bc1VHxKuxOqbFMI7CbAERM2yHhtDKcOolGnGpYSKH0G','999P2g4bvp9IEwdt2HANYc6AEoXgypjFJ0bn9eilD3RMC3ynZ09XkLU7Seg5WOMd','2025-05-16 21:24:23','2025-05-16 21:24:23'),(1319,42,1709,0.00000000,'0xyKTwF08JJUBVjXgZDbCWybF7rohlaBBp6OavKUL2','iHUPkrR3ooqOvY6qcdPYdRGrYz0Z7pW8bdm8q9PcZxb2FkiCkca7e2Ya6y5n4Ab4','2025-05-16 21:24:23','2025-05-16 21:24:23'),(1320,42,1711,0.00000000,'0xwcbFToyiSXOHPwJwTvdcx52yGLzbkumQjPT3GCZl','LxxAV5zXQFWhC8MHRJUSXmgt2JxWAIgo3WJDjWdoxtxU3qBAd2d8NHj1H55ea5Ln','2025-05-16 21:24:23','2025-05-16 21:24:23'),(1321,42,1724,0.00000000,'ThWLYkV4Y4FbZJt5ViXaLivlpnfvcTtLsn','Skr1I3MO3r8R6TBmK8A0pA67NisMpDaDQxcANVpg4FZjepNHBSGRSjp6IpbBqRJF','2025-05-16 21:24:23','2025-05-16 21:24:23'),(1322,42,2110,0.00000000,'0xi193brQOsEdokwCG8V2m6NKapSzRKX4Kw0FPmihs','8FoqH4I4YwgS4pF9wf3xtm0Xm0zdMVEazx4OdZEoToFeREIAV2u5apD2V3KcpTiP','2025-05-16 21:24:23','2025-05-16 21:24:23'),(1323,43,1713,0.00000000,'0xUQkvtZ3NKwCYJmQbabgxlkbrBdMCIOWy2hJTxc1W','cGPKlxbIs7tCWbcj02MC5nSVOPrJ24Efb3YGEbGVcTWel55VDGa3V2AFKQGplS0d','2025-05-16 21:30:52','2025-05-16 21:30:52'),(1324,43,1708,0.00000000,'bc18CEXP9kFGChofDa2pzLB0JANIRMiYvVBK4iO6iaD','kylFqwAFXosyw2luKB1Ndj8TsShgiTBrQFeCDG5LLiu9LUo8RyvwUfWG0wepbqEz','2025-05-16 21:30:52','2025-05-16 21:30:52'),(1325,43,1709,0.00000000,'0x18mTgMXPP1g5j5rHnyDG2CghbzzSOQIJsJkxGC65','L6ZkuitiMS97RO3OgF05lVjpeqIytoAtLyNdwYQPhe3L0uKEXhdJ8zWfeZuDqtgR','2025-05-16 21:30:52','2025-05-16 21:30:52'),(1326,43,1711,0.00000000,'0xQkjmXmhjqA5Var3JUaKitpwNCXybMy1cf7WLFmp2','iaBg4Z3lX2iX2cNUkV4y6VecUT4M9K96Qt1ftDkKSvoUP3hGJWNn51Use8gqPKaZ','2025-05-16 21:30:52','2025-05-16 21:30:52'),(1327,43,1724,0.00000000,'T8qEAohOiE6o45KIFJXSUZIG5wpteINYTc','yzUzehtgJWlbq4eliwQmayYkUqSoJGzWm4omwxi1qPWJH7XroW567ZTAXAPv1Xlb','2025-05-16 21:30:52','2025-05-16 21:30:52'),(1328,43,2110,0.00000000,'0xF5ehQ72LBV8Ab5kfJWkK2HvTnMsMUL4zxTkC5wck','JErIGYxdNFPf2q0ATsRPczYXH41FA3AmUpuzx65PaGwDkgXPfUfSxwgO0Ny4a5DS','2025-05-16 21:30:52','2025-05-16 21:30:52'),(1329,44,1713,0.00000000,'0xOGTM51geqFpu1TrwCrE1gCUc4xjXUEifGQCcUoT6','qHc34h84vT9iDqsftmYs52JGZifl6Ox5C8qGruprxZCf8DHclyjwxsfKVGNja2iq','2025-05-16 22:07:45','2025-05-16 22:07:45'),(1330,44,1708,0.00000000,'bc1TpU9J3ZStG4On3NlKEzKprKu2Vz0ahDXrebSqqXK','yboVOClykot2l9a1gnUdNvTBhQGOJz5Ahb1GUevnhSuC6BLycsMBg5JpjmNfuYsz','2025-05-16 22:07:45','2025-05-16 22:07:45'),(1331,44,1709,0.00000000,'0xjnnJGtdjfYhQwbg0tidIRVlhjs77mc4OliEuhYQH','zhFIeCDIuGnKyOORFzLtAOZJle5W6XBqjqgJEvwrosOytovD20pz7kFtMO54opTO','2025-05-16 22:07:45','2025-05-16 22:07:45'),(1332,44,1711,0.00000000,'0x7H0ZPm89S3XS7EYTSc7c6QAm6wFag49wYM5yGeqM','1igIdN9soXzoZLukvtpkCWDtregyv4AUvIuBbXDuAu9M5UTGuFo5OUdFYZk3w5JB','2025-05-16 22:07:45','2025-05-16 22:07:45'),(1333,44,1724,0.00000000,'THz3fHSgpcYrmrc338NWLzCo2g9cC2itRK','5UvVqG5TDU5jV3o3FZ237QxYwUkDy1BIM076PbMK0jU9qUdNoIlZR5fxFZPzhBL8','2025-05-16 22:07:45','2025-05-16 22:07:45'),(1334,44,2110,0.00000000,'0xFQNsvOW1Ahyh4xxRFyg5eYIyfJuqinNygW6qpdQs','HUFpKRIRqpCnID09KlB18LdDsue3dXi4l93ypkLhENmE2ToljJcvCnXuNKXRznUf','2025-05-16 22:07:45','2025-05-16 22:07:45'),(1335,45,1713,0.00000000,'0xe10HTqUDPL6jLlZDR9wuKjJqXewb4MIEAksvTYR8','2ky1huwnn38L0973jO0PsgKLx3ysYR14KJU20It5hKQFq8FVEE7kVaM50aosoUeY','2025-05-17 00:07:26','2025-05-17 00:07:26'),(1336,45,1708,0.00000000,'bc19O32p7Qh3YFmfI7eajXs8MMWvhjwKRMUz29RWrRb','BYRLYr2Pbjtrf2g9kfcH2mRfGcc0WMwfztxO4WXwUDO3XycaLyyV4gevA01g0rW1','2025-05-17 00:07:26','2025-05-17 00:07:26'),(1337,45,1709,0.00000000,'0xqo7Fg2Pcjq0uLrEjlPbOOIDCXd8s49MTIP8PPZ4e','FXE29lWyrEzMo5UJ1VJttQ8ayUezgHfcaDpfPdtD7ls16KJMHspwnySaoPmcCkru','2025-05-17 00:07:26','2025-05-17 00:07:26'),(1338,45,1711,0.00000000,'0x8ZBPXmDuHZJHPXthlhUJtFqBom1BSLFPp7gRFT3t','jvCFRGpzAfz9fFy3QKXaw25XxGVjhywYZSfKaaRKONYIqQ3j6KXI6LUdKplk6rin','2025-05-17 00:07:26','2025-05-17 00:07:26'),(1339,45,1724,0.00000000,'Tt7jFIf5dNuAaIjcot0M5yixvjRIPqDVLu','FDrxuygXDSzDCOqNpFhYonj5RE0BFn1hXXjVbpp88yUTk5RVMo6tE9cjlEKgzTjN','2025-05-17 00:07:26','2025-05-17 00:07:26'),(1340,45,2110,0.00000000,'0xfIdcbscTl7wFLnYKPIV3yleK5FGbg1TNDWHP8Dp9','ssWtZ8jZFXQgEfbpkUjBOFYBLa1IsvOOP7NHHmBsH4WedsCAWp5xRYUTpumAJokc','2025-05-17 00:07:26','2025-05-17 00:07:26'),(1341,46,1713,0.00000000,'0x1RkmbWLzPWck1L78iDfJ3pjbRTir1RFVInAmGX34','9rtMGKVlsdg2h2KwldOzQZnLXBWtqN6Z8BPUDqS1WunJnuCJDsAzuXsgsTYfPreU','2025-05-17 13:44:39','2025-05-17 13:44:39'),(1342,46,1708,0.00000000,'bc1pI7c8CzvbkwkQRxoQOjcd7MpWVdTn9IAYZRLjBXK','CMdP6IwQzFnoPb8Ez2fknBmw3Y9S7aH08fLv9fdYGx4R965F0RmBUzBqeYSMrxZd','2025-05-17 13:44:39','2025-05-17 13:44:39'),(1343,46,1709,0.00000000,'0xZUMEU2uuKVxvuDBhTNWIqKnHtB1H2TDezp1vUhzh','i0Ejj84dU2SCOWTd4FrL7Q7xlcXMY5RTrjefODYEAuCEWwrwVXoKcRvHloiKwsXc','2025-05-17 13:44:39','2025-05-17 13:44:39'),(1344,46,1711,0.00000000,'0xohYGmjueT2ymkfQPpUALHNZFpQmDxUOqyLghlp9q','FOwl3M0MDoXUrMNhWwI0R8f9f58Li3U1JeiWBh5V2R4Wzl0a3hIpa2mHB7tvtZjm','2025-05-17 13:44:39','2025-05-17 13:44:39'),(1345,46,1724,0.00000000,'Tvrb535soB650bayA32DC2g1pwDydzHNUX','XZBkhIPxEjWVYwdAiSPOAwt13f8hmK9JKDQPRSYThbKvA8fiQianziPhpRDy1Xxl','2025-05-17 13:44:39','2025-05-17 13:44:39'),(1346,46,2110,0.00000000,'0xzYFTJqOlPvip1kiAUnDDJLQBJ0s1MmA3n8pkjwhn','b1mEa71S01J5bk66S4EcLUo0nyiHJHIFmq9cmLvo6nHOYY1eIWDVNtlviNCNxCya','2025-05-17 13:44:39','2025-05-17 13:44:39'),(1347,48,1713,0.00000000,'0xvRw2GfhmCGx27TlFAqoBJ3d8B3kBeXmvlc7RoF9L','h5xYNDjYYHrH79hWX95IjTjCfQ0IP2qbTocEEanQfNuo4TLuGsI3wv9nDHLqVsQO','2025-05-17 20:19:47','2025-05-17 20:19:47'),(1348,48,1708,0.00000000,'bc1lUavFSmIbOAVA5DguMA4SBxKmiLwbIfivi6QlnVd','tIkfzQ3jwuUQwesJWSkp6qie1ZLMSELcr6ANfBGuR0tfljMQEXRgRU5AmgnORylE','2025-05-17 20:19:47','2025-05-17 20:19:47'),(1349,48,1709,0.00000000,'0xR9t4dPyair2ejn4F43cDoBStC4DChZGzMRiUMbOl','wJuIRzZrooYdYbfLzC7oy4hYlieU1HymMUaT8CY8zv5EpQmZIcJJEa0Xi7mqxgj9','2025-05-17 20:19:47','2025-05-17 20:19:47'),(1350,48,1711,0.00000000,'0x0xbEvxzv4qaL0GYCyJqh14s09iHE4QBqNTEjkTii','Mtr4ylNwe7nSKvWmNFkKFx0GPIIHhAN7UOakEOYd5sYYbeZxKmuEDvbnU94cmSUx','2025-05-17 20:19:47','2025-05-17 20:19:47'),(1351,48,1724,0.00000000,'TLYeKHE7NZLf2y9OclvNINLm77I6jAgmhm','kRxb2Tv7HhY0cEcAOFgRPClyHOXQOgUj5Kz9GE9kS4bVyVIVF375wjgAGbP9HYag','2025-05-17 20:19:47','2025-05-17 20:19:47'),(1352,48,2110,0.00000000,'0xjP4NNjyqZgPSfVMkS1bajFvRSKGpwbbRR5KTDtet','RmROjk8j7N0y2LXPKls686tQsZwKZM3n4TdYNJG4ybgtcKtJYkqOPuo0Q92CQYo6','2025-05-17 20:19:47','2025-05-17 20:19:47'),(1353,49,1713,0.00000000,'0xV5AQ9b3IPJx6PnZ5OqlrOG0GFEdKUGECm4DCwgX6','rCqqQPAaKz7O8zFCyJ7otAvfBaDGBIDPQeDo0w01K5wU0yKL71ZS0867U8LPo18Q','2025-05-18 00:12:23','2025-05-18 00:12:23'),(1354,49,1708,0.00000000,'bc1jdvLbJNuWTDUTZMxjLgYridtvFp4gblu4TsnlLg3','fjTd9A41rQq1aiL8AFffHTKkdVThBd2GDcHLK06gcqRn0j86NiJwoHSlhZJoXTzl','2025-05-18 00:12:23','2025-05-18 00:12:23'),(1355,49,1709,0.00000000,'0xVGpXnDyR1sZE923IMJKYyH2Yy2zMaUMngmFpIm6x','vdAiOhiWGoWccbZziZE5hQVHpOcxfWGfKc3kc7ZGkmrXev82pNgqVdf1rbW3odN2','2025-05-18 00:12:23','2025-05-18 00:12:23'),(1356,49,1711,0.00000000,'0xhrKrzLoM7H8QpqET7GYlIZAkkxQ6FxTu0cTKAk4h','2wAuCTU5hqJNIfwr8goA3AW1knJa4oQx1Sdz4uFmtIvXLQgb4wsANT1tWXTnkYHP','2025-05-18 00:12:23','2025-05-18 00:12:23'),(1357,49,1724,0.00000000,'TxoGAb6pcWKCE4j6pughXjNBL9gLthRc1C','Q4YvaTcSwvbaOfSFd6PL7lkOOzroY8GWMGoAO4hENeCFwSBkEPRlj0mh18cHVMBr','2025-05-18 00:12:23','2025-05-18 00:12:23'),(1358,49,2110,0.00000000,'0xRccm1Sg9aCDkodM8TEWZBMTuTfIm6N5UoQQcjstR','87tZJkaYKvE5D8ZtHJRWxZppbYyua6p9z0XUbtv6I1ZEj9LK3TZL59CwfipOnBM5','2025-05-18 00:12:23','2025-05-18 00:12:23'),(1359,50,1713,0.00000000,'0xDfP55I2nT4zecdGrxXh6H8YB9LZeD5pGQ2WG9EWp','3kv8QsGg3SkG2mc5qhNu9kq7zjxIBNJcgKmRj2uU9XZrKKILym0h9mjwTL6VfnOg','2025-05-19 01:20:47','2025-05-19 01:20:47'),(1360,50,1708,0.00000000,'bc15kRs4pfmvQ0oNLW0BZanUBHoEjnC5e7kMwJsUcVc','yKXIVIaPxv0ooL42zo4WbGKj4hKquUhnrJ5cV5nJ8zUJemqy9aF9sUccl7GSwV6j','2025-05-19 01:20:47','2025-05-19 01:20:47'),(1361,50,1709,0.00000000,'0x3g2zFeGfMT9McoTrEymKzTPkS2lVElsWbSctbwDF','vSxSlPc1BpTB4AHDIZcRmLMA6byKCCCW8yGZYYYVq67mFEVLNXDC9avbEjsAS8Da','2025-05-19 01:20:47','2025-05-19 01:20:47'),(1362,50,1711,0.00000000,'0xeMmv42lSBVuvnCyhrngEOmkbYnuqZmLngqblLKyC','UXx1ueaHfV2TLeyUrbBDgvXhg5JjlHEJQTpkuZvGloc9GTujM5sPc00JOWfbPtzz','2025-05-19 01:20:47','2025-05-19 01:20:47'),(1363,50,1724,0.00000000,'TmtQ23GEBuBCCHrGorknR2g8f05NYi0avR','Ezjuk7J4i1jicnaRPvb9Epl7JPLbgpfNQyHYQMP71tDlnT8C7YtjH15L403ysa5O','2025-05-19 01:20:47','2025-05-19 01:20:47'),(1364,50,2110,0.00000000,'0xa7qRATzp2y94BJNgk6uUGbTLv7CHwoynApFyBK5F','x7Pw6I3SXDuQA9kTUQQK9dJpC7bUhYTdqjhKHYJXzP2EHhwGDpn6h7da9WxktwGR','2025-05-19 01:20:47','2025-05-19 01:20:47'),(1365,51,1713,0.00000000,'0xew8HUBEyqoSTkVlFPXsA4r0MCkoF4pqBsy6wFt8x','3i8rq3AvDZ2ZTTKLCf8reMlFPhhmpVfXjHcfphSIniYbCeok6C0WWxgVu5BU9tbG','2025-05-19 22:13:17','2025-05-19 22:13:17'),(1366,51,1708,0.00000000,'bc13MxyGMFPgt9oD0rf4KaaIKPEQreye729atccWJGg','wXZgUO2NaPbH6beGXswdTmK1JkAnCUUrmCFhKKyQE3rPsnJzqur3wc4YoiLUb9Cp','2025-05-19 22:13:17','2025-05-19 22:13:17'),(1367,51,1709,0.00000000,'0xfAj4n4Fve51uOvm2lATkUiENU2qzmGV5GaSmH24c','ELiZEru5hH5N95nqgf9MmPolYeJimcpfCBWZouzwc8tn8EAl7pAVfyC8hAwyhRYH','2025-05-19 22:13:17','2025-05-19 22:13:17'),(1368,51,1711,0.00000000,'0xC8OXVqvghEghrBd7CyNgO6oqDpzSaenwWk455tHa','SHU8JZFWw1m0viV9I6gIDr9XlbRrocUiHKKflLYTSJUjFGoBv4jxQ9pGcpZ68oIg','2025-05-19 22:13:17','2025-05-19 22:13:17'),(1369,51,1724,0.00000000,'TDuD5ak7TJ9dN0O1utSUe3f0tglvzUEVB0','lXeJgQd8IGtFjGU6417OqV2NesYfwCCdTDBEkDfa8LHosKboLvhRYIuHDTvN0lPD','2025-05-19 22:13:17','2025-05-19 22:13:17'),(1370,51,2110,0.00000000,'0x9UqSyc1d8xLCxSvzqIGPuhdshtVkmnd0S3VRoKoM','as9YJ9k2SdsYY2f08jIOTCYm8v1egQc8xQaJnrjC0AUPmMF0lKRSCXLeLArrdZXK','2025-05-19 22:13:17','2025-05-19 22:13:17'),(1371,53,1713,10.00000000,'0xkqiRVpAzEj9ouzF5EOgKjiKyQyr3y4oJ1l9OoZP7','h3WaCiXqTldk7x6M3WRP2BRos1E63d6htvsiV7bIRJwmf97ewCQSnifphrM3PivW','2025-05-19 23:27:11','2025-05-21 09:52:20'),(1372,53,1708,0.00000000,'bc1Gl8DY6OruPqWEa91uW8V2WM1NOIlNwdZ0rQeyiBZ','2rLGLz4AjzlglWemmVR2KGsJNoXABHPSz6tv3sdfVvz7ctC5vs831tbYyt2XKgFD','2025-05-19 23:27:11','2025-05-19 23:27:11'),(1373,53,1709,0.00000000,'0xjFApiNbwInozOhUszik5y0NuYirVv6M9sygm4qDk','qh4zHxPU4owu7geVNAVFPWVTJ52IcZoXKnHfCpYHjBy0JnYPlTqATlov0SuSFpqu','2025-05-19 23:27:11','2025-05-19 23:27:11'),(1374,53,1711,0.00000000,'0xFFpaCGsT20yk5obQeD2c3YWZcuqvrkElhR64tayv','UZen0vXTMFWgQkKKM0WAnxagD5fre5BXVD26HZQdK49xCK82K4qX9OZaGMeam1Sm','2025-05-19 23:27:11','2025-05-19 23:27:11'),(1375,53,1724,0.00000000,'TV9S6AwXpalFLAfuiNzq20hPLdpOjKZzVO','efVjL5NdDeLlv0eBk1GmRNTZDRbUYkUG6lEY5sHQnfp4fFfnNZijzR5ecRWijN8t','2025-05-19 23:27:11','2025-05-19 23:27:11'),(1376,53,2110,0.00000000,'0xqrN1VDcdX8XQuJcROWqOHQ7ow6UjUlOcZ5vPg9Ik','4vqUn8lSpWihTvduVFHfwgy2kfe58X7AR8pbDS01z6emoBshFak59oq55vT1VEtW','2025-05-19 23:27:11','2025-05-19 23:27:11'),(1377,51,1862,0.00000000,'',NULL,'2025-05-20 01:06:00','2025-05-20 01:06:00'),(1378,51,1710,0.00000000,'0x16K78v8L3Cx6Z7WbWuucDvXZrGYzsHlzts7vP1Kn',NULL,'2025-05-21 02:53:18','2025-05-21 02:53:18'),(1379,54,1709,100.00000000,NULL,'jaoy3n6PYhJ098EJ0h9MqaDOmYRVIbWq73BRk8PWYQ7WLVWpd8HTclf2bOsTZy60','2025-05-21 10:05:16','2025-05-21 10:05:16'),(1380,22,1710,0.00000000,'',NULL,'2025-05-21 10:22:11','2025-05-21 10:22:11'),(1381,22,1713,282.74207118,'0xiHq6wGhpCZApDVtLZkMxJreVSQaaqxuFFOktJsLT',NULL,'2025-05-21 10:30:22','2025-05-21 10:30:27'),(1382,55,1709,1.80000000,NULL,'ZGpHdMFTgE3jCGds4TokYQvrniwh3R6JfC8uZxBiYtQturnJWEULARc9ctClO9KR','2025-05-22 02:22:25','2025-05-25 11:00:11'),(1383,55,1712,175.24570000,NULL,'jNnsycvidOU14KKZ7pp53t1wYH89oqwZouLWDVVRycak7HMOTDM6wkABhUEly6TS','2025-05-22 02:22:59','2025-05-22 02:22:59'),(1384,55,1862,0.00000000,'',NULL,'2025-05-22 03:38:28','2025-05-22 03:38:28'),(1385,55,1717,0.00000000,'',NULL,'2025-05-22 03:40:15','2025-05-22 03:40:15'),(1386,55,1710,0.00000000,'',NULL,'2025-05-22 04:13:01','2025-05-22 04:13:01'),(1387,55,1711,18.00000000,NULL,'hagWR6upZF1y6kR03LhONO9EiOu1K6wDfQMB6V9MjTe5MtEcfzYs6rgjiUiojGtk','2025-05-22 04:13:42','2025-05-26 13:54:16'),(1388,55,1769,0.00000000,'',NULL,'2025-05-22 09:22:52','2025-05-22 09:22:52'),(1389,58,1713,0.00000000,'0xqUcDj60pEXcpwRuTCCcOGdmVjOZCsvutS4hndGUA','xKmaTxVoqTHx1B94fXEYtv1PpfnGtl0zxN03OzU18dm1QOp6SrLryKrymVuD4uCl','2025-05-22 09:58:32','2025-05-22 09:58:32'),(1390,58,1708,0.00000000,'bc1rycxlYmHlyv04vEWovJqvy5qaAG6fTZG4bJuc5rV','GEM6PZnMHGCA1xKLP3DlD8ojRn2ForG1wXTN6HRP62Hc77pcrdV9rKuReYScaqRK','2025-05-22 09:58:32','2025-05-22 09:58:32'),(1391,58,1709,0.00000000,'0xQ5IAPA8Heau8zltUNv6BbR81VjCck3UFKfbPwNe0','y8zSfiRTUdM0jtloSVKd55WyHdikduV9rmzVCIcraVSMDtJh0XkhDC9AuLBllfI6','2025-05-22 09:58:32','2025-05-22 09:58:32'),(1392,58,1711,0.00000000,'0xCZhtVNfMduCtwlAPnoVGuVo04gFyQ3xadvUzdnmY','uVwGegwAfWN5xjhGxmvBwlGLgmsqEEw9Qp31lssLNXgN18gKqHe11X9F2ZG5h0vz','2025-05-22 09:58:32','2025-05-22 09:58:32'),(1393,58,1724,0.00000000,'TYkG5O97882etsTNlKwqbcyoFLlf7bbNZm','1nENM0Us08Gh0l7EEHoxQ9ck0MXiCzHbg8h2PiYg6QwErQe1qvyY77CWlf3EFjLk','2025-05-22 09:58:32','2025-05-22 09:58:32'),(1394,58,2110,0.00000000,'0xqJiTpBj6njq1n3y50NPWEN7gRH0yKVxAJxULskAp','y464eCUq8R1iF6ZYxeQRrKhR7xhqvMJ4EwM5VQ7gd0Fy1ZFt0b1JW7dv614bFUbV','2025-05-22 09:58:32','2025-05-22 09:58:32'),(1395,59,1708,0.00500000,NULL,'VDfCEYG23UA2YvSTYZy0pyq9KZqEFTtXMM7fgXZeDnPAdjIZYD52DnolXWSC5CY1','2025-05-22 10:55:56','2025-05-22 10:55:56'),(1396,59,1709,0.50000000,NULL,'6UFzQDoRPLljZLLIcUHNcVQxJHmKBxvHYZJMRWfxZI98zkrbn1OePVDwMcYPVfpk','2025-05-22 10:56:14','2025-05-22 10:56:14'),(1397,59,1711,25.26666000,NULL,'ezVl1yLfwpkkOL82Wd4fBAsAkVO588TCvyJJvOF6caXa1yqAcSMSC0leJVWwAli9','2025-05-22 10:56:37','2025-05-22 10:56:37'),(1398,59,1712,102.00000000,NULL,'99d1cKyRA7XCw2Gf6kxshB5hDP51iWgXWzqfiN4YJUxxoAZpY0CWw7c6BS9SnFoF','2025-05-22 10:56:51','2025-05-22 10:56:51'),(1399,59,1713,15.00000000,NULL,'O7u2CAwWHOVy8quw55RJG7En6vgguF0zQtBhf4cdmgQYSp2bKcK0CzMN5sFORP7i','2025-05-22 10:57:06','2025-05-22 10:57:06'),(1400,59,2110,1100.00000000,NULL,'aNoCpkGFS8UkzTfaNCNDrJZkD1qoW6IxUVX1Ht3z6Y7ZhGMWgKfwFXH9U7mdDBCn','2025-05-22 11:53:20','2025-05-22 11:55:59'),(1401,60,1713,0.00000000,'0xiT3WOKAk8lr4JP7ga6HO7fifxL52Hr8oFWJyVa0h','CrUYdxSzu4oVhzi4U3Oge8E0kTvypByQow5v4jQRfPoJVXKlOpsI3RuQeveEcsvv','2025-05-22 12:29:17','2025-05-22 12:29:17'),(1402,60,1708,0.00000000,'bc1jgobbg1uuYdJgd8R5DSV7O397GvFkoiyqKOWptR5','dp0t6nuIF6Ydar5Bpyxrfb3w5EPmGJg4OoenEX5WeZzUT0jE5augxrsivXj1oaGf','2025-05-22 12:29:17','2025-05-22 12:29:17'),(1403,60,1709,0.00000000,'0xJUNLvS5ikq2KMuMBTH5aNuANWb6czWxpg3VWsHeD','q3bPeyjfkoCJT5GIcS6tpSW4xegwWtUQmjZFjrj6hlOhNnRzyOBFcYE036ntG1Fp','2025-05-22 12:29:17','2025-05-22 12:29:17'),(1404,60,1711,0.00000000,'0xScj2OabHJsXC4xGIscaGdiJahfCJiBDTYdOMEAqQ','GPAkbqWmTdTzf8620ar8VGueJtIovKhdrnzlDQKgIAPHhnTkIPCGQav9dWdz242r','2025-05-22 12:29:17','2025-05-22 12:29:17'),(1405,60,1724,0.00000000,'TGL1Y0APHeRdyCiPiNPGvsQp5zykSwJn6e','cDpJlmn29xZdqvECApQIEEeb6KLjcZqvDhujEoZda3vc8eF05A4SDs1YKrkpkNkz','2025-05-22 12:29:17','2025-05-22 12:29:17'),(1406,60,2110,0.00000000,'0xUQPdny2NtgdBXcEC0QWMFneYt0OxRkCS40vhFGKm','aZy3r0RFO4MKj0n8aJOBJDAbPwbcZkBAvve7EnT6dvltE89uGKLAW1WV1L8yWZjh','2025-05-22 12:29:17','2025-05-22 12:29:17'),(1408,61,1708,0.00000000,'bc1jupjzV3rmEbEAAgDg2RzRRtEO1pBDbvSkePLlV9L','9mOplqyTkspZHb9oXC4pdOXtod21DS9yWHd2XbhnyPWoUi3FlHrQUgIdxCMUt9YH','2025-05-23 10:19:52','2025-05-23 10:19:52'),(1409,61,1709,0.00000000,'0x1NxfDX9G2e7cchj1FpB1yBOeILuwQcOz56sv4T6D','vqrXJvxx2wBUjhaX0mV9hVXyWxOikqe56WItIVuFZadcoI9hKTYgGLxsq39fCPNj','2025-05-23 10:19:52','2025-05-23 10:19:52'),(1410,61,1711,0.00000000,'0xKIRNOJ5AAmKZu05CwBWOUTEfccfxcqeD4pAaSCBy','97hhacbh7KEoCMoAkKfT380w928PsYgSM5j44pHxABq9Xj9ZqpLCYIX3GBY3JjOr','2025-05-23 10:19:52','2025-05-23 10:19:52'),(1411,61,1724,0.00000000,'TEgJnO0fhlJ7XP5nahLN0jEmsiXkkW2MW2','JLLnpybMtOT1p6IV7WgZ3FV3FTNRmWMnFAO2ElzcbtAgzmA1sJJFlpsAUuxoltCC','2025-05-23 10:19:52','2025-05-23 10:19:52'),(1412,61,2110,0.00000000,'0x6i5eoS4TESs9EzMtWDjcbI0KpImTiqVyU5O9hvGU','cPRVLAPJxETVkfcsgAqRN4gAR0VWQH1VLpsRt0ipFMumkn5SSGGVr21GUVQDzhlI','2025-05-23 10:19:52','2025-05-23 10:19:52'),(1413,62,1713,100.00000000,'0xiQdeeBndlR1zCN1ZWbJqgSg956SR2nO1cNQ2YqEw','5T1hfF6g4rxkTJahD8A9okijPmvDFkA1xwwBSamMYv8ufH8coBhJoCoyrxjMl6GC','2025-05-23 10:25:15','2025-05-23 10:26:56'),(1414,62,1708,1.00000000,'bc1Mi0KX5LhBgI0OHjecUhSL6edEA3ANPsyF8VRMlol','LWJJ3HQ8CGYVTCYyzIwEb9lpztPTvm6eIeRLx2vGYkIoIVmwblGCM2rfGj0YyOWq','2025-05-23 10:25:15','2025-05-23 10:27:32'),(1415,62,1709,0.00000000,'0xPIQ7Ikp84H14AvaGqFN5Q0AMA2EHTr3N6qd4lICc','DfvrcKO5mE90as57g306qqNZmHtHV90CT4aFV1NQeaslClUJ07hE9sWWznrXXYzE','2025-05-23 10:25:15','2025-05-23 10:25:15'),(1416,62,1711,0.00000000,'0xGDD3ftEd1Hf57ZrnwZ57hk5rO9dRyWXjCGDwWEWp','tn5cr44BjXktBEXfclgiNY2MFB4y9vRjSKxclaJqYxk9dU1PZwxRtheHA4uCszvd','2025-05-23 10:25:15','2025-05-23 10:25:15'),(1417,62,1724,0.00000000,'TF3Etwog2YQsDUHZY3JgnuT9jtiYXe4oU6','EGXgJXcBYSkCQMKBOMTIvSPbi7Dd8x2BMDqLYysKpKZJlihOTi3GiCdpEy7Qdpvs','2025-05-23 10:25:15','2025-05-23 10:25:15'),(1418,62,2110,0.00000000,'0x0C3r6thw18OgIxO7lkS5Vq3fm0E6MzOcM9aO0A2W','fdU0wjSk1X3Gn91GnowljjXqg5yRzhTX8eC3CdpCbD5fsEsgGSTsWtmhtKBwgDvn','2025-05-23 10:25:15','2025-05-23 10:25:15'),(1419,63,1709,0.00000000,'',NULL,'2025-05-23 10:33:26','2025-05-23 10:33:26'),(1420,64,1713,0.00000000,'0xJQwB8QMd0TCAnKQfJTI7pG36I15CtnvfKam2oEW9','RqSKsp6HhDuCnxrYAcefz7K7jvfb3dSTBW9Kfqaj9ChkAX9yS9FX221VNUIMaPDI','2025-05-23 10:46:51','2025-05-23 10:46:51'),(1421,64,1708,0.00000000,'bc1JRti2AJHjt4ih9vL6Yf9qpbfWjFTi6RQY7729Cty','gQ0BAPhlRnLrUNeSvgpN7ZsJWyehueD6qKDT2JHBMIOvx2fZNbwD3TuADtOdxRAI','2025-05-23 10:46:51','2025-05-23 10:46:51'),(1422,64,1709,0.00000000,'0xxENeb1EeInzQuFxCKEycfU1HdaRqm1IbsTzgztpF','ADBMUvhMrNtgwskovfieFjUXBNBHed0nVzexIC5UGx49XKQzwzlFLG207F29NGBD','2025-05-23 10:46:51','2025-05-23 10:46:51'),(1423,64,1711,0.00000000,'0xsteG3IZ6ARVMPOfxabeKKUWZbbeu6s7Wa8zoCHBI','jUaeMXbic0OO401KTpXdEQg8HMOt4a505Xy17GIZVjDiQILRU1V7kmCMDwWlvPmu','2025-05-23 10:46:51','2025-05-23 10:46:51'),(1424,64,1724,0.00000000,'TM6WHGXRogFxyDVcH9nmaPO3nii4515fWH','9uS6G9I8krqRcwlC9GZYRfbTGHjVjvtCApfeFhzyNpwky3tbc4nBc6ocrCHlCwYK','2025-05-23 10:46:51','2025-05-23 10:46:51'),(1426,35,1708,96.00000000,NULL,'jKvwYe6Jr4ThZ8tNWRWq2SlEktOffQX2RErfRNhdzBcriXr8xsne5AC61bqo5Bui','2025-05-23 10:59:25','2025-05-26 12:20:20'),(1427,65,1713,0.00000000,'0x1LUypPVfgZtiqIOlb3460tt1rPBQV6xcyLziGy6D','gEeNDBkKMWGzbhYtvcveAVLpV7QWBaPj9yQCVKvkhzR6BifJjaA8vkgyLWYipThw','2025-05-23 11:30:25','2025-05-23 11:30:25'),(1428,65,1708,0.00000000,'bc1evtPz9j7QRz6iepOdBvlqdxg1htBJ1uFy9fSiVFv','QcqDrUrtMSc72yPEHFiSHzNCjvpvrWJqjW2QrZrY4bfsthaCtFlpSA5uquG5JVrj','2025-05-23 11:30:25','2025-05-23 11:30:25'),(1429,65,1709,0.00000000,'0xbVAtaC3jl2IOfLCRl7h5BnKYCeCDJJjYuqw0e6CE','OH8UgoAyhtmyvBJ19u0m8fsparCYvk70U72fgYxzBRUqRvlUt2JujZa6Y9Tpl1KD','2025-05-23 11:30:25','2025-05-23 11:30:25'),(1430,65,1711,0.00000000,'0xdsKWceJSpxSziFxGSGgV69RDhav8UQPKWBmK8iuM','kveJyUfCvq9yr1vxN5TOYTPWG5joEhfiAqT1OWwD1LcEWVCJMOp5sE9I8HtISTMs','2025-05-23 11:30:25','2025-05-23 11:30:25'),(1431,65,1724,0.00000000,'Tst5DanQFZTde8I60lriEgN0v0BrnxHCIq','BpEZsLueGmzbHNKE0ucPLk4KyQ1lBzGAUoDnUth6UzdGwtEjYuu4czcWKVI9sMFB','2025-05-23 11:30:25','2025-05-23 11:30:25'),(1432,65,2110,0.00000000,'0xjz9Tz809Sp5Nj36GsE3YTSogj4aEWyVhe2vVykdw','8RtBsp8zDxtzKH5lDklOig6bxiEJde5j2GQxF3OgJxMHj7Fda67j8WrnsFVmVvoK','2025-05-23 11:30:25','2025-05-23 11:30:25'),(1433,68,1713,0.00000000,'0xw40l5MxYbgH7DdiejMofKnse1pOL8u5SwQ5u0JdG','FEmN7GIxwhD7sd9SlgRHoOMLytZAiO0wwMuM1MKSje8XvocfqN5XKCtS799puv0E','2025-05-23 15:15:33','2025-05-23 15:15:33'),(1434,68,1708,0.00000000,'bc1dCmMvqgWnMN3LAh3yJEwLVm3YdnWVhOk5CyojPsX','qriFog9GVaUzNyLcDPBo7r82wbCGJKP2f7Zx4YkA4y3elj4KFjQbQ8SUuj0T168C','2025-05-23 15:15:33','2025-05-23 15:15:33'),(1435,68,1709,0.00000000,'0xEQEB5Hj96u5BrfK5INupAYMZ44L5NNJYo3LmUA9a','QCWr5Rfmgfvwt7XrkFrvQtqLZIuDRzgkIL4dMGoXPVBYxOJAfk2tXvfLcfYEj2hJ','2025-05-23 15:15:33','2025-05-23 15:15:33'),(1436,68,1711,0.00000000,'0xeaR5pkO9xRx6unpuKCSFsKkU1ThGE4QeP3MUxh0z','OkC5DFayvG2sNaMAX5Z4atpJk3m8Dr1i3ftyKEkVQkhxYI8u2Hbr0IZ5E4tinGMf','2025-05-23 15:15:33','2025-05-23 15:15:33'),(1437,68,1724,0.00000000,'TWuWXxidQvuL4Sq28jou2Im3sIIGQm0gF6','YQTGdP37sAmCMRjinhG9wtE3YV0XgEdTyOdjx1KqlbpEmOQRVQ3JEWP33FQInexK','2025-05-23 15:15:33','2025-05-23 15:15:33'),(1438,68,2110,0.00000000,'0x684sCudqpM57ag5uEoxhuWOfxmBWpNqcZpEudIiB','9GOoWkdzIaQH8GuMMj06ryyHuxD9mY9Gw3b3DcDnowWb9ChYdI7e0VGyRRa7PnFq','2025-05-23 15:15:33','2025-05-23 15:15:33'),(1439,69,1713,0.00000000,'0xDx8GmZYNRzdQM9saPyOj6AHE6am0OMvRslqX1SrT','dHHMTuDR5KpzfjMbVzN75n3STiplslqBeNue3CamrdtIZxyIigqSXmI7wMD4DWV5','2025-05-24 03:33:31','2025-05-24 03:33:31'),(1440,69,1708,0.00000000,'bc1srAHHVeQrdftaM3GEUD9ATRZUGl0UijIKi8D8vwm','Wf5EYMxY94RRUGlHtgkWhHkuNvM1imrVP1ZCSXU9JusrMGkl7kNp3UvKiRUnd9L8','2025-05-24 03:33:31','2025-05-24 03:33:31'),(1441,69,1709,0.00000000,'0xN5pLLcibkN08R4xjVHZiHcTSfFNGOGItNA5eK2WN','hreK1VjNhxDWEC9cB93KEwwYlbJAhj2kCTAjEfkt7kmUmdEfB4BegG5nYKFOxmGd','2025-05-24 03:33:31','2025-05-24 03:33:31'),(1442,69,1711,0.00000000,'0xC4Gxp9Ntyy9yvAO9JnsItxO2VcqOOfLdrFKpcF5B','32nCQh5NReTpZ3gsKRYAgPlK7pao4eAUjlhjqMt7Qy94Fb9ZQmtsLU6Oj8idygKe','2025-05-24 03:33:31','2025-05-24 03:33:31'),(1443,69,1724,0.00000000,'TNOcYfN9jCQk9qayD7UW1dak6RbMeVmyvx','IYlv4IaoRXwFacFwZg2YLHYCF69o3qbcLQTZbSO5Z6Xa4HwyRhBm1XNnTILlO5xh','2025-05-24 03:33:31','2025-05-24 03:33:31'),(1444,69,2110,0.00000000,'0xYqlitsXgXpCFY80P8nXEEVFCzRUtFMnQokatCILo','lxMO5CxbT5gxuaf79T1fR58hC9SGhC3jl9Gc4EtHFcS86SKufXAMoPKA123Rcy4N','2025-05-24 03:33:31','2025-05-24 03:33:31'),(1445,69,1714,4.00000000,NULL,'EbIlC0uLJxhy5QRXZApQUXWYKZeVmZ3qHP2dcoGTbPGmC9PTpyunOLrgVGgo6EfA','2025-05-24 03:42:32','2025-05-24 04:34:01'),(1446,69,1862,0.00000000,'',NULL,'2025-05-24 04:30:31','2025-05-24 04:30:31'),(1447,35,1712,14.40000000,NULL,'Fgsv2la12WHLCIu0KZcmPbqxFr7X0VPiVW7N6SUpD4bbPgSGkfLS50yXf7HNfmJa','2025-05-24 05:24:18','2025-05-26 12:22:20'),(1448,35,1714,0.00000000,'',NULL,'2025-05-24 06:03:22','2025-05-24 06:03:22'),(1449,35,1862,0.00000000,'',NULL,'2025-05-24 06:03:37','2025-05-24 06:03:37'),(1450,35,1710,475.90407400,'0xzHgUdPLjJNd5lfng5ScOf6MBgg6KczrlF1ItKx7R',NULL,'2025-05-24 07:33:02','2025-05-26 12:22:31'),(1451,70,1711,100.00000000,NULL,'Kyk4mhezrwkwVn7YgDJPPfiLxcAtWNzDIjelRFzgvIBJ2S78EhfI6pXisL180wZP','2025-05-25 05:28:20','2025-05-25 05:28:20'),(1452,70,1708,0.05000000,NULL,'Xt3VVZqxRXQzuyg44b95t9vCvH4Lk4zaxrr6AaR6HWLqU0JsHvPJhDF3cNus5NbK','2025-05-25 05:30:20','2025-05-25 05:30:20'),(1453,70,1709,0.30000000,NULL,'2W1DWwMxi7yorE4p99BuziMMc3R1Bbgcyl0OsqIMXAKwNHTXOI1ut3i0oCWb6R7E','2025-05-25 05:30:35','2025-05-25 05:38:57'),(1454,70,1862,0.00000000,'',NULL,'2025-05-25 05:37:30','2025-05-25 05:37:30'),(1455,71,1713,0.00000000,'0xaGmI8Yd3gKVsmW41veOeBB3Ium2Zh1IgSACoQ8Rt','81KbNzRQ5hxnbZvQwaexcvn9VW4ZK9LaPTipl4btAkFAvU4pdtXbFeLa1WDgefbW','2025-05-25 06:20:52','2025-05-25 06:20:52'),(1456,71,1708,0.00000000,'bc12qsWKMb8YVWq88t2eRzTU2EA7zPpSXC0fYaWhhw7','5vlEyOp5c8ELlv2bUGLO4P13r9LjleOLyS9kjrDTSVfX0ocAqxqYBLlUX7f4KM3f','2025-05-25 06:20:52','2025-05-25 06:20:52'),(1457,71,1709,0.00000000,'0xVfkEbUWSsKhAHfx4OptNuvY37aL4B9n6f4DeB5nF','ndfmJutr43GEHVmqWfyEUzLgr3ytEoBSBGdyJNXl7X2Zljb01Nk09SfHlSFOtJNY','2025-05-25 06:20:52','2025-05-25 06:20:52'),(1458,71,1711,0.00000000,'0xB2txTK1t6WBvJp7QKXvJdpzVLRXfnROwqRQAZahn','Og5DXxNCNB2PxxjwwZnylzfZGDeCngC5lXxRUu574OuWELmwUuLtXBNIZyH4t9j1','2025-05-25 06:20:52','2025-05-25 06:20:52'),(1459,71,1724,0.00000000,'TIgwgpf2Hs4Vxb28hiA5em8EJlMujeETBm','DJuMSrcpgD9feJLouvkRMBo0RPTDkunLEJrazuibOLjikcoR1uOFD6dl3ZTTuPMc','2025-05-25 06:20:52','2025-05-25 06:20:52'),(1460,71,2110,0.00000000,'0x71dK0J3U5jwB0SWLYEQlIyYy4hbTN3U3Y0x1aA1b','nTnr7A0whzoAdkGoZN6P26qq6ODapoli7OaraWnGwyCCC6mik8X32anpyJLNNgAR','2025-05-25 06:20:52','2025-05-25 06:20:52'),(1461,35,1709,0.00000000,'',NULL,'2025-05-25 09:23:23','2025-05-25 09:23:23'),(1462,73,1713,0.00000000,'0xVRk9StMAKnSckrkiIKj1Dheaxf0SBmX1WOmp8PAA','BuZIc7uaSxIUGhXgROwjddmueb2vy6snVEnLoHTA7RMtdwxap2n7EcTIFJThlapA','2025-05-26 07:54:18','2025-05-26 07:54:18'),(1463,73,1708,0.00000000,'bc1ctF19usQuAmu024QYc4371oFwMYQ8OH2l5YktMpW','mUBPS52bKai4PbqxZ0XAPnBdZSurU06UfVKNFFh7uBnmYtdL8qjGgfkQ6oGsUBK9','2025-05-26 07:54:18','2025-05-26 07:54:18'),(1464,73,1709,0.00000000,'0xDto9H4BLLfpv7UhjI1fhhhxW9mDqoPE44hWbW8KZ','Dd6EWd1Qck6RwUWaxRVfYDuCiV0uP33usG4fk0X4zG78tlOxxUrLqwxDTYXZ76sE','2025-05-26 07:54:18','2025-05-26 07:54:18'),(1465,73,1711,0.00000000,'0xh7geiF2zvNp2ZrnzRoZTfl9SvJsrimtsEflPG1Eb','Fk6dhszW0WObvzqVVQjIBUGYvX4FIUDhqQx8YPIHjEUIdqLDZNQWQmq8XggVybnq','2025-05-26 07:54:18','2025-05-26 07:54:18'),(1466,73,1724,0.00000000,'TPRjRMu24aVcA6LEEMHziWzteMDw3cwHdu','kWgh8HsJKLrHuY3IYvotxh2jxXxryQLofzB5FDR0bIavoadpSPPMOMaUjQ4szSVv','2025-05-26 07:54:18','2025-05-26 07:54:18'),(1467,73,2110,0.00000000,'0xhA3VrDVLsKhCm6YipGYkGh1ZIgJqTQNbhekUikh8','Fh9PhaEeRrvjWu414DB3IgOlRsotl6gGNvbmDmor84zwGvCmt1yTGzgFLMqgeIju','2025-05-26 07:54:18','2025-05-26 07:54:18'),(1468,74,1713,0.00000000,'0xME542eRWNyLkc8KXcOo5WutefVLR2TrZ7irEUPXs','YknCLsQUWkUxfUr8noDqfhE3RkLZydpc2mRBmBGlpkRCtvoyCvf0onuIJlUtYPUX','2025-05-26 08:01:44','2025-05-26 08:01:44'),(1469,74,1708,0.00000000,'bc1maMUZNBMytAM7DkF7MtPHJfHYhl2htq8ibYwSPLO','0ceuMOhAVLebMosVMjUi7cPRXU4c0O8T6hBHBCtQZgTqO4LPBsQwJeZML2qACOyU','2025-05-26 08:01:44','2025-05-26 08:01:44'),(1470,74,1709,0.00000000,'0xLmgoN0xEEBIWJj3CtxbeWGbxUAoNbogXBtfBQfxm','oUTrcepyOGuYfxyJm0Lqnmh7112kS3cPVQkaRoNYkwIl2rEOgTz6seOG7DPvbyyA','2025-05-26 08:01:44','2025-05-26 08:01:44'),(1471,74,1711,0.00000000,'0xUX3cjFffkYETu9Op3cXy9Y5KZzI1QGulu5waAXvo','vBkSxeSuBT9FkVoX4MuLlMLjQOwm6OuXrGZGANYCV7HOF3rqrTJfKaWTVXwwi5eB','2025-05-26 08:01:44','2025-05-26 08:01:44'),(1472,74,1724,0.00000000,'TViLJUQv6T06jCLJmL7ULrDpDd2fRfbrRn','LRXmwSYk7dnhqB8sm7VIa8EfGBn0SEgtZd8t2U1mhttclTcVIujwFMaOraN9Vbby','2025-05-26 08:01:44','2025-05-26 08:01:44'),(1473,74,2110,0.00000000,'0xFMxi0jpZyeZfwyZ5MhhNkm9Da5uKwaptxo07QzPY','5CeywCzqzEuAZlJdjYvWNDY0YGjD5TLWqFHvYs7uPtolr9jzxWmllGJ9MvgDgi8e','2025-05-26 08:01:44','2025-05-26 08:01:44'),(1474,73,1714,0.00000000,'',NULL,'2025-05-26 09:46:18','2025-05-26 09:46:18'),(1475,74,1714,0.00000000,'',NULL,'2025-05-26 09:52:18','2025-05-26 09:52:18'),(1476,46,1714,0.00000000,'',NULL,'2025-05-26 12:18:50','2025-05-26 12:18:50'),(1477,35,1716,0.00000000,'',NULL,'2025-05-26 13:21:00','2025-05-26 13:21:00'),(1478,55,2012,0.00000000,'',NULL,'2025-05-26 13:53:22','2025-05-26 13:53:22'),(1479,22,1711,0.00000000,'',NULL,'2025-05-27 04:04:21','2025-05-27 04:04:21'),(1480,76,1709,1.00000000,NULL,'hfFutbzAelH9d333FHRk9WG3GeN97aarLsxSIJdZdrXPakYgMJGDhr6oJcsGpGjA','2025-05-27 05:34:30','2025-05-27 08:47:55'),(1481,79,1709,8.00000000,NULL,'mKbpIAx5TSldmQG5A4IOP9bMkiawJnCyNNu7LZsN0hCj7BbUwYuzbO9dfuPRuv98','2025-05-27 05:35:19','2025-05-27 05:35:40'),(1482,80,1713,0.00000000,'0xVAcSq8YDGui6epMQDQhRE4XL3MYtOuHYzkAI6T0i','ZwZMfnrajccFqKDKDlUarLfLWDbxwLX4zCyQJKPp1i6gPmaMyYETUk4MeLsHyU2T','2025-05-27 08:10:38','2025-05-27 08:10:38'),(1483,80,1708,0.00000000,'bc1f5fKl0whOR7LGhszuT07xntwbjgz7ZI44NIJFGQQ','btUFsgMYns3g2PWXSqq8rleG8hcaJZMrYMBKSKJHsf24nZCSJ7D7zbskTtTEDjCr','2025-05-27 08:10:38','2025-05-27 08:10:38'),(1484,80,1709,0.00000000,'0xNsXnvnznvFZBU1vgk74YJCgAuu1625rNKc91HQzM','MtqfVBctSwcMol1SZontzSh52MyZZkM9TIMFKidBWwcLMeWw8gJMUgUbIZC7ZErH','2025-05-27 08:10:38','2025-05-27 08:10:38'),(1485,80,1711,0.00000000,'0xNgHQzvoFrteOJAVsyegLhK65Bb2BFKbxgZieq0JV','2kKEVNpTQSghWqZH8nHbxicfIyHv3Xb9w2XtxBR5n9GF0pzNAREvYgYrD7Twx9Ar','2025-05-27 08:10:38','2025-05-27 08:10:38'),(1486,80,1724,0.00000000,'THgES7skGKQA4yOaQMCaSkXQPhhnNhGiSl','RQlDwMZuPumnAGIYpEzzOliEnQIcvRLddKxGPWhMgzzIbAIXFEwVKjHVzVXKqkmf','2025-05-27 08:10:38','2025-05-27 08:10:38'),(1487,80,2110,0.00000000,'0xHtztEKNhlLgOcTteOCgoQbO2mzPIgndEJxTxF0Iy','2kbndFNu6nzRlVGpJ1rvxxykYPLw5qdRblFxAqOdIowGViqhxpGeBAOFOt19prvn','2025-05-27 08:10:38','2025-05-27 08:10:38');
/*!40000 ALTER TABLE `wallet_cryptos` ENABLE KEYS */;
UNLOCK TABLES;

--
-- Table structure for table `wallets`
--

DROP TABLE IF EXISTS `wallets`;
/*!40101 SET @saved_cs_client     = @@character_set_client */;
/*!40101 SET character_set_client = utf8 */;
CREATE TABLE `wallets` (
  `id` bigint(20) unsigned NOT NULL AUTO_INCREMENT,
  `user_id` bigint(20) unsigned NOT NULL,
  `name` varchar(255) NOT NULL,
  `encrypted_seed_phrase` text NOT NULL,
  `is_default` tinyint(1) NOT NULL DEFAULT 0,
  `created_at` timestamp NULL DEFAULT NULL,
  `updated_at` timestamp NULL DEFAULT NULL,
  PRIMARY KEY (`id`),
  KEY `wallets_user_id_foreign` (`user_id`),
  CONSTRAINT `wallets_user_id_foreign` FOREIGN KEY (`user_id`) REFERENCES `users` (`id`) ON DELETE CASCADE
) ENGINE=InnoDB AUTO_INCREMENT=81 DEFAULT CHARSET=utf8mb4 COLLATE=utf8mb4_unicode_ci;
/*!40101 SET character_set_client = @saved_cs_client */;

--
-- Dumping data for table `wallets`
--

LOCK TABLES `wallets` WRITE;
/*!40000 ALTER TABLE `wallets` DISABLE KEYS */;
INSERT INTO `wallets` VALUES (11,10,'Main Wallet','decrease because dove drive anger feed drink asthma clean evoke cotton bless',1,'2025-04-03 09:04:11','2025-04-03 09:04:11'),(12,11,'Main Wallet','decrease because dove drive anger feed drink asthma clean evoke cotton blesss',1,'2025-04-03 09:05:11','2025-04-03 09:05:11'),(13,12,'Main Wallet','decrease because dove drive anger feed drink asthma clean evoke cotton blesss',1,'2025-04-03 09:13:37','2025-04-03 09:13:37'),(14,13,'Main Wallet','decrease because dove drive anger feed drink asthma clean evoke cotton blesss',1,'2025-04-03 09:14:01','2025-04-03 09:14:01'),(15,14,'Main Wallet','camp crucial drill east cry best auction add entry baby cloth army',1,'2025-04-03 09:14:19','2025-04-03 09:14:19'),(16,15,'Main Wallet','camp crucial drill east cry best auction add entry baby cloth army',1,'2025-04-03 09:15:34','2025-04-03 09:15:34'),(17,1,'Main Wallet','camp crucial drill east cry best auction add entry baby cloth army',0,'2025-04-03 09:16:00','2025-05-17 06:22:02'),(18,1,'Main Wallet','test test test test test test test test test test test test',1,'2025-04-03 10:07:00','2025-05-17 06:22:02'),(20,18,'Main Wallet','debris faith accident betray enough coast adapt act digital favorite between bean',1,'2025-04-04 08:17:42','2025-04-04 08:17:42'),(21,19,'Main Wallet','decrease because dove drive anger feed drink asthma clean evoke cotton bless123',1,'2025-04-05 08:51:34','2025-04-05 08:51:34'),(22,20,'Main Wallet','top top top top top top top top top top top top',1,'2025-04-05 08:56:59','2025-05-23 13:17:11'),(23,21,'Main Wallet','duty sister shoulder horror cross quarter submit walk solid suit alert hurt',1,'2025-04-11 16:43:53','2025-04-11 16:43:53'),(25,23,'Main Wallet','test text thank that theme then theory there they thing this thought',1,'2025-04-13 10:09:56','2025-04-13 10:09:56'),(26,24,'Main Wallet','display slight vault topple engine insect fit jump danger antenna response select',1,'2025-04-13 10:10:22','2025-04-13 10:10:22'),(27,25,'Main Wallet','banana brown horse sun deposit awesome hawk inspire vocal tent inflict capable',1,'2025-04-13 15:13:46','2025-04-13 15:13:46'),(28,26,'Main Wallet','better when broccoli infant dinner chief supreme tuna chunk execute torch once',1,'2025-04-14 09:07:37','2025-04-14 09:07:37'),(29,27,'Main Wallet','athlete atom attack attend attitude attract auction audit august aunt author auto',1,'2025-04-14 09:08:37','2025-04-14 09:08:37'),(30,28,'Main Wallet','banana brown horse sun deposit awesome hawk inspire vocal tent inflict text',1,'2025-04-14 09:12:50','2025-04-14 09:12:50'),(31,30,'Main Wallet','123',1,'2025-05-07 01:51:20','2025-05-07 01:51:20'),(32,31,'Main Wallet','string',1,'2025-05-16 11:19:09','2025-05-16 11:19:09'),(33,32,'Main Wallet','word1 word2 word3 word4 word5 word6 word7 word8 word9 word10 word11 word12',1,'2025-05-16 18:56:12','2025-05-16 18:56:12'),(34,33,'Main Wallet','word1 word2 word3 word4 word5 word6 word7 word8 word9 word10 word11 word12',1,'2025-05-16 18:56:51','2025-05-16 18:56:51'),(35,34,'Main Wallet','square swap attract pumpkin cruel before bike isolate best auto isolate tree',1,'2025-05-16 19:09:28','2025-05-16 19:09:28'),(36,35,'Main Wallet','banana brown horse sun deposit awesome hawk inspire vocal tent inflict text',1,'2025-05-16 20:14:27','2025-05-16 20:14:27'),(37,36,'Main Wallet','banana brown horse sun deposit awesome hawk inspire vocal tent inflict text',1,'2025-05-16 20:14:35','2025-05-16 20:14:35'),(38,37,'Main Wallet','banana brown horse sun deposit awesome hawk inspire vocal tent inflict text',1,'2025-05-16 20:14:38','2025-05-16 20:14:38'),(39,38,'Main Wallet','banana brown horse sun deposit awesome hawk inspire vocal tent inflict text',1,'2025-05-16 20:15:39','2025-05-16 20:15:39'),(40,39,'Main Wallet','banana brown horse sun deposit awesome hawk inspire vocal tent inflict text',1,'2025-05-16 20:16:06','2025-05-16 20:16:06'),(41,40,'Main Wallet','banana brown horse sun deposit awesome hawk inspire vocal tent inflict text',1,'2025-05-16 20:16:36','2025-05-16 20:16:36'),(42,41,'Main Wallet','word1 word2 word3 word4 word5 word6 word7 word8 word9 word10 word11 word12',1,'2025-05-16 21:24:23','2025-05-16 21:24:23'),(43,42,'Main Wallet','word word word word word word word word word word word word',1,'2025-05-16 21:30:52','2025-05-16 21:30:52'),(44,43,'Main Wallet','fsdfsdfsdf fsafsg fsafsdgf fsadfsf fsfas fsdfsfsd fsadfs fsafsdfsd fsafsfasd fsafsda fsafs fsafas',1,'2025-05-16 22:07:45','2025-05-16 22:07:45'),(45,44,'Main Wallet','1 2 3 4 5 6 7 8 9 10 11 12',1,'2025-05-17 00:07:26','2025-05-17 00:07:26'),(46,45,'Main Wallet','word1 word2 word3 word4 word5 word6 word7 word8 word9 word10 word11 word12',1,'2025-05-17 13:44:39','2025-05-17 13:44:39'),(47,46,'Main Wallet','general rug action dizzy paper explain build tray talk stumble quality volcano',1,'2025-05-17 20:12:26','2025-05-17 20:12:26'),(48,47,'Main Wallet','general rug action dizzy paper explain build tray talk stumble quality volcano',1,'2025-05-17 20:19:47','2025-05-17 20:19:47'),(49,48,'Main Wallet','w e f g fsd f w t 4 h 4 gb',1,'2025-05-18 00:12:23','2025-05-18 00:12:23'),(50,49,'Main Wallet','123 123 123 13 123 123 123 123 123 123 123 123',1,'2025-05-19 01:20:47','2025-05-19 01:20:47'),(51,50,'Main Wallet','www www ww ww ww www ww www www www www ww',1,'2025-05-19 22:13:17','2025-05-21 09:26:41'),(52,50,'Tested Named1','{\"salt\":\"VVRMSFlzOHJsMTFlQU9mMg==\",\"iv\":\"beFdIDHmeuk2d333ZTsx8A==\",\"encrypted\":\"RUVqUkxJMDcyK1QxVW1NQVNaOGIzbGtseHgwN1djRm4yUG9HY2VKWmFPdk91TzdqbWp1b2NkRlZ3bFFHTTZUWm81K0psZ3JLaWpEbTU1c29scTNySzNTVWVWUjJIUmM5TVdwblZ2RFZkclk9\"}',0,'2025-05-19 22:35:49','2025-05-21 09:26:41'),(53,51,'Main Wallet','word1 word2 word3 word4 word5 word6 word7 word8 word9 word10 word11 word12',1,'2025-05-19 23:27:11','2025-05-19 23:27:11'),(54,52,'Main Wallet','wasp universe yard coin wine bench symptom meadow argue actual coral crater',1,'2025-05-21 10:02:47','2025-05-21 10:02:47'),(55,53,'Main Wallet','start start start start start start start start start start start start',1,'2025-05-22 02:20:15','2025-05-22 09:35:52'),(56,20,'per@Per12','top top top top top top top top top top top top',0,'2025-05-22 05:50:25','2025-05-23 13:17:11'),(57,53,'per@Per12','hat hat hat hat hat hat hat hat hat hat hat hat',0,'2025-05-22 09:35:10','2025-05-22 09:35:52'),(58,54,'Main Wallet','tes yes yes yes yes yes yes yes yes yes yes yes',1,'2025-05-22 09:58:32','2025-05-22 09:58:32'),(59,55,'Main Wallet','gap gap gap gap gap gap gap gap gap gap gap gap',1,'2025-05-22 10:24:56','2025-05-22 10:24:56'),(60,56,'Main Wallet','hek hek hek hek hek hek hek hek hek hek hek hek',1,'2025-05-22 12:29:17','2025-05-22 12:29:17'),(61,57,'Main Wallet','social spot thank pioneer pluck submit vocal decline essay betray state ramp',1,'2025-05-23 10:19:52','2025-05-23 10:19:52'),(62,58,'Main Wallet','law scrap guess estate roast lawsuit exhaust crucial execute oblige outer frozen',1,'2025-05-23 10:25:15','2025-05-23 10:25:15'),(63,59,'Main Wallet','erode desert seek divide conduct more chunk only tell seed common chair',1,'2025-05-23 10:32:03','2025-05-23 10:32:03'),(64,60,'Main Wallet','render claw hill leg route melody grass caution around knife canvas boil',1,'2025-05-23 10:46:51','2025-05-23 10:46:51'),(65,61,'Main Wallet','123123 123 123 123 123 213 123 123 123 123 123 123',1,'2025-05-23 11:30:25','2025-05-23 11:31:38'),(66,61,'NEW ADDED','square swap attract pumpkin cruel before bike isolate best auto isolate tree',0,'2025-05-23 11:31:28','2025-05-23 11:31:38'),(67,62,'Main Wallet','change supply mushroom explain transfer between search join invest absorb family lazy manage flash coin',1,'2025-05-23 13:17:56','2025-05-23 13:17:56'),(68,63,'Main Wallet','kd sh ne jd ne us jd dh dj sh dj hd',1,'2025-05-23 15:15:33','2025-05-23 15:15:33'),(69,64,'Main Wallet','federal rely trial mask loyal element deposit entire pool naive pause pulp',1,'2025-05-24 03:33:31','2025-05-24 03:33:31'),(70,65,'Main Wallet','just pave loop ball adapt fresh faculty ethics nurse swarm animal rice',1,'2025-05-25 05:18:30','2025-05-25 05:18:30'),(71,66,'Main Wallet','plunge pulse group peasant foam degree huge pact budget thunder wish aspect',1,'2025-05-25 06:20:52','2025-05-25 06:20:52'),(72,34,'Test','wasp universe yard coin wine bench symptom meadow argue actual coral crater',0,'2025-05-25 08:47:55','2025-05-25 08:47:55'),(73,67,'Main Wallet','drink number comfort basic soon bulb wear lecture plate bullet pact blossom',1,'2025-05-26 07:54:18','2025-05-26 07:54:18'),(74,68,'Main Wallet','mango soft target law typical cactus ankle breeze grow divide sniff practice',1,'2025-05-26 08:01:44','2025-05-26 08:01:44'),(75,68,'Wallet','retire pave warfare shed abstract cloth upgrade dice file absent stove kid',0,'2025-05-26 09:52:01','2025-05-26 09:52:01'),(76,69,'Main Wallet','uphold rare click paddle actress firm quarter couple galaxy auction recipe bachelor',1,'2025-05-27 04:45:13','2025-05-27 04:45:13'),(78,71,'Main Wallet','hobby news inflict swim abuse duck wrap napkin slow barrel hurry curve',1,'2025-05-27 04:53:14','2025-05-27 04:53:14'),(79,72,'Main Wallet','brave trust seek water joke pear aisle wet earth enroll cover window',1,'2025-05-27 04:56:17','2025-05-27 04:56:17'),(80,73,'Main Wallet','uphold rare click paddle actress firm quarter couple galaxy auction recipe bachelor',1,'2025-05-27 08:10:38','2025-05-27 08:10:38');
/*!40000 ALTER TABLE `wallets` ENABLE KEYS */;
UNLOCK TABLES;
/*!40103 SET TIME_ZONE=@OLD_TIME_ZONE */;

/*!40101 SET SQL_MODE=@OLD_SQL_MODE */;
/*!40014 SET FOREIGN_KEY_CHECKS=@OLD_FOREIGN_KEY_CHECKS */;
/*!40014 SET UNIQUE_CHECKS=@OLD_UNIQUE_CHECKS */;
/*!40101 SET CHARACTER_SET_CLIENT=@OLD_CHARACTER_SET_CLIENT */;
/*!40101 SET CHARACTER_SET_RESULTS=@OLD_CHARACTER_SET_RESULTS */;
/*!40101 SET COLLATION_CONNECTION=@OLD_COLLATION_CONNECTION */;
/*!40111 SET SQL_NOTES=@OLD_SQL_NOTES */;

-- Dump completed on 2025-05-27 20:24:46
